user_id,recency_days,frequency,monetary,recency_score,frequency_score,monetary_score,rfm_total,never_booked,segment,recommended_perk,priority_tier
23557,0.0,2,3670.5,3,1,3,7,False,Promising (High-Value),Tiered loyalty benefits + early access to sales + free cancellation (2 bookings),1
94883,6.5,2,130.0,2,1,1,4,False,About to Sleep,Re-engagement: 18% off + free hotel voucher + last-chance exclusive,4
101486,9.0,2,2199.0,1,1,3,5,False,Hibernating,Soft re-engagement: 10% off + new feature notification (minimal investment),5
101961,5.6,5,2429.0,3,3,3,9,False,Champions,Loyalty rewards + quarterly exclusive offers + referral bonus,2
106907,0.0,0,0.0,1,1,1,3,True,Hibernating,Soft re-engagement: 10% off + new feature notification (minimal investment),5
118043,8.666666666666666,5,5616.45,1,3,3,7,False,Do Not Lose,Win-back: 18% off next 3 bookings + free upgrade + personalised re-engagement,1
120851,7.0,1,2002.0,2,1,2,5,False,About to Sleep,Re-engagement: 18% off + free hotel voucher + last-chance exclusive,4
125845,8.333333333333332,3,689.0,1,2,1,4,False,At Risk,Basic re-engagement: 12% off + flash sale notification,5
133058,6.0,1,0.0,3,1,1,5,False,Promising (Growth),First-booking incentive: 12% off + free cancellation on first 2 bookings,4
149058,5.8,5,5373.0,3,3,3,9,False,Champions,Loyalty rewards + quarterly exclusive offers + referral bonus,2
152583,8.0,1,426.0,1,1,1,3,False,Hibernating,Soft re-engagement: 10% off + new feature notification (minimal investment),5
153982,8.666666666666666,3,681.0,1,2,1,4,False,At Risk,Basic re-engagement: 12% off + flash sale notification,5
160754,11.0,1,428.0,1,1,1,3,False,Hibernating,Soft re-engagement: 10% off + new feature notification (minimal investment),5
164522,8.0,1,3029.0,1,1,3,5,False,Hibernating,Soft re-engagement: 10% off + new feature notification (minimal investment),5
167852,0.0,0,0.0,1,1,1,3,True,Hibernating,Soft re-engagement: 10% off + new feature notification (minimal investment),5
171470,0.0,0,0.0,1,1,1,3,True,Hibernating,Soft re-engagement: 10% off + new feature notification (minimal investment),5
174997,7.5,2,448.0,2,1,1,4,False,About to Sleep,Re-engagement: 18% off + free hotel voucher + last-chance exclusive,4
175032,5.5,3,3243.6,3,2,3,8,False,Potential Champions,Frequency incentive: 10% off next 5 bookings + bundle deals + exclusive previews,3
181157,5.333333333333333,3,4987.8,3,2,3,8,False,Potential Champions,Frequency incentive: 10% off next 5 bookings + bundle deals + exclusive previews,3
182191,0.0,0,0.0,1,1,1,3,True,Hibernating,Soft re-engagement: 10% off + new feature notification (minimal investment),5
187212,8.0,3,904.0,1,2,2,5,False,At Risk,Basic re-engagement: 12% off + flash sale notification,5
189676,4.0,2,5001.0,3,1,3,7,False,Promising (High-Value),Tiered loyalty benefits + early access to sales + free cancellation (2 bookings),1
190866,7.2,5,1359.0,2,3,2,7,False,Loyal Customers,Free checked bag + 10% loyalty discount + priority service,2
195192,15.0,1,320.0,1,1,1,3,False,Hibernating,Soft re-engagement: 10% off + new feature notification (minimal investment),5
204943,8.0,5,3820.0,1,3,3,7,False,Do Not Lose,Win-back: 18% off next 3 bookings + free upgrade + personalised re-engagement,1
204997,7.0,2,284.0,2,1,1,4,False,About to Sleep,Re-engagement: 18% off + free hotel voucher + last-chance exclusive,4
205044,6.0,3,5642.0,3,2,3,8,False,Potential Champions,Frequency incentive: 10% off next 5 bookings + bundle deals + exclusive previews,3
206011,5.5,4,1055.0,3,3,2,8,False,Champions,Loyalty rewards + quarterly exclusive offers + referral bonus,2
216796,0.0,0,0.0,1,1,1,3,True,Hibernating,Soft re-engagement: 10% off + new feature notification (minimal investment),5
217114,0.0,0,0.0,1,1,1,3,True,Hibernating,Soft re-engagement: 10% off + new feature notification (minimal investment),5
217136,7.0,2,659.0,2,1,1,4,False,About to Sleep,Re-engagement: 18% off + free hotel voucher + last-chance exclusive,4
220725,5.0,3,962.0,3,2,2,7,False,Potential Champions,Frequency incentive: 10% off next 5 bookings + bundle deals + exclusive previews,3
224996,8.0,2,0.0,1,1,1,3,False,Hibernating,Soft re-engagement: 10% off + new feature notification (minimal investment),5
226367,7.0,3,1864.0,2,2,2,6,False,Need Attention,Engagement bonus: 12% off + free baggage + loyalty enrolment incentive,3
228195,0.0,0,0.0,1,1,1,3,True,Hibernating,Soft re-engagement: 10% off + new feature notification (minimal investment),5
228872,5.0,2,1288.0,3,1,2,6,False,Promising (Growth),First-booking incentive: 12% off + free cancellation on first 2 bookings,4
229009,8.5,2,474.0,1,1,1,3,False,Hibernating,Soft re-engagement: 10% off + new feature notification (minimal investment),5
229108,0.0,0,0.0,1,1,1,3,True,Hibernating,Soft re-engagement: 10% off + new feature notification (minimal investment),5
229330,7.25,4,3193.0,2,3,3,8,False,Loyal Customers,Free checked bag + 10% loyalty discount + priority service,2
232647,7.0,2,2343.0,2,1,3,6,False,About to Sleep,Re-engagement: 18% off + free hotel voucher + last-chance exclusive,4
249521,8.0,2,369.4,1,1,1,3,False,Hibernating,Soft re-engagement: 10% off + new feature notification (minimal investment),5
252835,7.4,5,1460.0,2,3,2,7,False,Loyal Customers,Free checked bag + 10% loyalty discount + priority service,2
258451,0.0,0,0.0,1,1,1,3,True,Hibernating,Soft re-engagement: 10% off + new feature notification (minimal investment),5
264470,8.0,2,2127.0,1,1,3,5,False,Hibernating,Soft re-engagement: 10% off + new feature notification (minimal investment),5
276512,10.0,1,100.0,1,1,1,3,False,Hibernating,Soft re-engagement: 10% off + new feature notification (minimal investment),5
281952,7.0,2,236.3,2,1,1,4,False,About to Sleep,Re-engagement: 18% off + free hotel voucher + last-chance exclusive,4
283325,5.0,2,2884.0,3,1,3,7,False,Promising (High-Value),Tiered loyalty benefits + early access to sales + free cancellation (2 bookings),1
290123,6.142857142857143,7,3583.0,2,3,3,8,False,Loyal Customers,Free checked bag + 10% loyalty discount + priority service,2
297546,5.0,5,3542.0,3,3,3,9,False,Champions,Loyalty rewards + quarterly exclusive offers + referral bonus,2
298253,6.0,1,0.0,3,1,1,5,False,Promising (Growth),First-booking incentive: 12% off + free cancellation on first 2 bookings,4
299476,7.0,1,71.0,2,1,1,4,False,About to Sleep,Re-engagement: 18% off + free hotel voucher + last-chance exclusive,4
306165,0.0,0,0.0,1,1,1,3,True,Hibernating,Soft re-engagement: 10% off + new feature notification (minimal investment),5
306819,4.0,1,370.0,3,1,1,5,False,Promising (Growth),First-booking incentive: 12% off + free cancellation on first 2 bookings,4
312488,6.0,1,0.0,3,1,1,5,False,Promising (Growth),First-booking incentive: 12% off + free cancellation on first 2 bookings,4
313724,5.666666666666666,4,3217.0,3,3,3,9,False,Champions,Loyalty rewards + quarterly exclusive offers + referral bonus,2
316527,7.25,4,5658.3,2,3,3,8,False,Loyal Customers,Free checked bag + 10% loyalty discount + priority service,2
317688,8.0,4,1076.0,1,3,2,6,False,Do Not Lose,Win-back: 18% off next 3 bookings + free upgrade + personalised re-engagement,1
322867,6.0,1,1323.0,3,1,2,6,False,Promising (Growth),First-booking incentive: 12% off + free cancellation on first 2 bookings,4
324191,9.5,2,1610.0,1,1,2,4,False,Hibernating,Soft re-engagement: 10% off + new feature notification (minimal investment),5
328590,8.0,2,2596.25,1,1,3,5,False,Hibernating,Soft re-engagement: 10% off + new feature notification (minimal investment),5
330764,0.0,2,1094.0,3,1,2,6,False,Promising (Growth),First-booking incentive: 12% off + free cancellation on first 2 bookings,4
330893,5.333333333333333,3,750.0,3,2,1,6,False,Potential Champions,Frequency incentive: 10% off next 5 bookings + bundle deals + exclusive previews,3
331039,0.0,0,0.0,1,1,1,3,True,Hibernating,Soft re-engagement: 10% off + new feature notification (minimal investment),5
334787,5.0,3,864.0,3,2,2,7,False,Potential Champions,Frequency incentive: 10% off next 5 bookings + bundle deals + exclusive previews,3
337227,0.0,0,0.0,1,1,1,3,True,Hibernating,Soft re-engagement: 10% off + new feature notification (minimal investment),5
338086,7.0,2,152.0,2,1,1,4,False,About to Sleep,Re-engagement: 18% off + free hotel voucher + last-chance exclusive,4
340166,0.0,1,474.0,3,1,1,5,False,Promising (Growth),First-booking incentive: 12% off + free cancellation on first 2 bookings,4
343928,170.5,2,348.0,1,1,1,3,False,Hibernating,Soft re-engagement: 10% off + new feature notification (minimal investment),5
347778,5.6,5,4474.0,3,3,3,9,False,Champions,Loyalty rewards + quarterly exclusive offers + referral bonus,2
348817,5.333333333333333,4,2622.0,3,3,3,9,False,Champions,Loyalty rewards + quarterly exclusive offers + referral bonus,2
348863,0.0,0,0.0,1,1,1,3,True,Hibernating,Soft re-engagement: 10% off + new feature notification (minimal investment),5
349132,6.5,3,3516.1,2,2,3,7,False,Need Attention,Engagement bonus: 12% off + free baggage + loyalty enrolment incentive,3
350648,0.0,0,0.0,1,1,1,3,True,Hibernating,Soft re-engagement: 10% off + new feature notification (minimal investment),5
353271,5.0,1,0.0,3,1,1,5,False,Promising (Growth),First-booking incentive: 12% off + free cancellation on first 2 bookings,4
353694,7.5,2,1634.0,2,1,2,5,False,About to Sleep,Re-engagement: 18% off + free hotel voucher + last-chance exclusive,4
354050,7.6,5,2301.6,1,3,3,7,False,Do Not Lose,Win-back: 18% off next 3 bookings + free upgrade + personalised re-engagement,1
354260,10.5,2,520.0,1,1,1,3,False,Hibernating,Soft re-engagement: 10% off + new feature notification (minimal investment),5
354311,7.0,2,291.0,2,1,1,4,False,About to Sleep,Re-engagement: 18% off + free hotel voucher + last-chance exclusive,4
354950,4.0,1,762.0,3,1,1,5,False,Promising (Growth),First-booking incentive: 12% off + free cancellation on first 2 bookings,4
356046,8.0,2,705.0,1,1,1,3,False,Hibernating,Soft re-engagement: 10% off + new feature notification (minimal investment),5
357737,6.333333333333333,4,1236.1,2,3,2,7,False,Loyal Customers,Free checked bag + 10% loyalty discount + priority service,2
359072,8.0,2,447.0,1,1,1,3,False,Hibernating,Soft re-engagement: 10% off + new feature notification (minimal investment),5
359080,76.25,4,1383.0,1,3,2,6,False,Do Not Lose,Win-back: 18% off next 3 bookings + free upgrade + personalised re-engagement,1
359653,6.5,2,649.2,2,1,1,4,False,About to Sleep,Re-engagement: 18% off + free hotel voucher + last-chance exclusive,4
361459,6.0,1,165.0,3,1,1,5,False,Promising (Growth),First-booking incentive: 12% off + free cancellation on first 2 bookings,4
361759,7.75,4,119.7,1,3,1,5,False,Do Not Lose,Win-back: 18% off next 3 bookings + free upgrade + personalised re-engagement,1
363535,8.5,2,355.0,1,1,1,3,False,Hibernating,Soft re-engagement: 10% off + new feature notification (minimal investment),5
365825,6.0,1,950.0,3,1,2,6,False,Promising (Growth),First-booking incentive: 12% off + free cancellation on first 2 bookings,4
371201,8.0,1,0.0,1,1,1,3,False,Hibernating,Soft re-engagement: 10% off + new feature notification (minimal investment),5
372970,6.0,2,408.0,3,1,1,5,False,Promising (Growth),First-booking incentive: 12% off + free cancellation on first 2 bookings,4
373489,223.0,1,1224.0,1,1,2,4,False,Hibernating,Soft re-engagement: 10% off + new feature notification (minimal investment),5
374331,0.0,1,6720.0,3,1,3,7,False,Promising (High-Value),Tiered loyalty benefits + early access to sales + free cancellation (2 bookings),1
374340,336.0,1,0.0,1,1,1,3,False,Hibernating,Soft re-engagement: 10% off + new feature notification (minimal investment),5
374341,0.0,3,6840.0,3,2,3,8,False,Potential Champions,Frequency incentive: 10% off next 5 bookings + bundle deals + exclusive previews,3
375160,0.0,0,0.0,1,1,1,3,True,Hibernating,Soft re-engagement: 10% off + new feature notification (minimal investment),5
375729,6.0,3,1667.0,3,2,2,7,False,Potential Champions,Frequency incentive: 10% off next 5 bookings + bundle deals + exclusive previews,3
375751,8.0,3,999.0,1,2,2,5,False,At Risk,Basic re-engagement: 12% off + flash sale notification,5
376159,9.0,2,708.0,1,1,1,3,False,Hibernating,Soft re-engagement: 10% off + new feature notification (minimal investment),5
377069,0.0,0,0.0,1,1,1,3,True,Hibernating,Soft re-engagement: 10% off + new feature notification (minimal investment),5
377411,5.0,2,1026.0,3,1,2,6,False,Promising (Growth),First-booking incentive: 12% off + free cancellation on first 2 bookings,4
378565,4.5,5,8600.0,3,3,3,9,False,Champions,Loyalty rewards + quarterly exclusive offers + referral bonus,2
379543,6.0,3,1535.0,3,2,2,7,False,Potential Champions,Frequency incentive: 10% off next 5 bookings + bundle deals + exclusive previews,3
380434,9.33333333333333,3,1426.0,1,2,2,5,False,At Risk,Basic re-engagement: 12% off + flash sale notification,5
380436,9.0,1,594.0,1,1,1,3,False,Hibernating,Soft re-engagement: 10% off + new feature notification (minimal investment),5
380757,7.666666666666665,3,1310.35,1,2,2,5,False,At Risk,Basic re-engagement: 12% off + flash sale notification,5
380874,7.333333333333333,3,405.6,2,2,1,5,False,Need Attention,Engagement bonus: 12% off + free baggage + loyalty enrolment incentive,3
380949,7.0,4,1654.0,2,3,2,7,False,Loyal Customers,Free checked bag + 10% loyalty discount + priority service,2
381259,5.0,1,68.0,3,1,1,5,False,Promising (Growth),First-booking incentive: 12% off + free cancellation on first 2 bookings,4
381465,6.0,3,2976.0,3,2,3,8,False,Potential Champions,Frequency incentive: 10% off next 5 bookings + bundle deals + exclusive previews,3
382181,5.333333333333333,3,672.0,3,2,1,6,False,Potential Champions,Frequency incentive: 10% off next 5 bookings + bundle deals + exclusive previews,3
382384,9.0,1,0.0,1,1,1,3,False,Hibernating,Soft re-engagement: 10% off + new feature notification (minimal investment),5
382533,0.0,0,0.0,1,1,1,3,True,Hibernating,Soft re-engagement: 10% off + new feature notification (minimal investment),5
385689,7.333333333333333,4,3545.0,2,3,3,8,False,Loyal Customers,Free checked bag + 10% loyalty discount + priority service,2
386255,0.0,1,2144.0,3,1,3,7,False,Promising (High-Value),Tiered loyalty benefits + early access to sales + free cancellation (2 bookings),1
386469,0.0,0,0.0,1,1,1,3,True,Hibernating,Soft re-engagement: 10% off + new feature notification (minimal investment),5
386914,7.0,1,577.8,2,1,1,4,False,About to Sleep,Re-engagement: 18% off + free hotel voucher + last-chance exclusive,4
387282,0.0,1,3564.0,3,1,3,7,False,Promising (High-Value),Tiered loyalty benefits + early access to sales + free cancellation (2 bookings),1
387783,8.0,3,2649.0,1,2,3,6,False,At Risk (High Value),Aggressive win-back: 22% off + lounge access + concierge outreach,1
388328,6.666666666666666,5,4770.9,2,3,3,8,False,Loyal Customers,Free checked bag + 10% loyalty discount + priority service,2
388767,5.0,1,1890.0,3,1,2,6,False,Promising (Growth),First-booking incentive: 12% off + free cancellation on first 2 bookings,4
388947,7.333333333333333,3,684.0,2,2,1,5,False,Need Attention,Engagement bonus: 12% off + free baggage + loyalty enrolment incentive,3
389434,5.75,4,1202.0,3,3,2,8,False,Champions,Loyalty rewards + quarterly exclusive offers + referral bonus,2
389662,8.5,3,815.0,1,2,1,4,False,At Risk,Basic re-engagement: 12% off + flash sale notification,5
389759,5.666666666666666,3,2384.0,3,2,3,8,False,Potential Champions,Frequency incentive: 10% off next 5 bookings + bundle deals + exclusive previews,3
390811,7.0,3,1278.0,2,2,2,6,False,Need Attention,Engagement bonus: 12% off + free baggage + loyalty enrolment incentive,3
392453,7.0,1,1166.0,2,1,2,5,False,About to Sleep,Re-engagement: 18% off + free hotel voucher + last-chance exclusive,4
395202,0.0,1,2964.0,3,1,3,7,False,Promising (High-Value),Tiered loyalty benefits + early access to sales + free cancellation (2 bookings),1
395981,9.33333333333333,3,1399.0,1,2,2,5,False,At Risk,Basic re-engagement: 12% off + flash sale notification,5
396552,7.5,4,450.0,2,3,1,6,False,Loyal Customers,Free checked bag + 10% loyalty discount + priority service,2
399137,6.5,4,6424.0,2,3,3,8,False,Loyal Customers,Free checked bag + 10% loyalty discount + priority service,2
399218,6.5,2,246.0,2,1,1,4,False,About to Sleep,Re-engagement: 18% off + free hotel voucher + last-chance exclusive,4
399799,6.25,4,609.0,2,3,1,6,False,Loyal Customers,Free checked bag + 10% loyalty discount + priority service,2
400275,9.0,2,1052.0,1,1,2,4,False,Hibernating,Soft re-engagement: 10% off + new feature notification (minimal investment),5
400582,6.666666666666666,4,2549.0,2,3,3,8,False,Loyal Customers,Free checked bag + 10% loyalty discount + priority service,2
400899,5.333333333333333,3,2230.0,3,2,3,8,False,Potential Champions,Frequency incentive: 10% off next 5 bookings + bundle deals + exclusive previews,3
401245,7.0,3,722.0,2,2,1,5,False,Need Attention,Engagement bonus: 12% off + free baggage + loyalty enrolment incentive,3
402332,13.5,2,103.55,1,1,1,3,False,Hibernating,Soft re-engagement: 10% off + new feature notification (minimal investment),5
402978,5.25,4,1831.0,3,3,2,8,False,Champions,Loyalty rewards + quarterly exclusive offers + referral bonus,2
403881,7.5,4,1792.0,2,3,2,7,False,Loyal Customers,Free checked bag + 10% loyalty discount + priority service,2
404879,7.0,4,5029.0,2,3,3,8,False,Loyal Customers,Free checked bag + 10% loyalty discount + priority service,2
405305,10.333333333333332,3,1282.0,1,2,2,5,False,At Risk,Basic re-engagement: 12% off + flash sale notification,5
406210,157.0,2,1326.0,1,1,2,4,False,Hibernating,Soft re-engagement: 10% off + new feature notification (minimal investment),5
407118,7.0,2,1896.0,2,1,2,5,False,About to Sleep,Re-engagement: 18% off + free hotel voucher + last-chance exclusive,4
407250,5.5,4,1025.0,3,3,2,8,False,Champions,Loyalty rewards + quarterly exclusive offers + referral bonus,2
407275,5.5,4,2414.0,3,3,3,9,False,Champions,Loyalty rewards + quarterly exclusive offers + referral bonus,2
407434,0.0,1,3186.0,3,1,3,7,False,Promising (High-Value),Tiered loyalty benefits + early access to sales + free cancellation (2 bookings),1
407642,8.0,2,750.0,1,1,1,3,False,Hibernating,Soft re-engagement: 10% off + new feature notification (minimal investment),5
408551,4.5,2,944.0,3,1,2,6,False,Promising (Growth),First-booking incentive: 12% off + free cancellation on first 2 bookings,4
409073,6.333333333333333,3,803.0,2,2,1,5,False,Need Attention,Engagement bonus: 12% off + free baggage + loyalty enrolment incentive,3
411179,11.0,2,4483.0,1,1,3,5,False,Hibernating,Soft re-engagement: 10% off + new feature notification (minimal investment),5
411701,16.0,2,316.0,1,1,1,3,False,Hibernating,Soft re-engagement: 10% off + new feature notification (minimal investment),5
413128,6.25,5,12053.2,2,3,3,8,False,Loyal Customers,Free checked bag + 10% loyalty discount + priority service,2
413340,8.333333333333332,3,1096.0,1,2,2,5,False,At Risk,Basic re-engagement: 12% off + flash sale notification,5
413418,9.5,3,210.0,1,2,1,4,False,At Risk,Basic re-engagement: 12% off + flash sale notification,5
413658,8.0,2,1593.0,1,1,2,4,False,Hibernating,Soft re-engagement: 10% off + new feature notification (minimal investment),5
414128,9.666666666666666,4,4609.4,1,3,3,7,False,Do Not Lose,Win-back: 18% off next 3 bookings + free upgrade + personalised re-engagement,1
415282,7.5,2,2892.0,2,1,3,6,False,About to Sleep,Re-engagement: 18% off + free hotel voucher + last-chance exclusive,4
415381,5.666666666666666,3,704.0,3,2,1,6,False,Potential Champions,Frequency incentive: 10% off next 5 bookings + bundle deals + exclusive previews,3
415581,8.666666666666666,3,2036.0,1,2,2,5,False,At Risk,Basic re-engagement: 12% off + flash sale notification,5
416319,7.5,2,219.0,2,1,1,4,False,About to Sleep,Re-engagement: 18% off + free hotel voucher + last-chance exclusive,4
416580,5.0,4,762.0,3,3,1,7,False,Champions,Loyalty rewards + quarterly exclusive offers + referral bonus,2
417679,7.8,5,2098.1,1,3,3,7,False,Do Not Lose,Win-back: 18% off next 3 bookings + free upgrade + personalised re-engagement,1
418329,6.666666666666666,3,2884.7,2,2,3,7,False,Need Attention,Engagement bonus: 12% off + free baggage + loyalty enrolment incentive,3
418488,4.5,4,2199.0,3,3,3,9,False,Champions,Loyalty rewards + quarterly exclusive offers + referral bonus,2
418692,5.5,2,318.0,3,1,1,5,False,Promising (Growth),First-booking incentive: 12% off + free cancellation on first 2 bookings,4
420648,6.5,3,2676.0,2,2,3,7,False,Need Attention,Engagement bonus: 12% off + free baggage + loyalty enrolment incentive,3
420669,9.0,2,1566.0,1,1,2,4,False,Hibernating,Soft re-engagement: 10% off + new feature notification (minimal investment),5
421247,6.75,4,1586.9,2,3,2,7,False,Loyal Customers,Free checked bag + 10% loyalty discount + priority service,2
421515,5.0,2,351.05,3,1,1,5,False,Promising (Growth),First-booking incentive: 12% off + free cancellation on first 2 bookings,4
421666,10.0,1,79.0,1,1,1,3,False,Hibernating,Soft re-engagement: 10% off + new feature notification (minimal investment),5
421700,7.333333333333333,3,2695.8,2,2,3,7,False,Need Attention,Engagement bonus: 12% off + free baggage + loyalty enrolment incentive,3
421870,79.66666666666666,3,1435.0,1,2,2,5,False,At Risk,Basic re-engagement: 12% off + flash sale notification,5
422066,8.0,4,2910.0,1,3,3,7,False,Do Not Lose,Win-back: 18% off next 3 bookings + free upgrade + personalised re-engagement,1
422668,0.0,0,0.0,1,1,1,3,True,Hibernating,Soft re-engagement: 10% off + new feature notification (minimal investment),5
423042,5.0,5,1696.8,3,3,2,8,False,Champions,Loyalty rewards + quarterly exclusive offers + referral bonus,2
423413,0.0,1,10760.0,3,1,3,7,False,Promising (High-Value),Tiered loyalty benefits + early access to sales + free cancellation (2 bookings),1
424553,11.0,3,1798.0,1,2,2,5,False,At Risk,Basic re-engagement: 12% off + flash sale notification,5
425632,5.5,3,2280.0,3,2,3,8,False,Potential Champions,Frequency incentive: 10% off next 5 bookings + bundle deals + exclusive previews,3
425653,0.0,0,0.0,1,1,1,3,True,Hibernating,Soft re-engagement: 10% off + new feature notification (minimal investment),5
425953,8.0,4,1162.85,1,3,2,6,False,Do Not Lose,Win-back: 18% off next 3 bookings + free upgrade + personalised re-engagement,1
425966,8.0,2,372.0,1,1,1,3,False,Hibernating,Soft re-engagement: 10% off + new feature notification (minimal investment),5
426478,0.0,1,963.9,3,1,2,6,False,Promising (Growth),First-booking incentive: 12% off + free cancellation on first 2 bookings,4
427426,12.666666666666666,3,134.0,1,2,1,4,False,At Risk,Basic re-engagement: 12% off + flash sale notification,5
427506,7.5,2,458.2,2,1,1,4,False,About to Sleep,Re-engagement: 18% off + free hotel voucher + last-chance exclusive,4
428056,7.0,4,1607.0,2,3,2,7,False,Loyal Customers,Free checked bag + 10% loyalty discount + priority service,2
428552,6.5,2,610.0,2,1,1,4,False,About to Sleep,Re-engagement: 18% off + free hotel voucher + last-chance exclusive,4
428858,12.0,2,4072.0,1,1,3,5,False,Hibernating,Soft re-engagement: 10% off + new feature notification (minimal investment),5
429345,0.0,1,714.0,3,1,1,5,False,Promising (Growth),First-booking incentive: 12% off + free cancellation on first 2 bookings,4
429375,7.0,2,753.0,2,1,1,4,False,About to Sleep,Re-engagement: 18% off + free hotel voucher + last-chance exclusive,4
430722,6.0,2,921.4,3,1,2,6,False,Promising (Growth),First-booking incentive: 12% off + free cancellation on first 2 bookings,4
431144,8.0,2,1488.0,1,1,2,4,False,Hibernating,Soft re-engagement: 10% off + new feature notification (minimal investment),5
431337,8.0,3,1459.0,1,2,2,5,False,At Risk,Basic re-engagement: 12% off + flash sale notification,5
431602,6.0,2,588.0,3,1,1,5,False,Promising (Growth),First-booking incentive: 12% off + free cancellation on first 2 bookings,4
431746,6.0,1,207.1,3,1,1,5,False,Promising (Growth),First-booking incentive: 12% off + free cancellation on first 2 bookings,4
431899,0.0,0,0.0,1,1,1,3,True,Hibernating,Soft re-engagement: 10% off + new feature notification (minimal investment),5
431912,5.0,1,0.0,3,1,1,5,False,Promising (Growth),First-booking incentive: 12% off + free cancellation on first 2 bookings,4
432333,13.0,2,1460.0,1,1,2,4,False,Hibernating,Soft re-engagement: 10% off + new feature notification (minimal investment),5
432637,6.0,3,1002.0,3,2,2,7,False,Potential Champions,Frequency incentive: 10% off next 5 bookings + bundle deals + exclusive previews,3
432941,6.333333333333333,4,3322.0,2,3,3,8,False,Loyal Customers,Free checked bag + 10% loyalty discount + priority service,2
433080,7.25,4,1612.6,2,3,2,7,False,Loyal Customers,Free checked bag + 10% loyalty discount + priority service,2
433339,8.0,2,2230.0,1,1,3,5,False,Hibernating,Soft re-engagement: 10% off + new feature notification (minimal investment),5
433905,0.0,1,3920.0,3,1,3,7,False,Promising (High-Value),Tiered loyalty benefits + early access to sales + free cancellation (2 bookings),1
434238,8.5,2,44.0,1,1,1,3,False,Hibernating,Soft re-engagement: 10% off + new feature notification (minimal investment),5
434623,6.333333333333333,3,930.0,2,2,2,6,False,Need Attention,Engagement bonus: 12% off + free baggage + loyalty enrolment incentive,3
435231,5.0,2,916.0,3,1,2,6,False,Promising (Growth),First-booking incentive: 12% off + free cancellation on first 2 bookings,4
435596,7.0,2,892.0,2,1,2,5,False,About to Sleep,Re-engagement: 18% off + free hotel voucher + last-chance exclusive,4
435669,6.0,2,244.0,3,1,1,5,False,Promising (Growth),First-booking incentive: 12% off + free cancellation on first 2 bookings,4
435837,0.0,1,1848.0,3,1,2,6,False,Promising (Growth),First-booking incentive: 12% off + free cancellation on first 2 bookings,4
435882,9.5,2,1312.0,1,1,2,4,False,Hibernating,Soft re-engagement: 10% off + new feature notification (minimal investment),5
436320,7.5,2,548.0,2,1,1,4,False,About to Sleep,Re-engagement: 18% off + free hotel voucher + last-chance exclusive,4
436894,8.0,2,931.0,1,1,2,4,False,Hibernating,Soft re-engagement: 10% off + new feature notification (minimal investment),5
437069,7.2,5,2403.9,2,3,3,8,False,Loyal Customers,Free checked bag + 10% loyalty discount + priority service,2
437162,6.0,1,253.65,3,1,1,5,False,Promising (Growth),First-booking incentive: 12% off + free cancellation on first 2 bookings,4
437251,7.333333333333333,3,281.0,2,2,1,5,False,Need Attention,Engagement bonus: 12% off + free baggage + loyalty enrolment incentive,3
437539,7.2,5,1150.0,2,3,2,7,False,Loyal Customers,Free checked bag + 10% loyalty discount + priority service,2
437549,8.333333333333332,3,898.0,1,2,2,5,False,At Risk,Basic re-engagement: 12% off + flash sale notification,5
438189,7.666666666666665,6,2077.3,1,3,3,7,False,Do Not Lose,Win-back: 18% off next 3 bookings + free upgrade + personalised re-engagement,1
438406,6.5,4,688.0,2,3,1,6,False,Loyal Customers,Free checked bag + 10% loyalty discount + priority service,2
438551,0.0,2,451.5,3,1,1,5,False,Promising (Growth),First-booking incentive: 12% off + free cancellation on first 2 bookings,4
438596,8.0,2,1372.0,1,1,2,4,False,Hibernating,Soft re-engagement: 10% off + new feature notification (minimal investment),5
438839,6.0,3,2932.0,3,2,3,8,False,Potential Champions,Frequency incentive: 10% off next 5 bookings + bundle deals + exclusive previews,3
438937,7.0,2,928.0,2,1,2,5,False,About to Sleep,Re-engagement: 18% off + free hotel voucher + last-chance exclusive,4
438985,5.5,2,584.1,3,1,1,5,False,Promising (Growth),First-booking incentive: 12% off + free cancellation on first 2 bookings,4
438995,0.0,0,0.0,1,1,1,3,True,Hibernating,Soft re-engagement: 10% off + new feature notification (minimal investment),5
439052,5.75,4,2468.0,3,3,3,9,False,Champions,Loyalty rewards + quarterly exclusive offers + referral bonus,2
439120,8.5,2,83.7,1,1,1,3,False,Hibernating,Soft re-engagement: 10% off + new feature notification (minimal investment),5
439363,7.666666666666665,4,2087.0,1,3,3,7,False,Do Not Lose,Win-back: 18% off next 3 bookings + free upgrade + personalised re-engagement,1
440212,5.0,1,116.0,3,1,1,5,False,Promising (Growth),First-booking incentive: 12% off + free cancellation on first 2 bookings,4
440655,5.666666666666666,3,1142.6,3,2,2,7,False,Potential Champions,Frequency incentive: 10% off next 5 bookings + bundle deals + exclusive previews,3
441200,6.0,3,588.0,3,2,1,6,False,Potential Champions,Frequency incentive: 10% off next 5 bookings + bundle deals + exclusive previews,3
441205,8.5,2,0.0,1,1,1,3,False,Hibernating,Soft re-engagement: 10% off + new feature notification (minimal investment),5
441448,7.0,1,1200.0,2,1,2,5,False,About to Sleep,Re-engagement: 18% off + free hotel voucher + last-chance exclusive,4
441457,5.5,3,3241.0,3,2,3,8,False,Potential Champions,Frequency incentive: 10% off next 5 bookings + bundle deals + exclusive previews,3
441982,5.6,5,2418.0,3,3,3,9,False,Champions,Loyalty rewards + quarterly exclusive offers + referral bonus,2
442484,7.666666666666665,3,0.0,1,2,1,4,False,At Risk,Basic re-engagement: 12% off + flash sale notification,5
442718,7.5,4,1264.8,2,3,2,7,False,Loyal Customers,Free checked bag + 10% loyalty discount + priority service,2
442812,0.0,1,850.0,3,1,2,6,False,Promising (Growth),First-booking incentive: 12% off + free cancellation on first 2 bookings,4
442819,6.0,1,85.0,3,1,1,5,False,Promising (Growth),First-booking incentive: 12% off + free cancellation on first 2 bookings,4
442833,6.25,4,1387.0,2,3,2,7,False,Loyal Customers,Free checked bag + 10% loyalty discount + priority service,2
443305,8.0,1,435.0,1,1,1,3,False,Hibernating,Soft re-engagement: 10% off + new feature notification (minimal investment),5
443453,6.25,4,410.3,2,3,1,6,False,Loyal Customers,Free checked bag + 10% loyalty discount + priority service,2
443598,11.5,2,1498.65,1,1,2,4,False,Hibernating,Soft re-engagement: 10% off + new feature notification (minimal investment),5
443652,6.5,4,1551.0,2,3,2,7,False,Loyal Customers,Free checked bag + 10% loyalty discount + priority service,2
444387,126.66666666666666,3,0.0,1,2,1,4,False,At Risk,Basic re-engagement: 12% off + flash sale notification,5
444885,5.0,1,333.0,3,1,1,5,False,Promising (Growth),First-booking incentive: 12% off + free cancellation on first 2 bookings,4
445351,4.75,4,1138.8,3,3,2,8,False,Champions,Loyalty rewards + quarterly exclusive offers + referral bonus,2
445515,9.0,2,684.0,1,1,1,3,False,Hibernating,Soft re-engagement: 10% off + new feature notification (minimal investment),5
446124,6.4,5,1428.4,2,3,2,7,False,Loyal Customers,Free checked bag + 10% loyalty discount + priority service,2
446138,8.0,2,5291.0,1,1,3,5,False,Hibernating,Soft re-engagement: 10% off + new feature notification (minimal investment),5
446473,5.666666666666666,3,304.2,3,2,1,6,False,Potential Champions,Frequency incentive: 10% off next 5 bookings + bundle deals + exclusive previews,3
446933,5.0,4,697.0,3,3,1,7,False,Champions,Loyalty rewards + quarterly exclusive offers + referral bonus,2
447053,6.0,2,383.0,3,1,1,5,False,Promising (Growth),First-booking incentive: 12% off + free cancellation on first 2 bookings,4
447591,6.0,1,229.0,3,1,1,5,False,Promising (Growth),First-booking incentive: 12% off + free cancellation on first 2 bookings,4
447737,7.333333333333333,3,204.0,2,2,1,5,False,Need Attention,Engagement bonus: 12% off + free baggage + loyalty enrolment incentive,3
447951,7.0,2,676.0,2,1,1,4,False,About to Sleep,Re-engagement: 18% off + free hotel voucher + last-chance exclusive,4
448025,8.0,1,608.0,1,1,1,3,False,Hibernating,Soft re-engagement: 10% off + new feature notification (minimal investment),5
448154,6.0,2,1806.0,3,1,2,6,False,Promising (Growth),First-booking incentive: 12% off + free cancellation on first 2 bookings,4
448295,4.0,2,224.0,3,1,1,5,False,Promising (Growth),First-booking incentive: 12% off + free cancellation on first 2 bookings,4
448467,0.0,2,4732.0,3,1,3,7,False,Promising (High-Value),Tiered loyalty benefits + early access to sales + free cancellation (2 bookings),1
448564,6.25,5,1126.0,2,3,2,7,False,Loyal Customers,Free checked bag + 10% loyalty discount + priority service,2
449033,7.4,5,1415.0,2,3,2,7,False,Loyal Customers,Free checked bag + 10% loyalty discount + priority service,2
449326,6.5,2,715.0,2,1,1,4,False,About to Sleep,Re-engagement: 18% off + free hotel voucher + last-chance exclusive,4
449619,6.333333333333333,3,2004.0,2,2,2,6,False,Need Attention,Engagement bonus: 12% off + free baggage + loyalty enrolment incentive,3
449804,6.0,3,1067.0,3,2,2,7,False,Potential Champions,Frequency incentive: 10% off next 5 bookings + bundle deals + exclusive previews,3
449980,0.0,0,0.0,1,1,1,3,True,Hibernating,Soft re-engagement: 10% off + new feature notification (minimal investment),5
450164,5.75,4,2401.0,3,3,3,9,False,Champions,Loyalty rewards + quarterly exclusive offers + referral bonus,2
450193,6.5,2,5925.0,2,1,3,6,False,About to Sleep,Re-engagement: 18% off + free hotel voucher + last-chance exclusive,4
450305,4.5,3,1774.6,3,2,2,7,False,Potential Champions,Frequency incentive: 10% off next 5 bookings + bundle deals + exclusive previews,3
450615,8.25,4,585.0,1,3,1,5,False,Do Not Lose,Win-back: 18% off next 3 bookings + free upgrade + personalised re-engagement,1
451291,69.0,4,182.0,1,3,1,5,False,Do Not Lose,Win-back: 18% off next 3 bookings + free upgrade + personalised re-engagement,1
451674,0.0,0,0.0,1,1,1,3,True,Hibernating,Soft re-engagement: 10% off + new feature notification (minimal investment),5
452034,9.0,1,1570.0,1,1,2,4,False,Hibernating,Soft re-engagement: 10% off + new feature notification (minimal investment),5
452532,7.5,2,0.0,2,1,1,4,False,About to Sleep,Re-engagement: 18% off + free hotel voucher + last-chance exclusive,4
452594,7.666666666666665,4,4048.0,1,3,3,7,False,Do Not Lose,Win-back: 18% off next 3 bookings + free upgrade + personalised re-engagement,1
452612,10.0,1,592.0,1,1,1,3,False,Hibernating,Soft re-engagement: 10% off + new feature notification (minimal investment),5
453143,7.0,5,2103.1,2,3,3,8,False,Loyal Customers,Free checked bag + 10% loyalty discount + priority service,2
453168,5.5,4,728.0,3,3,1,7,False,Champions,Loyalty rewards + quarterly exclusive offers + referral bonus,2
454264,4.0,1,0.0,3,1,1,5,False,Promising (Growth),First-booking incentive: 12% off + free cancellation on first 2 bookings,4
454430,7.5,3,2299.5,2,2,3,7,False,Need Attention,Engagement bonus: 12% off + free baggage + loyalty enrolment incentive,3
454616,8.0,1,806.0,1,1,1,3,False,Hibernating,Soft re-engagement: 10% off + new feature notification (minimal investment),5
454661,5.333333333333333,3,808.0,3,2,1,6,False,Potential Champions,Frequency incentive: 10% off next 5 bookings + bundle deals + exclusive previews,3
454920,9.0,5,3064.0,1,3,3,7,False,Do Not Lose,Win-back: 18% off next 3 bookings + free upgrade + personalised re-engagement,1
454934,7.5,2,735.0,2,1,1,4,False,About to Sleep,Re-engagement: 18% off + free hotel voucher + last-chance exclusive,4
454955,12.0,1,804.0,1,1,1,3,False,Hibernating,Soft re-engagement: 10% off + new feature notification (minimal investment),5
456226,50.4,5,1504.0,1,3,2,6,False,Do Not Lose,Win-back: 18% off next 3 bookings + free upgrade + personalised re-engagement,1
456318,7.0,1,302.0,2,1,1,4,False,About to Sleep,Re-engagement: 18% off + free hotel voucher + last-chance exclusive,4
456663,8.0,2,744.0,1,1,1,3,False,Hibernating,Soft re-engagement: 10% off + new feature notification (minimal investment),5
456671,5.0,1,160.0,3,1,1,5,False,Promising (Growth),First-booking incentive: 12% off + free cancellation on first 2 bookings,4
457468,6.5,4,3247.0,2,3,3,8,False,Loyal Customers,Free checked bag + 10% loyalty discount + priority service,2
457599,5.75,5,2250.3,3,3,3,9,False,Champions,Loyalty rewards + quarterly exclusive offers + referral bonus,2
457967,0.0,0,0.0,1,1,1,3,True,Hibernating,Soft re-engagement: 10% off + new feature notification (minimal investment),5
458479,6.0,2,2612.0,3,1,3,7,False,Promising (High-Value),Tiered loyalty benefits + early access to sales + free cancellation (2 bookings),1
458688,7.0,2,2380.0,2,1,3,6,False,About to Sleep,Re-engagement: 18% off + free hotel voucher + last-chance exclusive,4
458725,0.0,0,0.0,1,1,1,3,True,Hibernating,Soft re-engagement: 10% off + new feature notification (minimal investment),5
458762,6.0,4,425.0,3,3,1,7,False,Champions,Loyalty rewards + quarterly exclusive offers + referral bonus,2
458814,7.333333333333333,4,4386.0,2,3,3,8,False,Loyal Customers,Free checked bag + 10% loyalty discount + priority service,2
458855,6.0,2,520.8,3,1,1,5,False,Promising (Growth),First-booking incentive: 12% off + free cancellation on first 2 bookings,4
458919,5.5,2,160.0,3,1,1,5,False,Promising (Growth),First-booking incentive: 12% off + free cancellation on first 2 bookings,4
459229,6.0,4,5252.0,3,3,3,9,False,Champions,Loyalty rewards + quarterly exclusive offers + referral bonus,2
459486,7.0,2,825.0,2,1,1,4,False,About to Sleep,Re-engagement: 18% off + free hotel voucher + last-chance exclusive,4
459645,7.0,1,1190.0,2,1,2,5,False,About to Sleep,Re-engagement: 18% off + free hotel voucher + last-chance exclusive,4
460072,6.0,2,917.7,3,1,2,6,False,Promising (Growth),First-booking incentive: 12% off + free cancellation on first 2 bookings,4
460181,9.0,2,1899.0,1,1,2,4,False,Hibernating,Soft re-engagement: 10% off + new feature notification (minimal investment),5
460553,8.0,3,3853.0,1,2,3,6,False,At Risk (High Value),Aggressive win-back: 22% off + lounge access + concierge outreach,1
460625,7.0,4,4316.6,2,3,3,8,False,Loyal Customers,Free checked bag + 10% loyalty discount + priority service,2
461559,5.75,4,946.8,3,3,2,8,False,Champions,Loyalty rewards + quarterly exclusive offers + referral bonus,2
461744,8.0,2,919.0,1,1,2,4,False,Hibernating,Soft re-engagement: 10% off + new feature notification (minimal investment),5
461791,8.666666666666666,3,1733.0,1,2,2,5,False,At Risk,Basic re-engagement: 12% off + flash sale notification,5
462127,6.0,2,112.0,3,1,1,5,False,Promising (Growth),First-booking incentive: 12% off + free cancellation on first 2 bookings,4
462456,9.2,5,216.0,1,3,1,5,False,Do Not Lose,Win-back: 18% off next 3 bookings + free upgrade + personalised re-engagement,1
462894,8.0,1,0.0,1,1,1,3,False,Hibernating,Soft re-engagement: 10% off + new feature notification (minimal investment),5
463652,8.0,1,0.0,1,1,1,3,False,Hibernating,Soft re-engagement: 10% off + new feature notification (minimal investment),5
463698,7.5,4,960.55,2,3,2,7,False,Loyal Customers,Free checked bag + 10% loyalty discount + priority service,2
463783,7.0,4,5582.0,2,3,3,8,False,Loyal Customers,Free checked bag + 10% loyalty discount + priority service,2
463867,6.0,2,275.0,3,1,1,5,False,Promising (Growth),First-booking incentive: 12% off + free cancellation on first 2 bookings,4
463910,10.4,5,2798.0,1,3,3,7,False,Do Not Lose,Win-back: 18% off next 3 bookings + free upgrade + personalised re-engagement,1
464080,5.0,1,600.0,3,1,1,5,False,Promising (Growth),First-booking incentive: 12% off + free cancellation on first 2 bookings,4
464160,8.0,2,2353.0,1,1,3,5,False,Hibernating,Soft re-engagement: 10% off + new feature notification (minimal investment),5
464239,6.666666666666666,3,941.0,2,2,2,6,False,Need Attention,Engagement bonus: 12% off + free baggage + loyalty enrolment incentive,3
464542,8.0,1,166.0,1,1,1,3,False,Hibernating,Soft re-engagement: 10% off + new feature notification (minimal investment),5
464597,0.0,1,6129.0,3,1,3,7,False,Promising (High-Value),Tiered loyalty benefits + early access to sales + free cancellation (2 bookings),1
464614,6.0,3,862.0,3,2,2,7,False,Potential Champions,Frequency incentive: 10% off next 5 bookings + bundle deals + exclusive previews,3
464673,7.333333333333333,4,4825.0,2,3,3,8,False,Loyal Customers,Free checked bag + 10% loyalty discount + priority service,2
464782,4.0,2,532.0,3,1,1,5,False,Promising (Growth),First-booking incentive: 12% off + free cancellation on first 2 bookings,4
464855,6.0,1,1056.0,3,1,2,6,False,Promising (Growth),First-booking incentive: 12% off + free cancellation on first 2 bookings,4
465138,6.0,4,1792.0,3,3,2,8,False,Champions,Loyalty rewards + quarterly exclusive offers + referral bonus,2
465343,7.5,2,3189.0,2,1,3,6,False,About to Sleep,Re-engagement: 18% off + free hotel voucher + last-chance exclusive,4
465531,6.5,2,792.0,2,1,1,4,False,About to Sleep,Re-engagement: 18% off + free hotel voucher + last-chance exclusive,4
465568,0.0,1,525.6,3,1,1,5,False,Promising (Growth),First-booking incentive: 12% off + free cancellation on first 2 bookings,4
465731,6.0,2,2052.0,3,1,3,7,False,Promising (High-Value),Tiered loyalty benefits + early access to sales + free cancellation (2 bookings),1
466205,8.5,4,2922.0,1,3,3,7,False,Do Not Lose,Win-back: 18% off next 3 bookings + free upgrade + personalised re-engagement,1
466342,0.0,2,7760.4,3,1,3,7,False,Promising (High-Value),Tiered loyalty benefits + early access to sales + free cancellation (2 bookings),1
466723,6.0,3,1171.0,3,2,2,7,False,Potential Champions,Frequency incentive: 10% off next 5 bookings + bundle deals + exclusive previews,3
467007,61.0,4,5210.0,1,3,3,7,False,Do Not Lose,Win-back: 18% off next 3 bookings + free upgrade + personalised re-engagement,1
467092,0.0,0,0.0,1,1,1,3,True,Hibernating,Soft re-engagement: 10% off + new feature notification (minimal investment),5
467339,6.333333333333333,3,741.0,2,2,1,5,False,Need Attention,Engagement bonus: 12% off + free baggage + loyalty enrolment incentive,3
467809,8.0,3,549.8,1,2,1,4,False,At Risk,Basic re-engagement: 12% off + flash sale notification,5
467892,8.333333333333332,4,1468.4,1,3,2,6,False,Do Not Lose,Win-back: 18% off next 3 bookings + free upgrade + personalised re-engagement,1
468106,7.25,4,540.4,2,3,1,6,False,Loyal Customers,Free checked bag + 10% loyalty discount + priority service,2
468370,7.0,4,1249.0,2,3,2,7,False,Loyal Customers,Free checked bag + 10% loyalty discount + priority service,2
468409,6.0,4,2250.0,3,3,3,9,False,Champions,Loyalty rewards + quarterly exclusive offers + referral bonus,2
468666,6.666666666666666,3,316.35,2,2,1,5,False,Need Attention,Engagement bonus: 12% off + free baggage + loyalty enrolment incentive,3
468801,5.666666666666666,3,945.0,3,2,2,7,False,Potential Champions,Frequency incentive: 10% off next 5 bookings + bundle deals + exclusive previews,3
468808,7.5,4,1326.0,2,3,2,7,False,Loyal Customers,Free checked bag + 10% loyalty discount + priority service,2
468832,6.0,4,2044.0,3,3,3,9,False,Champions,Loyalty rewards + quarterly exclusive offers + referral bonus,2
469237,0.0,1,1536.0,3,1,2,6,False,Promising (Growth),First-booking incentive: 12% off + free cancellation on first 2 bookings,4
469418,0.0,0,0.0,1,1,1,3,True,Hibernating,Soft re-engagement: 10% off + new feature notification (minimal investment),5
469440,9.0,3,531.0,1,2,1,4,False,At Risk,Basic re-engagement: 12% off + flash sale notification,5
469464,6.0,4,2105.35,3,3,3,9,False,Champions,Loyalty rewards + quarterly exclusive offers + referral bonus,2
469699,7.0,2,705.0,2,1,1,4,False,About to Sleep,Re-engagement: 18% off + free hotel voucher + last-chance exclusive,4
469767,6.25,4,1319.0,2,3,2,7,False,Loyal Customers,Free checked bag + 10% loyalty discount + priority service,2
469824,9.5,3,2130.0,1,2,3,6,False,At Risk (High Value),Aggressive win-back: 22% off + lounge access + concierge outreach,1
471077,8.333333333333332,6,858.0,1,3,2,6,False,Do Not Lose,Win-back: 18% off next 3 bookings + free upgrade + personalised re-engagement,1
471161,6.0,2,279.2,3,1,1,5,False,Promising (Growth),First-booking incentive: 12% off + free cancellation on first 2 bookings,4
471186,5.5,2,218.0,3,1,1,5,False,Promising (Growth),First-booking incentive: 12% off + free cancellation on first 2 bookings,4
471500,6.0,3,3676.8,3,2,3,8,False,Potential Champions,Frequency incentive: 10% off next 5 bookings + bundle deals + exclusive previews,3
471565,9.0,2,1625.0,1,1,2,4,False,Hibernating,Soft re-engagement: 10% off + new feature notification (minimal investment),5
471649,0.0,1,96.0,3,1,1,5,False,Promising (Growth),First-booking incentive: 12% off + free cancellation on first 2 bookings,4
471687,9.5,4,2531.0,1,3,3,7,False,Do Not Lose,Win-back: 18% off next 3 bookings + free upgrade + personalised re-engagement,1
471717,6.333333333333333,3,810.0,2,2,1,5,False,Need Attention,Engagement bonus: 12% off + free baggage + loyalty enrolment incentive,3
471935,6.5,3,1234.0,2,2,2,6,False,Need Attention,Engagement bonus: 12% off + free baggage + loyalty enrolment incentive,3
471946,0.0,1,282.0,3,1,1,5,False,Promising (Growth),First-booking incentive: 12% off + free cancellation on first 2 bookings,4
471973,0.0,0,0.0,1,1,1,3,True,Hibernating,Soft re-engagement: 10% off + new feature notification (minimal investment),5
472394,8.0,2,3046.0,1,1,3,5,False,Hibernating,Soft re-engagement: 10% off + new feature notification (minimal investment),5
472446,116.0,2,420.0,1,1,1,3,False,Hibernating,Soft re-engagement: 10% off + new feature notification (minimal investment),5
472614,8.5,2,679.0,1,1,1,3,False,Hibernating,Soft re-engagement: 10% off + new feature notification (minimal investment),5
472713,47.5,4,2215.0,1,3,3,7,False,Do Not Lose,Win-back: 18% off next 3 bookings + free upgrade + personalised re-engagement,1
472785,5.666666666666666,3,1178.0,3,2,2,7,False,Potential Champions,Frequency incentive: 10% off next 5 bookings + bundle deals + exclusive previews,3
472966,8.0,2,684.0,1,1,1,3,False,Hibernating,Soft re-engagement: 10% off + new feature notification (minimal investment),5
473332,6.0,4,3088.4,3,3,3,9,False,Champions,Loyalty rewards + quarterly exclusive offers + referral bonus,2
473343,6.333333333333333,3,973.0,2,2,2,6,False,Need Attention,Engagement bonus: 12% off + free baggage + loyalty enrolment incentive,3
473402,7.5,2,848.0,2,1,2,5,False,About to Sleep,Re-engagement: 18% off + free hotel voucher + last-chance exclusive,4
473467,72.33333333333333,4,1131.3,1,3,2,6,False,Do Not Lose,Win-back: 18% off next 3 bookings + free upgrade + personalised re-engagement,1
473568,6.0,1,271.0,3,1,1,5,False,Promising (Growth),First-booking incentive: 12% off + free cancellation on first 2 bookings,4
473712,6.0,6,2854.0,3,3,3,9,False,Champions,Loyalty rewards + quarterly exclusive offers + referral bonus,2
473847,9.0,1,836.0,1,1,2,4,False,Hibernating,Soft re-engagement: 10% off + new feature notification (minimal investment),5
474007,6.0,1,0.0,3,1,1,5,False,Promising (Growth),First-booking incentive: 12% off + free cancellation on first 2 bookings,4
474120,8.666666666666666,3,4032.0,1,2,3,6,False,At Risk (High Value),Aggressive win-back: 22% off + lounge access + concierge outreach,1
474239,0.0,0,0.0,1,1,1,3,True,Hibernating,Soft re-engagement: 10% off + new feature notification (minimal investment),5
474261,5.0,3,2852.0,3,2,3,8,False,Potential Champions,Frequency incentive: 10% off next 5 bookings + bundle deals + exclusive previews,3
474278,0.0,0,0.0,1,1,1,3,True,Hibernating,Soft re-engagement: 10% off + new feature notification (minimal investment),5
474384,5.25,4,1204.0,3,3,2,8,False,Champions,Loyalty rewards + quarterly exclusive offers + referral bonus,2
474464,6.0,3,1248.0,3,2,2,7,False,Potential Champions,Frequency incentive: 10% off next 5 bookings + bundle deals + exclusive previews,3
474546,7.0,5,2084.0,2,3,3,8,False,Loyal Customers,Free checked bag + 10% loyalty discount + priority service,2
474951,6.8,5,639.0,2,3,1,6,False,Loyal Customers,Free checked bag + 10% loyalty discount + priority service,2
474980,7.5,3,2230.0,2,2,3,7,False,Need Attention,Engagement bonus: 12% off + free baggage + loyalty enrolment incentive,3
475060,5.5,2,668.0,3,1,1,5,False,Promising (Growth),First-booking incentive: 12% off + free cancellation on first 2 bookings,4
475130,7.0,6,1715.6,2,3,2,7,False,Loyal Customers,Free checked bag + 10% loyalty discount + priority service,2
475467,5.0,3,1920.3,3,2,2,7,False,Potential Champions,Frequency incentive: 10% off next 5 bookings + bundle deals + exclusive previews,3
475531,7.5,4,649.0,2,3,1,6,False,Loyal Customers,Free checked bag + 10% loyalty discount + priority service,2
476081,6.666666666666666,4,916.0,2,3,2,7,False,Loyal Customers,Free checked bag + 10% loyalty discount + priority service,2
476104,7.833333333333333,7,6318.0,1,3,3,7,False,Do Not Lose,Win-back: 18% off next 3 bookings + free upgrade + personalised re-engagement,1
476124,9.0,3,1122.0,1,2,2,5,False,At Risk,Basic re-engagement: 12% off + flash sale notification,5
476173,0.0,1,3315.0,3,1,3,7,False,Promising (High-Value),Tiered loyalty benefits + early access to sales + free cancellation (2 bookings),1
476270,5.5,3,2148.0,3,2,3,8,False,Potential Champions,Frequency incentive: 10% off next 5 bookings + bundle deals + exclusive previews,3
476393,6.5,2,414.0,2,1,1,4,False,About to Sleep,Re-engagement: 18% off + free hotel voucher + last-chance exclusive,4
476436,8.0,4,1686.0,1,3,2,6,False,Do Not Lose,Win-back: 18% off next 3 bookings + free upgrade + personalised re-engagement,1
476535,6.25,4,269.05,2,3,1,6,False,Loyal Customers,Free checked bag + 10% loyalty discount + priority service,2
476665,7.0,6,5653.0,2,3,3,8,False,Loyal Customers,Free checked bag + 10% loyalty discount + priority service,2
476693,6.75,4,787.0,2,3,1,6,False,Loyal Customers,Free checked bag + 10% loyalty discount + priority service,2
476714,9.0,3,2217.6,1,2,3,6,False,At Risk (High Value),Aggressive win-back: 22% off + lounge access + concierge outreach,1
476742,13.0,2,2249.1,1,1,3,5,False,Hibernating,Soft re-engagement: 10% off + new feature notification (minimal investment),5
476916,0.0,0,0.0,1,1,1,3,True,Hibernating,Soft re-engagement: 10% off + new feature notification (minimal investment),5
476956,6.5,3,984.0,2,2,2,6,False,Need Attention,Engagement bonus: 12% off + free baggage + loyalty enrolment incentive,3
477285,7.0,2,513.1,2,1,1,4,False,About to Sleep,Re-engagement: 18% off + free hotel voucher + last-chance exclusive,4
477316,6.0,4,1029.0,3,3,2,8,False,Champions,Loyalty rewards + quarterly exclusive offers + referral bonus,2
477597,5.5,2,591.0,3,1,1,5,False,Promising (Growth),First-booking incentive: 12% off + free cancellation on first 2 bookings,4
477730,6.6,5,5233.5,2,3,3,8,False,Loyal Customers,Free checked bag + 10% loyalty discount + priority service,2
477805,0.0,1,2000.0,3,1,2,6,False,Promising (Growth),First-booking incentive: 12% off + free cancellation on first 2 bookings,4
478003,9.0,3,542.0,1,2,1,4,False,At Risk,Basic re-engagement: 12% off + flash sale notification,5
478146,5.0,2,357.0,3,1,1,5,False,Promising (Growth),First-booking incentive: 12% off + free cancellation on first 2 bookings,4
478188,7.0,3,893.0,2,2,2,6,False,Need Attention,Engagement bonus: 12% off + free baggage + loyalty enrolment incentive,3
478228,6.0,2,1405.8,3,1,2,6,False,Promising (Growth),First-booking incentive: 12% off + free cancellation on first 2 bookings,4
478291,6.5,2,140.0,2,1,1,4,False,About to Sleep,Re-engagement: 18% off + free hotel voucher + last-chance exclusive,4
478533,5.0,1,348.0,3,1,1,5,False,Promising (Growth),First-booking incentive: 12% off + free cancellation on first 2 bookings,4
478585,8.8,5,1131.0,1,3,2,6,False,Do Not Lose,Win-back: 18% off next 3 bookings + free upgrade + personalised re-engagement,1
478760,0.0,1,260.0,3,1,1,5,False,Promising (Growth),First-booking incentive: 12% off + free cancellation on first 2 bookings,4
478801,6.0,3,357.0,3,2,1,6,False,Potential Champions,Frequency incentive: 10% off next 5 bookings + bundle deals + exclusive previews,3
478834,0.0,0,0.0,1,1,1,3,True,Hibernating,Soft re-engagement: 10% off + new feature notification (minimal investment),5
479071,7.0,5,1800.0,2,3,2,7,False,Loyal Customers,Free checked bag + 10% loyalty discount + priority service,2
479078,8.0,1,870.0,1,1,2,4,False,Hibernating,Soft re-engagement: 10% off + new feature notification (minimal investment),5
479101,7.0,1,135.85,2,1,1,4,False,About to Sleep,Re-engagement: 18% off + free hotel voucher + last-chance exclusive,4
479254,7.666666666666665,3,1203.0,1,2,2,5,False,At Risk,Basic re-engagement: 12% off + flash sale notification,5
479524,0.0,0,0.0,1,1,1,3,True,Hibernating,Soft re-engagement: 10% off + new feature notification (minimal investment),5
479785,0.0,0,0.0,1,1,1,3,True,Hibernating,Soft re-engagement: 10% off + new feature notification (minimal investment),5
480186,0.0,0,0.0,1,1,1,3,True,Hibernating,Soft re-engagement: 10% off + new feature notification (minimal investment),5
480313,7.0,2,97.0,2,1,1,4,False,About to Sleep,Re-engagement: 18% off + free hotel voucher + last-chance exclusive,4
480331,8.0,3,1490.0,1,2,2,5,False,At Risk,Basic re-engagement: 12% off + flash sale notification,5
480690,9.75,4,2479.3,1,3,3,7,False,Do Not Lose,Win-back: 18% off next 3 bookings + free upgrade + personalised re-engagement,1
480796,8.5,3,1106.0,1,2,2,5,False,At Risk,Basic re-engagement: 12% off + flash sale notification,5
480877,8.0,4,1499.0,1,3,2,6,False,Do Not Lose,Win-back: 18% off next 3 bookings + free upgrade + personalised re-engagement,1
480895,8.0,2,1470.0,1,1,2,4,False,Hibernating,Soft re-engagement: 10% off + new feature notification (minimal investment),5
480975,0.0,0,0.0,1,1,1,3,True,Hibernating,Soft re-engagement: 10% off + new feature notification (minimal investment),5
481050,7.0,2,936.0,2,1,2,5,False,About to Sleep,Re-engagement: 18% off + free hotel voucher + last-chance exclusive,4
481245,7.0,2,896.0,2,1,2,5,False,About to Sleep,Re-engagement: 18% off + free hotel voucher + last-chance exclusive,4
481292,8.5,4,315.0,1,3,1,5,False,Do Not Lose,Win-back: 18% off next 3 bookings + free upgrade + personalised re-engagement,1
481358,168.0,1,0.0,1,1,1,3,False,Hibernating,Soft re-engagement: 10% off + new feature notification (minimal investment),5
481554,8.0,5,2997.0,1,3,3,7,False,Do Not Lose,Win-back: 18% off next 3 bookings + free upgrade + personalised re-engagement,1
481622,9.0,4,4325.8,1,3,3,7,False,Do Not Lose,Win-back: 18% off next 3 bookings + free upgrade + personalised re-engagement,1
481772,3.0,3,9588.0,3,2,3,8,False,Potential Champions,Frequency incentive: 10% off next 5 bookings + bundle deals + exclusive previews,3
481781,0.0,0,0.0,1,1,1,3,True,Hibernating,Soft re-engagement: 10% off + new feature notification (minimal investment),5
482264,9.666666666666666,4,2522.8,1,3,3,7,False,Do Not Lose,Win-back: 18% off next 3 bookings + free upgrade + personalised re-engagement,1
482335,0.0,1,228.0,3,1,1,5,False,Promising (Growth),First-booking incentive: 12% off + free cancellation on first 2 bookings,4
482424,6.666666666666666,4,2066.0,2,3,3,8,False,Loyal Customers,Free checked bag + 10% loyalty discount + priority service,2
482548,8.666666666666666,3,1608.0,1,2,2,5,False,At Risk,Basic re-engagement: 12% off + flash sale notification,5
482602,8.0,4,490.0,1,3,1,5,False,Do Not Lose,Win-back: 18% off next 3 bookings + free upgrade + personalised re-engagement,1
482621,8.0,2,2334.0,1,1,3,5,False,Hibernating,Soft re-engagement: 10% off + new feature notification (minimal investment),5
482630,7.0,2,266.0,2,1,1,4,False,About to Sleep,Re-engagement: 18% off + free hotel voucher + last-chance exclusive,4
482744,6.0,4,1076.3,3,3,2,8,False,Champions,Loyalty rewards + quarterly exclusive offers + referral bonus,2
482811,0.0,0,0.0,1,1,1,3,True,Hibernating,Soft re-engagement: 10% off + new feature notification (minimal investment),5
483224,7.0,3,927.0,2,2,2,6,False,Need Attention,Engagement bonus: 12% off + free baggage + loyalty enrolment incentive,3
483237,6.75,4,4184.0,2,3,3,8,False,Loyal Customers,Free checked bag + 10% loyalty discount + priority service,2
483345,6.4,5,2615.0,2,3,3,8,False,Loyal Customers,Free checked bag + 10% loyalty discount + priority service,2
483480,5.333333333333333,5,2390.1,3,3,3,9,False,Champions,Loyalty rewards + quarterly exclusive offers + referral bonus,2
483483,6.5,2,387.0,2,1,1,4,False,About to Sleep,Re-engagement: 18% off + free hotel voucher + last-chance exclusive,4
483525,9.0,1,306.0,1,1,1,3,False,Hibernating,Soft re-engagement: 10% off + new feature notification (minimal investment),5
483603,6.5,4,1257.0,2,3,2,7,False,Loyal Customers,Free checked bag + 10% loyalty discount + priority service,2
483928,6.6,5,1463.0,2,3,2,7,False,Loyal Customers,Free checked bag + 10% loyalty discount + priority service,2
483982,9.0,2,1205.0,1,1,2,4,False,Hibernating,Soft re-engagement: 10% off + new feature notification (minimal investment),5
484249,8.666666666666666,3,9193.2,1,2,3,6,False,At Risk (High Value),Aggressive win-back: 22% off + lounge access + concierge outreach,1
484342,0.0,0,0.0,1,1,1,3,True,Hibernating,Soft re-engagement: 10% off + new feature notification (minimal investment),5
484418,7.333333333333333,3,1057.0,2,2,2,6,False,Need Attention,Engagement bonus: 12% off + free baggage + loyalty enrolment incentive,3
484987,6.25,4,1937.0,2,3,2,7,False,Loyal Customers,Free checked bag + 10% loyalty discount + priority service,2
485149,5.666666666666666,3,889.0,3,2,2,7,False,Potential Champions,Frequency incentive: 10% off next 5 bookings + bundle deals + exclusive previews,3
485260,7.0,2,935.6,2,1,2,5,False,About to Sleep,Re-engagement: 18% off + free hotel voucher + last-chance exclusive,4
485393,0.0,0,0.0,1,1,1,3,True,Hibernating,Soft re-engagement: 10% off + new feature notification (minimal investment),5
485505,6.5,2,1110.0,2,1,2,5,False,About to Sleep,Re-engagement: 18% off + free hotel voucher + last-chance exclusive,4
485518,0.0,0,0.0,1,1,1,3,True,Hibernating,Soft re-engagement: 10% off + new feature notification (minimal investment),5
485536,0.0,0,0.0,1,1,1,3,True,Hibernating,Soft re-engagement: 10% off + new feature notification (minimal investment),5
485544,6.75,8,6097.0,2,3,3,8,False,Loyal Customers,Free checked bag + 10% loyalty discount + priority service,2
485591,9.0,4,3778.7,1,3,3,7,False,Do Not Lose,Win-back: 18% off next 3 bookings + free upgrade + personalised re-engagement,1
485658,7.0,2,135.0,2,1,1,4,False,About to Sleep,Re-engagement: 18% off + free hotel voucher + last-chance exclusive,4
485780,5.5,3,5125.4,3,2,3,8,False,Potential Champions,Frequency incentive: 10% off next 5 bookings + bundle deals + exclusive previews,3
485785,5.0,3,1256.0,3,2,2,7,False,Potential Champions,Frequency incentive: 10% off next 5 bookings + bundle deals + exclusive previews,3
485891,5.0,1,176.4,3,1,1,5,False,Promising (Growth),First-booking incentive: 12% off + free cancellation on first 2 bookings,4
485894,5.5,3,6756.0,3,2,3,8,False,Potential Champions,Frequency incentive: 10% off next 5 bookings + bundle deals + exclusive previews,3
486046,0.0,1,1056.0,3,1,2,6,False,Promising (Growth),First-booking incentive: 12% off + free cancellation on first 2 bookings,4
486113,4.0,2,286.0,3,1,1,5,False,Promising (Growth),First-booking incentive: 12% off + free cancellation on first 2 bookings,4
486191,0.0,1,1872.0,3,1,2,6,False,Promising (Growth),First-booking incentive: 12% off + free cancellation on first 2 bookings,4
486261,7.0,2,702.0,2,1,1,4,False,About to Sleep,Re-engagement: 18% off + free hotel voucher + last-chance exclusive,4
486268,0.0,0,0.0,1,1,1,3,True,Hibernating,Soft re-engagement: 10% off + new feature notification (minimal investment),5
486270,7.5,3,1913.0,2,2,2,6,False,Need Attention,Engagement bonus: 12% off + free baggage + loyalty enrolment incentive,3
486366,4.0,3,2241.0,3,2,3,8,False,Potential Champions,Frequency incentive: 10% off next 5 bookings + bundle deals + exclusive previews,3
486447,0.0,0,0.0,1,1,1,3,True,Hibernating,Soft re-engagement: 10% off + new feature notification (minimal investment),5
486454,8.666666666666666,3,411.0,1,2,1,4,False,At Risk,Basic re-engagement: 12% off + flash sale notification,5
486605,11.0,1,716.0,1,1,1,3,False,Hibernating,Soft re-engagement: 10% off + new feature notification (minimal investment),5
486671,6.0,5,3100.0,3,3,3,9,False,Champions,Loyalty rewards + quarterly exclusive offers + referral bonus,2
486751,7.333333333333333,3,1325.6,2,2,2,6,False,Need Attention,Engagement bonus: 12% off + free baggage + loyalty enrolment incentive,3
486823,8.0,3,1559.5,1,2,2,5,False,At Risk,Basic re-engagement: 12% off + flash sale notification,5
487002,8.0,1,714.0,1,1,1,3,False,Hibernating,Soft re-engagement: 10% off + new feature notification (minimal investment),5
487036,7.0,1,0.0,2,1,1,4,False,About to Sleep,Re-engagement: 18% off + free hotel voucher + last-chance exclusive,4
487040,8.0,3,1623.0,1,2,2,5,False,At Risk,Basic re-engagement: 12% off + flash sale notification,5
487101,6.25,4,1062.2,2,3,2,7,False,Loyal Customers,Free checked bag + 10% loyalty discount + priority service,2
487276,7.666666666666665,4,2070.0,1,3,3,7,False,Do Not Lose,Win-back: 18% off next 3 bookings + free upgrade + personalised re-engagement,1
487352,4.0,2,995.4,3,1,2,6,False,Promising (Growth),First-booking incentive: 12% off + free cancellation on first 2 bookings,4
487453,8.0,5,3992.5,1,3,3,7,False,Do Not Lose,Win-back: 18% off next 3 bookings + free upgrade + personalised re-engagement,1
487637,5.0,3,714.8,3,2,1,6,False,Potential Champions,Frequency incentive: 10% off next 5 bookings + bundle deals + exclusive previews,3
487680,7.5,2,459.0,2,1,1,4,False,About to Sleep,Re-engagement: 18% off + free hotel voucher + last-chance exclusive,4
487715,6.5,4,718.3,2,3,1,6,False,Loyal Customers,Free checked bag + 10% loyalty discount + priority service,2
487858,7.5,3,1570.0,2,2,2,6,False,Need Attention,Engagement bonus: 12% off + free baggage + loyalty enrolment incentive,3
487954,8.333333333333332,4,5268.0,1,3,3,7,False,Do Not Lose,Win-back: 18% off next 3 bookings + free upgrade + personalised re-engagement,1
488009,6.5,2,464.0,2,1,1,4,False,About to Sleep,Re-engagement: 18% off + free hotel voucher + last-chance exclusive,4
488099,0.0,0,0.0,1,1,1,3,True,Hibernating,Soft re-engagement: 10% off + new feature notification (minimal investment),5
488246,0.0,1,1586.5,3,1,2,6,False,Promising (Growth),First-booking incentive: 12% off + free cancellation on first 2 bookings,4
488314,6.0,3,543.5,3,2,1,6,False,Potential Champions,Frequency incentive: 10% off next 5 bookings + bundle deals + exclusive previews,3
488410,7.333333333333333,3,498.0,2,2,1,5,False,Need Attention,Engagement bonus: 12% off + free baggage + loyalty enrolment incentive,3
488430,0.0,0,0.0,1,1,1,3,True,Hibernating,Soft re-engagement: 10% off + new feature notification (minimal investment),5
488462,8.0,5,1142.6,1,3,2,6,False,Do Not Lose,Win-back: 18% off next 3 bookings + free upgrade + personalised re-engagement,1
488480,14.0,2,960.0,1,1,2,4,False,Hibernating,Soft re-engagement: 10% off + new feature notification (minimal investment),5
488511,10.5,3,6370.0,1,2,3,6,False,At Risk (High Value),Aggressive win-back: 22% off + lounge access + concierge outreach,1
488529,7.666666666666665,3,1911.6,1,2,2,5,False,At Risk,Basic re-engagement: 12% off + flash sale notification,5
488539,0.0,0,0.0,1,1,1,3,True,Hibernating,Soft re-engagement: 10% off + new feature notification (minimal investment),5
488672,7.333333333333333,4,3245.5,2,3,3,8,False,Loyal Customers,Free checked bag + 10% loyalty discount + priority service,2
488827,7.166666666666666,6,709.6,2,3,1,6,False,Loyal Customers,Free checked bag + 10% loyalty discount + priority service,2
488865,12.333333333333332,3,788.0,1,2,1,4,False,At Risk,Basic re-engagement: 12% off + flash sale notification,5
488870,6.0,2,2210.0,3,1,3,7,False,Promising (High-Value),Tiered loyalty benefits + early access to sales + free cancellation (2 bookings),1
488918,6.0,6,3366.4,3,3,3,9,False,Champions,Loyalty rewards + quarterly exclusive offers + referral bonus,2
488974,6.333333333333333,3,264.0,2,2,1,5,False,Need Attention,Engagement bonus: 12% off + free baggage + loyalty enrolment incentive,3
489096,6.333333333333333,3,321.0,2,2,1,5,False,Need Attention,Engagement bonus: 12% off + free baggage + loyalty enrolment incentive,3
489131,0.0,0,0.0,1,1,1,3,True,Hibernating,Soft re-engagement: 10% off + new feature notification (minimal investment),5
489575,7.5,4,951.0,2,3,2,7,False,Loyal Customers,Free checked bag + 10% loyalty discount + priority service,2
489635,8.5,4,1156.0,1,3,2,6,False,Do Not Lose,Win-back: 18% off next 3 bookings + free upgrade + personalised re-engagement,1
489661,0.0,1,1320.0,3,1,2,6,False,Promising (Growth),First-booking incentive: 12% off + free cancellation on first 2 bookings,4
489730,5.75,4,522.0,3,3,1,7,False,Champions,Loyalty rewards + quarterly exclusive offers + referral bonus,2
489785,9.666666666666666,3,1894.4,1,2,2,5,False,At Risk,Basic re-engagement: 12% off + flash sale notification,5
489786,0.0,0,0.0,1,1,1,3,True,Hibernating,Soft re-engagement: 10% off + new feature notification (minimal investment),5
489802,9.0,1,600.0,1,1,1,3,False,Hibernating,Soft re-engagement: 10% off + new feature notification (minimal investment),5
489844,6.5,3,1448.85,2,2,2,6,False,Need Attention,Engagement bonus: 12% off + free baggage + loyalty enrolment incentive,3
489852,8.0,2,2541.0,1,1,3,5,False,Hibernating,Soft re-engagement: 10% off + new feature notification (minimal investment),5
489949,8.0,2,1209.0,1,1,2,4,False,Hibernating,Soft re-engagement: 10% off + new feature notification (minimal investment),5
489953,6.333333333333333,6,4667.25,2,3,3,8,False,Loyal Customers,Free checked bag + 10% loyalty discount + priority service,2
489992,10.0,3,3005.15,1,2,3,6,False,At Risk (High Value),Aggressive win-back: 22% off + lounge access + concierge outreach,1
490040,6.0,3,2153.0,3,2,3,8,False,Potential Champions,Frequency incentive: 10% off next 5 bookings + bundle deals + exclusive previews,3
490107,4.6,5,1613.8,3,3,2,8,False,Champions,Loyalty rewards + quarterly exclusive offers + referral bonus,2
490133,8.0,5,3946.2,1,3,3,7,False,Do Not Lose,Win-back: 18% off next 3 bookings + free upgrade + personalised re-engagement,1
490201,9.0,2,355.4,1,1,1,3,False,Hibernating,Soft re-engagement: 10% off + new feature notification (minimal investment),5
490348,10.0,1,526.0,1,1,1,3,False,Hibernating,Soft re-engagement: 10% off + new feature notification (minimal investment),5
490358,5.5,2,585.0,3,1,1,5,False,Promising (Growth),First-booking incentive: 12% off + free cancellation on first 2 bookings,4
490517,9.33333333333333,3,434.0,1,2,1,4,False,At Risk,Basic re-engagement: 12% off + flash sale notification,5
490576,4.5,2,612.4,3,1,1,5,False,Promising (Growth),First-booking incentive: 12% off + free cancellation on first 2 bookings,4
490608,6.5,2,407.0,2,1,1,4,False,About to Sleep,Re-engagement: 18% off + free hotel voucher + last-chance exclusive,4
490629,7.5,4,2303.0,2,3,3,8,False,Loyal Customers,Free checked bag + 10% loyalty discount + priority service,2
490671,5.25,4,2527.0,3,3,3,9,False,Champions,Loyalty rewards + quarterly exclusive offers + referral bonus,2
491003,7.0,1,124.0,2,1,1,4,False,About to Sleep,Re-engagement: 18% off + free hotel voucher + last-chance exclusive,4
491124,8.333333333333332,4,6666.0,1,3,3,7,False,Do Not Lose,Win-back: 18% off next 3 bookings + free upgrade + personalised re-engagement,1
491141,6.4,5,4479.0,2,3,3,8,False,Loyal Customers,Free checked bag + 10% loyalty discount + priority service,2
491175,8.75,4,1545.0,1,3,2,6,False,Do Not Lose,Win-back: 18% off next 3 bookings + free upgrade + personalised re-engagement,1
491182,7.2,5,1058.0,2,3,2,7,False,Loyal Customers,Free checked bag + 10% loyalty discount + priority service,2
491241,4.666666666666666,3,1258.0,3,2,2,7,False,Potential Champions,Frequency incentive: 10% off next 5 bookings + bundle deals + exclusive previews,3
491266,7.666666666666665,3,1160.0,1,2,2,5,False,At Risk,Basic re-engagement: 12% off + flash sale notification,5
491559,7.666666666666665,3,583.0,1,2,1,4,False,At Risk,Basic re-engagement: 12% off + flash sale notification,5
491597,9.0,2,516.0,1,1,1,3,False,Hibernating,Soft re-engagement: 10% off + new feature notification (minimal investment),5
491617,6.333333333333333,4,4875.0,2,3,3,8,False,Loyal Customers,Free checked bag + 10% loyalty discount + priority service,2
491706,8.0,2,1028.0,1,1,2,4,False,Hibernating,Soft re-engagement: 10% off + new feature notification (minimal investment),5
491772,5.0,4,1552.8,3,3,2,8,False,Champions,Loyalty rewards + quarterly exclusive offers + referral bonus,2
491925,6.2,6,3317.0,2,3,3,8,False,Loyal Customers,Free checked bag + 10% loyalty discount + priority service,2
491930,9.0,3,1095.0,1,2,2,5,False,At Risk,Basic re-engagement: 12% off + flash sale notification,5
491995,0.0,0,0.0,1,1,1,3,True,Hibernating,Soft re-engagement: 10% off + new feature notification (minimal investment),5
492209,6.0,4,743.6,3,3,1,7,False,Champions,Loyalty rewards + quarterly exclusive offers + referral bonus,2
492211,7.0,1,780.0,2,1,1,4,False,About to Sleep,Re-engagement: 18% off + free hotel voucher + last-chance exclusive,4
492287,6.5,2,3256.0,2,1,3,6,False,About to Sleep,Re-engagement: 18% off + free hotel voucher + last-chance exclusive,4
492371,5.0,2,365.0,3,1,1,5,False,Promising (Growth),First-booking incentive: 12% off + free cancellation on first 2 bookings,4
492497,0.0,0,0.0,1,1,1,3,True,Hibernating,Soft re-engagement: 10% off + new feature notification (minimal investment),5
492614,0.0,0,0.0,1,1,1,3,True,Hibernating,Soft re-engagement: 10% off + new feature notification (minimal investment),5
492999,16.0,1,281.0,1,1,1,3,False,Hibernating,Soft re-engagement: 10% off + new feature notification (minimal investment),5
493177,7.25,4,4766.9,2,3,3,8,False,Loyal Customers,Free checked bag + 10% loyalty discount + priority service,2
493409,7.5,5,3743.0,2,3,3,8,False,Loyal Customers,Free checked bag + 10% loyalty discount + priority service,2
493476,6.0,1,309.0,3,1,1,5,False,Promising (Growth),First-booking incentive: 12% off + free cancellation on first 2 bookings,4
493718,6.0,4,6523.45,3,3,3,9,False,Champions,Loyalty rewards + quarterly exclusive offers + referral bonus,2
494294,6.75,4,1713.0,2,3,2,7,False,Loyal Customers,Free checked bag + 10% loyalty discount + priority service,2
494374,4.5,2,345.0,3,1,1,5,False,Promising (Growth),First-booking incentive: 12% off + free cancellation on first 2 bookings,4
494382,9.0,5,2707.0,1,3,3,7,False,Do Not Lose,Win-back: 18% off next 3 bookings + free upgrade + personalised re-engagement,1
494441,0.0,0,0.0,1,1,1,3,True,Hibernating,Soft re-engagement: 10% off + new feature notification (minimal investment),5
494463,8.75,4,351.0,1,3,1,5,False,Do Not Lose,Win-back: 18% off next 3 bookings + free upgrade + personalised re-engagement,1
494484,6.0,3,5388.6,3,2,3,8,False,Potential Champions,Frequency incentive: 10% off next 5 bookings + bundle deals + exclusive previews,3
494590,7.0,4,5329.6,2,3,3,8,False,Loyal Customers,Free checked bag + 10% loyalty discount + priority service,2
494630,0.0,1,384.0,3,1,1,5,False,Promising (Growth),First-booking incentive: 12% off + free cancellation on first 2 bookings,4
494680,5.333333333333333,4,1556.6,3,3,2,8,False,Champions,Loyalty rewards + quarterly exclusive offers + referral bonus,2
494704,6.6,6,2081.0,2,3,3,8,False,Loyal Customers,Free checked bag + 10% loyalty discount + priority service,2
494985,7.0,6,3510.0,2,3,3,8,False,Loyal Customers,Free checked bag + 10% loyalty discount + priority service,2
495029,7.5,3,971.6,2,2,2,6,False,Need Attention,Engagement bonus: 12% off + free baggage + loyalty enrolment incentive,3
495042,6.5,5,2840.7,2,3,3,8,False,Loyal Customers,Free checked bag + 10% loyalty discount + priority service,2
495080,7.0,1,291.75,2,1,1,4,False,About to Sleep,Re-engagement: 18% off + free hotel voucher + last-chance exclusive,4
495272,5.0,3,1669.4,3,2,2,7,False,Potential Champions,Frequency incentive: 10% off next 5 bookings + bundle deals + exclusive previews,3
495273,6.0,6,6296.3,3,3,3,9,False,Champions,Loyalty rewards + quarterly exclusive offers + referral bonus,2
495386,6.666666666666666,3,993.6,2,2,2,6,False,Need Attention,Engagement bonus: 12% off + free baggage + loyalty enrolment incentive,3
495482,6.5,5,3634.1,2,3,3,8,False,Loyal Customers,Free checked bag + 10% loyalty discount + priority service,2
495592,0.0,0,0.0,1,1,1,3,True,Hibernating,Soft re-engagement: 10% off + new feature notification (minimal investment),5
495603,61.25,5,4385.0,1,3,3,7,False,Do Not Lose,Win-back: 18% off next 3 bookings + free upgrade + personalised re-engagement,1
495727,7.166666666666666,6,4053.0,2,3,3,8,False,Loyal Customers,Free checked bag + 10% loyalty discount + priority service,2
496016,7.25,4,1583.7,2,3,2,7,False,Loyal Customers,Free checked bag + 10% loyalty discount + priority service,2
496074,0.0,0,0.0,1,1,1,3,True,Hibernating,Soft re-engagement: 10% off + new feature notification (minimal investment),5
496273,5.666666666666666,4,1359.4,3,3,2,8,False,Champions,Loyalty rewards + quarterly exclusive offers + referral bonus,2
496286,5.666666666666666,3,1062.0,3,2,2,7,False,Potential Champions,Frequency incentive: 10% off next 5 bookings + bundle deals + exclusive previews,3
496332,7.5,4,4716.0,2,3,3,8,False,Loyal Customers,Free checked bag + 10% loyalty discount + priority service,2
496382,8.5,4,1848.0,1,3,2,6,False,Do Not Lose,Win-back: 18% off next 3 bookings + free upgrade + personalised re-engagement,1
496408,5.25,4,802.0,3,3,1,7,False,Champions,Loyalty rewards + quarterly exclusive offers + referral bonus,2
496566,6.0,4,4345.0,3,3,3,9,False,Champions,Loyalty rewards + quarterly exclusive offers + referral bonus,2
496899,5.0,1,1416.0,3,1,2,6,False,Promising (Growth),First-booking incentive: 12% off + free cancellation on first 2 bookings,4
496972,5.666666666666666,3,500.0,3,2,1,6,False,Potential Champions,Frequency incentive: 10% off next 5 bookings + bundle deals + exclusive previews,3
497042,7.5,4,907.0,2,3,2,7,False,Loyal Customers,Free checked bag + 10% loyalty discount + priority service,2
497077,5.5,2,1337.0,3,1,2,6,False,Promising (Growth),First-booking incentive: 12% off + free cancellation on first 2 bookings,4
497108,6.333333333333333,3,200.0,2,2,1,5,False,Need Attention,Engagement bonus: 12% off + free baggage + loyalty enrolment incentive,3
497225,7.6,5,3058.0,1,3,3,7,False,Do Not Lose,Win-back: 18% off next 3 bookings + free upgrade + personalised re-engagement,1
497475,38.5,4,340.0,1,3,1,5,False,Do Not Lose,Win-back: 18% off next 3 bookings + free upgrade + personalised re-engagement,1
497615,5.5,3,3438.0,3,2,3,8,False,Potential Champions,Frequency incentive: 10% off next 5 bookings + bundle deals + exclusive previews,3
497678,11.0,2,568.8,1,1,1,3,False,Hibernating,Soft re-engagement: 10% off + new feature notification (minimal investment),5
497680,6.5,3,742.0,2,2,1,5,False,Need Attention,Engagement bonus: 12% off + free baggage + loyalty enrolment incentive,3
497829,9.0,2,538.7,1,1,1,3,False,Hibernating,Soft re-engagement: 10% off + new feature notification (minimal investment),5
497915,7.75,4,1942.75,1,3,2,6,False,Do Not Lose,Win-back: 18% off next 3 bookings + free upgrade + personalised re-engagement,1
498154,5.5,2,316.0,3,1,1,5,False,Promising (Growth),First-booking incentive: 12% off + free cancellation on first 2 bookings,4
498199,6.0,3,1144.0,3,2,2,7,False,Potential Champions,Frequency incentive: 10% off next 5 bookings + bundle deals + exclusive previews,3
498287,7.2,5,1764.0,2,3,2,7,False,Loyal Customers,Free checked bag + 10% loyalty discount + priority service,2
498298,6.0,3,4832.0,3,2,3,8,False,Potential Champions,Frequency incentive: 10% off next 5 bookings + bundle deals + exclusive previews,3
498357,8.25,5,3403.8,1,3,3,7,False,Do Not Lose,Win-back: 18% off next 3 bookings + free upgrade + personalised re-engagement,1
498363,7.5,2,636.0,2,1,1,4,False,About to Sleep,Re-engagement: 18% off + free hotel voucher + last-chance exclusive,4
498500,7.0,3,1261.4,2,2,2,6,False,Need Attention,Engagement bonus: 12% off + free baggage + loyalty enrolment incentive,3
498574,9.33333333333333,4,2213.0,1,3,3,7,False,Do Not Lose,Win-back: 18% off next 3 bookings + free upgrade + personalised re-engagement,1
498607,9.5,2,345.0,1,1,1,3,False,Hibernating,Soft re-engagement: 10% off + new feature notification (minimal investment),5
498665,6.2,5,2329.0,2,3,3,8,False,Loyal Customers,Free checked bag + 10% loyalty discount + priority service,2
498857,8.333333333333332,3,577.0,1,2,1,4,False,At Risk,Basic re-engagement: 12% off + flash sale notification,5
498931,6.5,2,2695.0,2,1,3,6,False,About to Sleep,Re-engagement: 18% off + free hotel voucher + last-chance exclusive,4
499028,6.333333333333333,3,1130.0,2,2,2,6,False,Need Attention,Engagement bonus: 12% off + free baggage + loyalty enrolment incentive,3
499038,6.333333333333333,4,4076.0,2,3,3,8,False,Loyal Customers,Free checked bag + 10% loyalty discount + priority service,2
499252,9.0,1,780.0,1,1,1,3,False,Hibernating,Soft re-engagement: 10% off + new feature notification (minimal investment),5
499313,6.0,1,700.0,3,1,1,5,False,Promising (Growth),First-booking incentive: 12% off + free cancellation on first 2 bookings,4
499366,7.75,4,2246.0,1,3,3,7,False,Do Not Lose,Win-back: 18% off next 3 bookings + free upgrade + personalised re-engagement,1
499375,6.2,5,2011.4,2,3,2,7,False,Loyal Customers,Free checked bag + 10% loyalty discount + priority service,2
499379,7.0,2,648.0,2,1,1,4,False,About to Sleep,Re-engagement: 18% off + free hotel voucher + last-chance exclusive,4
499461,6.0,2,1087.0,3,1,2,6,False,Promising (Growth),First-booking incentive: 12% off + free cancellation on first 2 bookings,4
499475,6.0,3,1049.0,3,2,2,7,False,Potential Champions,Frequency incentive: 10% off next 5 bookings + bundle deals + exclusive previews,3
499633,10.75,5,1550.3,1,3,2,6,False,Do Not Lose,Win-back: 18% off next 3 bookings + free upgrade + personalised re-engagement,1
499634,8.0,1,180.0,1,1,1,3,False,Hibernating,Soft re-engagement: 10% off + new feature notification (minimal investment),5
499659,0.0,1,2289.6,3,1,3,7,False,Promising (High-Value),Tiered loyalty benefits + early access to sales + free cancellation (2 bookings),1
499669,6.0,1,572.0,3,1,1,5,False,Promising (Growth),First-booking incentive: 12% off + free cancellation on first 2 bookings,4
499751,9.666666666666666,4,3405.0,1,3,3,7,False,Do Not Lose,Win-back: 18% off next 3 bookings + free upgrade + personalised re-engagement,1
499760,0.0,0,0.0,1,1,1,3,True,Hibernating,Soft re-engagement: 10% off + new feature notification (minimal investment),5
499780,0.0,0,0.0,1,1,1,3,True,Hibernating,Soft re-engagement: 10% off + new feature notification (minimal investment),5
499810,11.0,3,2715.0,1,2,3,6,False,At Risk (High Value),Aggressive win-back: 22% off + lounge access + concierge outreach,1
499847,6.0,3,1865.0,3,2,2,7,False,Potential Champions,Frequency incentive: 10% off next 5 bookings + bundle deals + exclusive previews,3
499969,0.0,1,351.0,3,1,1,5,False,Promising (Growth),First-booking incentive: 12% off + free cancellation on first 2 bookings,4
499979,5.8,5,1489.3,3,3,2,8,False,Champions,Loyalty rewards + quarterly exclusive offers + referral bonus,2
499990,8.0,2,1284.0,1,1,2,4,False,Hibernating,Soft re-engagement: 10% off + new feature notification (minimal investment),5
500078,5.0,2,529.0,3,1,1,5,False,Promising (Growth),First-booking incentive: 12% off + free cancellation on first 2 bookings,4
500196,7.5,2,407.0,2,1,1,4,False,About to Sleep,Re-engagement: 18% off + free hotel voucher + last-chance exclusive,4
500243,7.0,1,234.0,2,1,1,4,False,About to Sleep,Re-engagement: 18% off + free hotel voucher + last-chance exclusive,4
500257,4.5,2,393.4,3,1,1,5,False,Promising (Growth),First-booking incentive: 12% off + free cancellation on first 2 bookings,4
500288,0.0,0,0.0,1,1,1,3,True,Hibernating,Soft re-engagement: 10% off + new feature notification (minimal investment),5
500299,0.0,1,360.0,3,1,1,5,False,Promising (Growth),First-booking incentive: 12% off + free cancellation on first 2 bookings,4
500493,5.5,3,7025.0,3,2,3,8,False,Potential Champions,Frequency incentive: 10% off next 5 bookings + bundle deals + exclusive previews,3
500532,0.0,1,566.0,3,1,1,5,False,Promising (Growth),First-booking incentive: 12% off + free cancellation on first 2 bookings,4
500646,8.0,3,3219.2000000000003,1,2,3,6,False,At Risk (High Value),Aggressive win-back: 22% off + lounge access + concierge outreach,1
500745,7.5,4,1921.4,2,3,2,7,False,Loyal Customers,Free checked bag + 10% loyalty discount + priority service,2
500773,6.333333333333333,4,4216.8,2,3,3,8,False,Loyal Customers,Free checked bag + 10% loyalty discount + priority service,2
500791,0.0,1,765.0,3,1,1,5,False,Promising (Growth),First-booking incentive: 12% off + free cancellation on first 2 bookings,4
500828,6.0,3,500.0,3,2,1,6,False,Potential Champions,Frequency incentive: 10% off next 5 bookings + bundle deals + exclusive previews,3
500972,7.666666666666665,3,1352.0,1,2,2,5,False,At Risk,Basic re-engagement: 12% off + flash sale notification,5
500974,6.8,6,1930.0,2,3,2,7,False,Loyal Customers,Free checked bag + 10% loyalty discount + priority service,2
501087,6.0,2,1186.0,3,1,2,6,False,Promising (Growth),First-booking incentive: 12% off + free cancellation on first 2 bookings,4
501125,6.0,2,1296.0,3,1,2,6,False,Promising (Growth),First-booking incentive: 12% off + free cancellation on first 2 bookings,4
501184,7.666666666666665,4,7196.0,1,3,3,7,False,Do Not Lose,Win-back: 18% off next 3 bookings + free upgrade + personalised re-engagement,1
501322,7.666666666666665,4,2363.3,1,3,3,7,False,Do Not Lose,Win-back: 18% off next 3 bookings + free upgrade + personalised re-engagement,1
501344,5.0,1,0.0,3,1,1,5,False,Promising (Growth),First-booking incentive: 12% off + free cancellation on first 2 bookings,4
501436,6.0,3,233.0,3,2,1,6,False,Potential Champions,Frequency incentive: 10% off next 5 bookings + bundle deals + exclusive previews,3
501512,7.5,2,396.0,2,1,1,4,False,About to Sleep,Re-engagement: 18% off + free hotel voucher + last-chance exclusive,4
501708,0.0,0,0.0,1,1,1,3,True,Hibernating,Soft re-engagement: 10% off + new feature notification (minimal investment),5
501735,7.0,3,258.0,2,2,1,5,False,Need Attention,Engagement bonus: 12% off + free baggage + loyalty enrolment incentive,3
501764,6.0,2,1139.0,3,1,2,6,False,Promising (Growth),First-booking incentive: 12% off + free cancellation on first 2 bookings,4
501780,0.0,0,0.0,1,1,1,3,True,Hibernating,Soft re-engagement: 10% off + new feature notification (minimal investment),5
501794,5.5,4,1781.0,3,3,2,8,False,Champions,Loyalty rewards + quarterly exclusive offers + referral bonus,2
501817,5.0,3,3984.0,3,2,3,8,False,Potential Champions,Frequency incentive: 10% off next 5 bookings + bundle deals + exclusive previews,3
501830,6.0,2,2712.0,3,1,3,7,False,Promising (High-Value),Tiered loyalty benefits + early access to sales + free cancellation (2 bookings),1
501897,0.0,1,936.0,3,1,2,6,False,Promising (Growth),First-booking incentive: 12% off + free cancellation on first 2 bookings,4
501947,5.666666666666666,4,3811.0,3,3,3,9,False,Champions,Loyalty rewards + quarterly exclusive offers + referral bonus,2
502063,4.0,1,210.0,3,1,1,5,False,Promising (Growth),First-booking incentive: 12% off + free cancellation on first 2 bookings,4
502145,6.75,4,1651.0,2,3,2,7,False,Loyal Customers,Free checked bag + 10% loyalty discount + priority service,2
502210,8.5,3,1532.0,1,2,2,5,False,At Risk,Basic re-engagement: 12% off + flash sale notification,5
502212,6.0,1,92.0,3,1,1,5,False,Promising (Growth),First-booking incentive: 12% off + free cancellation on first 2 bookings,4
502353,5.0,5,6017.0,3,3,3,9,False,Champions,Loyalty rewards + quarterly exclusive offers + referral bonus,2
502412,6.5,3,842.0,2,2,2,6,False,Need Attention,Engagement bonus: 12% off + free baggage + loyalty enrolment incentive,3
502435,7.5,2,645.0,2,1,1,4,False,About to Sleep,Re-engagement: 18% off + free hotel voucher + last-chance exclusive,4
502444,9.166666666666666,6,1950.0,1,3,2,6,False,Do Not Lose,Win-back: 18% off next 3 bookings + free upgrade + personalised re-engagement,1
502609,6.6,5,1172.0,2,3,2,7,False,Loyal Customers,Free checked bag + 10% loyalty discount + priority service,2
502626,8.5,2,811.0,1,1,1,3,False,Hibernating,Soft re-engagement: 10% off + new feature notification (minimal investment),5
502799,7.25,4,1581.0,2,3,2,7,False,Loyal Customers,Free checked bag + 10% loyalty discount + priority service,2
502819,0.0,0,0.0,1,1,1,3,True,Hibernating,Soft re-engagement: 10% off + new feature notification (minimal investment),5
502826,6.666666666666666,3,0.0,2,2,1,5,False,Need Attention,Engagement bonus: 12% off + free baggage + loyalty enrolment incentive,3
502847,5.0,5,2070.0,3,3,3,9,False,Champions,Loyalty rewards + quarterly exclusive offers + referral bonus,2
502850,0.0,0,0.0,1,1,1,3,True,Hibernating,Soft re-engagement: 10% off + new feature notification (minimal investment),5
502875,9.33333333333333,3,430.0,1,2,1,4,False,At Risk,Basic re-engagement: 12% off + flash sale notification,5
502995,0.0,0,0.0,1,1,1,3,True,Hibernating,Soft re-engagement: 10% off + new feature notification (minimal investment),5
503042,8.0,1,160.5,1,1,1,3,False,Hibernating,Soft re-engagement: 10% off + new feature notification (minimal investment),5
503049,0.0,0,0.0,1,1,1,3,True,Hibernating,Soft re-engagement: 10% off + new feature notification (minimal investment),5
503058,12.5,3,847.0,1,2,2,5,False,At Risk,Basic re-engagement: 12% off + flash sale notification,5
503126,0.0,1,2592.0,3,1,3,7,False,Promising (High-Value),Tiered loyalty benefits + early access to sales + free cancellation (2 bookings),1
503161,0.0,0,0.0,1,1,1,3,True,Hibernating,Soft re-engagement: 10% off + new feature notification (minimal investment),5
503277,9.33333333333333,3,1252.65,1,2,2,5,False,At Risk,Basic re-engagement: 12% off + flash sale notification,5
503342,7.0,2,1734.0,2,1,2,5,False,About to Sleep,Re-engagement: 18% off + free hotel voucher + last-chance exclusive,4
503418,8.8,5,2874.0,1,3,3,7,False,Do Not Lose,Win-back: 18% off next 3 bookings + free upgrade + personalised re-engagement,1
503483,0.0,0,0.0,1,1,1,3,True,Hibernating,Soft re-engagement: 10% off + new feature notification (minimal investment),5
503621,8.0,2,1741.0,1,1,2,4,False,Hibernating,Soft re-engagement: 10% off + new feature notification (minimal investment),5
503760,54.5,5,7242.0,1,3,3,7,False,Do Not Lose,Win-back: 18% off next 3 bookings + free upgrade + personalised re-engagement,1
503773,0.0,0,0.0,1,1,1,3,True,Hibernating,Soft re-engagement: 10% off + new feature notification (minimal investment),5
503918,0.0,0,0.0,1,1,1,3,True,Hibernating,Soft re-engagement: 10% off + new feature notification (minimal investment),5
503928,6.5,2,1419.0,2,1,2,5,False,About to Sleep,Re-engagement: 18% off + free hotel voucher + last-chance exclusive,4
503945,6.333333333333333,3,1038.0,2,2,2,6,False,Need Attention,Engagement bonus: 12% off + free baggage + loyalty enrolment incentive,3
503973,4.333333333333333,4,1375.0,3,3,2,8,False,Champions,Loyalty rewards + quarterly exclusive offers + referral bonus,2
504081,6.0,2,222.0,3,1,1,5,False,Promising (Growth),First-booking incentive: 12% off + free cancellation on first 2 bookings,4
504133,8.333333333333332,3,6617.0,1,2,3,6,False,At Risk (High Value),Aggressive win-back: 22% off + lounge access + concierge outreach,1
504240,6.833333333333333,6,1395.0,2,3,2,7,False,Loyal Customers,Free checked bag + 10% loyalty discount + priority service,2
504299,7.333333333333333,3,799.0,2,2,1,5,False,Need Attention,Engagement bonus: 12% off + free baggage + loyalty enrolment incentive,3
504320,4.5,2,413.25,3,1,1,5,False,Promising (Growth),First-booking incentive: 12% off + free cancellation on first 2 bookings,4
504371,66.8,5,4026.0,1,3,3,7,False,Do Not Lose,Win-back: 18% off next 3 bookings + free upgrade + personalised re-engagement,1
504435,7.666666666666665,3,1129.5,1,2,2,5,False,At Risk,Basic re-engagement: 12% off + flash sale notification,5
504473,8.5,2,398.0,1,1,1,3,False,Hibernating,Soft re-engagement: 10% off + new feature notification (minimal investment),5
504579,0.0,0,0.0,1,1,1,3,True,Hibernating,Soft re-engagement: 10% off + new feature notification (minimal investment),5
504610,6.0,1,372.0,3,1,1,5,False,Promising (Growth),First-booking incentive: 12% off + free cancellation on first 2 bookings,4
504665,5.0,2,1404.0,3,1,2,6,False,Promising (Growth),First-booking incentive: 12% off + free cancellation on first 2 bookings,4
504669,5.5,2,406.0,3,1,1,5,False,Promising (Growth),First-booking incentive: 12% off + free cancellation on first 2 bookings,4
504786,6.0,3,3230.35,3,2,3,8,False,Potential Champions,Frequency incentive: 10% off next 5 bookings + bundle deals + exclusive previews,3
504859,9.0,2,2420.0,1,1,3,5,False,Hibernating,Soft re-engagement: 10% off + new feature notification (minimal investment),5
504892,8.5,3,7245.6,1,2,3,6,False,At Risk (High Value),Aggressive win-back: 22% off + lounge access + concierge outreach,1
504916,0.0,0,0.0,1,1,1,3,True,Hibernating,Soft re-engagement: 10% off + new feature notification (minimal investment),5
504936,7.5,3,3149.8,2,2,3,7,False,Need Attention,Engagement bonus: 12% off + free baggage + loyalty enrolment incentive,3
504945,6.0,4,1343.4,3,3,2,8,False,Champions,Loyalty rewards + quarterly exclusive offers + referral bonus,2
505062,8.666666666666666,3,1161.25,1,2,2,5,False,At Risk,Basic re-engagement: 12% off + flash sale notification,5
505066,0.0,1,816.0,3,1,1,5,False,Promising (Growth),First-booking incentive: 12% off + free cancellation on first 2 bookings,4
505172,6.0,1,0.0,3,1,1,5,False,Promising (Growth),First-booking incentive: 12% off + free cancellation on first 2 bookings,4
505230,9.0,3,2538.0,1,2,3,6,False,At Risk (High Value),Aggressive win-back: 22% off + lounge access + concierge outreach,1
505285,7.5,4,2111.15,2,3,3,8,False,Loyal Customers,Free checked bag + 10% loyalty discount + priority service,2
505289,7.666666666666665,3,274.0,1,2,1,4,False,At Risk,Basic re-engagement: 12% off + flash sale notification,5
505358,7.0,3,2028.0,2,2,2,6,False,Need Attention,Engagement bonus: 12% off + free baggage + loyalty enrolment incentive,3
505414,5.5,2,1691.0,3,1,2,6,False,Promising (Growth),First-booking incentive: 12% off + free cancellation on first 2 bookings,4
505498,7.5,2,608.0,2,1,1,4,False,About to Sleep,Re-engagement: 18% off + free hotel voucher + last-chance exclusive,4
505617,8.0,1,906.0,1,1,2,4,False,Hibernating,Soft re-engagement: 10% off + new feature notification (minimal investment),5
505667,3.333333333333333,3,1671.0,3,2,2,7,False,Potential Champions,Frequency incentive: 10% off next 5 bookings + bundle deals + exclusive previews,3
505680,7.0,4,1789.0,2,3,2,7,False,Loyal Customers,Free checked bag + 10% loyalty discount + priority service,2
505713,7.25,4,1408.0,2,3,2,7,False,Loyal Customers,Free checked bag + 10% loyalty discount + priority service,2
505747,7.0,2,1383.0,2,1,2,5,False,About to Sleep,Re-engagement: 18% off + free hotel voucher + last-chance exclusive,4
505771,6.6,5,1079.0,2,3,2,7,False,Loyal Customers,Free checked bag + 10% loyalty discount + priority service,2
505854,8.0,5,4113.0,1,3,3,7,False,Do Not Lose,Win-back: 18% off next 3 bookings + free upgrade + personalised re-engagement,1
505916,5.75,5,10446.8,3,3,3,9,False,Champions,Loyalty rewards + quarterly exclusive offers + referral bonus,2
505933,9.0,1,220.0,1,1,1,3,False,Hibernating,Soft re-engagement: 10% off + new feature notification (minimal investment),5
505941,6.5,3,1192.0,2,2,2,6,False,Need Attention,Engagement bonus: 12% off + free baggage + loyalty enrolment incentive,3
506013,5.5,4,526.85,3,3,1,7,False,Champions,Loyalty rewards + quarterly exclusive offers + referral bonus,2
506130,4.5,4,2155.0,3,3,3,9,False,Champions,Loyalty rewards + quarterly exclusive offers + referral bonus,2
506186,142.5,3,981.0,1,2,2,5,False,At Risk,Basic re-engagement: 12% off + flash sale notification,5
506234,7.333333333333333,4,1132.0,2,3,2,7,False,Loyal Customers,Free checked bag + 10% loyalty discount + priority service,2
506250,7.333333333333333,3,511.0,2,2,1,5,False,Need Attention,Engagement bonus: 12% off + free baggage + loyalty enrolment incentive,3
506347,0.0,0,0.0,1,1,1,3,True,Hibernating,Soft re-engagement: 10% off + new feature notification (minimal investment),5
506427,7.2,6,2398.0,2,3,3,8,False,Loyal Customers,Free checked bag + 10% loyalty discount + priority service,2
506611,9.0,4,1949.0,1,3,2,6,False,Do Not Lose,Win-back: 18% off next 3 bookings + free upgrade + personalised re-engagement,1
506652,6.666666666666666,3,0.0,2,2,1,5,False,Need Attention,Engagement bonus: 12% off + free baggage + loyalty enrolment incentive,3
506675,7.0,4,1946.5,2,3,2,7,False,Loyal Customers,Free checked bag + 10% loyalty discount + priority service,2
506704,6.5,2,270.0,2,1,1,4,False,About to Sleep,Re-engagement: 18% off + free hotel voucher + last-chance exclusive,4
506777,7.0,1,700.0,2,1,1,4,False,About to Sleep,Re-engagement: 18% off + free hotel voucher + last-chance exclusive,4
506807,7.0,4,1065.0,2,3,2,7,False,Loyal Customers,Free checked bag + 10% loyalty discount + priority service,2
506828,10.0,1,816.0,1,1,1,3,False,Hibernating,Soft re-engagement: 10% off + new feature notification (minimal investment),5
506837,7.333333333333333,3,6213.0,2,2,3,7,False,Need Attention,Engagement bonus: 12% off + free baggage + loyalty enrolment incentive,3
506858,6.0,3,0.0,3,2,1,6,False,Potential Champions,Frequency incentive: 10% off next 5 bookings + bundle deals + exclusive previews,3
506990,0.0,0,0.0,1,1,1,3,True,Hibernating,Soft re-engagement: 10% off + new feature notification (minimal investment),5
507036,6.0,2,895.0,3,1,2,6,False,Promising (Growth),First-booking incentive: 12% off + free cancellation on first 2 bookings,4
507133,9.0,3,4620.0,1,2,3,6,False,At Risk (High Value),Aggressive win-back: 22% off + lounge access + concierge outreach,1
507207,0.0,2,5140.0,3,1,3,7,False,Promising (High-Value),Tiered loyalty benefits + early access to sales + free cancellation (2 bookings),1
507273,5.75,4,377.0,3,3,1,7,False,Champions,Loyalty rewards + quarterly exclusive offers + referral bonus,2
507376,6.0,2,505.0,3,1,1,5,False,Promising (Growth),First-booking incentive: 12% off + free cancellation on first 2 bookings,4
507395,5.5,2,1505.0,3,1,2,6,False,Promising (Growth),First-booking incentive: 12% off + free cancellation on first 2 bookings,4
507431,7.666666666666665,4,1058.2,1,3,2,6,False,Do Not Lose,Win-back: 18% off next 3 bookings + free upgrade + personalised re-engagement,1
507435,6.25,4,1878.0,2,3,2,7,False,Loyal Customers,Free checked bag + 10% loyalty discount + priority service,2
507505,6.5,2,6871.0,2,1,3,6,False,About to Sleep,Re-engagement: 18% off + free hotel voucher + last-chance exclusive,4
507513,0.0,0,0.0,1,1,1,3,True,Hibernating,Soft re-engagement: 10% off + new feature notification (minimal investment),5
507531,0.0,1,1742.0,3,1,2,6,False,Promising (Growth),First-booking incentive: 12% off + free cancellation on first 2 bookings,4
507557,10.0,2,468.0,1,1,1,3,False,Hibernating,Soft re-engagement: 10% off + new feature notification (minimal investment),5
507573,4.333333333333333,3,578.0,3,2,1,6,False,Potential Champions,Frequency incentive: 10% off next 5 bookings + bundle deals + exclusive previews,3
507617,4.5,2,673.7,3,1,1,5,False,Promising (Growth),First-booking incentive: 12% off + free cancellation on first 2 bookings,4
507728,6.5,2,424.0,2,1,1,4,False,About to Sleep,Re-engagement: 18% off + free hotel voucher + last-chance exclusive,4
507732,9.0,4,2478.0,1,3,3,7,False,Do Not Lose,Win-back: 18% off next 3 bookings + free upgrade + personalised re-engagement,1
507753,5.0,1,1704.0,3,1,2,6,False,Promising (Growth),First-booking incentive: 12% off + free cancellation on first 2 bookings,4
507759,8.0,3,664.0,1,2,1,4,False,At Risk,Basic re-engagement: 12% off + flash sale notification,5
507773,5.0,3,854.0,3,2,2,7,False,Potential Champions,Frequency incentive: 10% off next 5 bookings + bundle deals + exclusive previews,3
507805,8.5,4,7067.4,1,3,3,7,False,Do Not Lose,Win-back: 18% off next 3 bookings + free upgrade + personalised re-engagement,1
508050,5.25,4,3727.2,3,3,3,9,False,Champions,Loyalty rewards + quarterly exclusive offers + referral bonus,2
508096,5.0,3,801.0,3,2,1,6,False,Potential Champions,Frequency incentive: 10% off next 5 bookings + bundle deals + exclusive previews,3
508111,0.0,0,0.0,1,1,1,3,True,Hibernating,Soft re-engagement: 10% off + new feature notification (minimal investment),5
508144,7.666666666666665,3,928.0,1,2,2,5,False,At Risk,Basic re-engagement: 12% off + flash sale notification,5
508153,7.5,2,94.0,2,1,1,4,False,About to Sleep,Re-engagement: 18% off + free hotel voucher + last-chance exclusive,4
508240,6.666666666666666,3,539.0,2,2,1,5,False,Need Attention,Engagement bonus: 12% off + free baggage + loyalty enrolment incentive,3
508360,6.0,2,798.0,3,1,1,5,False,Promising (Growth),First-booking incentive: 12% off + free cancellation on first 2 bookings,4
508367,7.0,4,469.0,2,3,1,6,False,Loyal Customers,Free checked bag + 10% loyalty discount + priority service,2
508497,9.0,2,1982.0,1,1,2,4,False,Hibernating,Soft re-engagement: 10% off + new feature notification (minimal investment),5
508512,0.0,1,968.0,3,1,2,6,False,Promising (Growth),First-booking incentive: 12% off + free cancellation on first 2 bookings,4
508546,8.333333333333332,3,422.0,1,2,1,4,False,At Risk,Basic re-engagement: 12% off + flash sale notification,5
508611,0.0,0,0.0,1,1,1,3,True,Hibernating,Soft re-engagement: 10% off + new feature notification (minimal investment),5
508625,4.5,3,4154.0,3,2,3,8,False,Potential Champions,Frequency incentive: 10% off next 5 bookings + bundle deals + exclusive previews,3
508693,9.0,3,1038.3,1,2,2,5,False,At Risk,Basic re-engagement: 12% off + flash sale notification,5
508713,9.0,1,246.5,1,1,1,3,False,Hibernating,Soft re-engagement: 10% off + new feature notification (minimal investment),5
508731,5.666666666666666,4,6541.0,3,3,3,9,False,Champions,Loyalty rewards + quarterly exclusive offers + referral bonus,2
508829,8.5,3,2554.0,1,2,3,6,False,At Risk (High Value),Aggressive win-back: 22% off + lounge access + concierge outreach,1
508848,7.5,2,1293.0,2,1,2,5,False,About to Sleep,Re-engagement: 18% off + free hotel voucher + last-chance exclusive,4
508849,9.0,5,4962.0,1,3,3,7,False,Do Not Lose,Win-back: 18% off next 3 bookings + free upgrade + personalised re-engagement,1
508856,0.0,0,0.0,1,1,1,3,True,Hibernating,Soft re-engagement: 10% off + new feature notification (minimal investment),5
508857,8.4,5,2312.0,1,3,3,7,False,Do Not Lose,Win-back: 18% off next 3 bookings + free upgrade + personalised re-engagement,1
508860,8.0,2,749.2,1,1,1,3,False,Hibernating,Soft re-engagement: 10% off + new feature notification (minimal investment),5
508866,6.333333333333333,3,3119.0,2,2,3,7,False,Need Attention,Engagement bonus: 12% off + free baggage + loyalty enrolment incentive,3
508877,6.666666666666666,6,2456.0,2,3,3,8,False,Loyal Customers,Free checked bag + 10% loyalty discount + priority service,2
508891,7.5,2,0.0,2,1,1,4,False,About to Sleep,Re-engagement: 18% off + free hotel voucher + last-chance exclusive,4
508892,5.666666666666666,3,1981.0,3,2,2,7,False,Potential Champions,Frequency incentive: 10% off next 5 bookings + bundle deals + exclusive previews,3
508901,7.5,2,157.0,2,1,1,4,False,About to Sleep,Re-engagement: 18% off + free hotel voucher + last-chance exclusive,4
508912,7.5,2,0.0,2,1,1,4,False,About to Sleep,Re-engagement: 18% off + free hotel voucher + last-chance exclusive,4
508917,7.0,2,972.0,2,1,2,5,False,About to Sleep,Re-engagement: 18% off + free hotel voucher + last-chance exclusive,4
508923,8.0,3,949.0,1,2,2,5,False,At Risk,Basic re-engagement: 12% off + flash sale notification,5
508938,8.0,3,1144.0,1,2,2,5,False,At Risk,Basic re-engagement: 12% off + flash sale notification,5
508940,8.0,4,2321.0,1,3,3,7,False,Do Not Lose,Win-back: 18% off next 3 bookings + free upgrade + personalised re-engagement,1
508944,10.0,2,302.0,1,1,1,3,False,Hibernating,Soft re-engagement: 10% off + new feature notification (minimal investment),5
508946,6.666666666666666,4,1164.0,2,3,2,7,False,Loyal Customers,Free checked bag + 10% loyalty discount + priority service,2
508964,0.0,0,0.0,1,1,1,3,True,Hibernating,Soft re-engagement: 10% off + new feature notification (minimal investment),5
508973,8.0,2,410.0,1,1,1,3,False,Hibernating,Soft re-engagement: 10% off + new feature notification (minimal investment),5
509001,0.0,0,0.0,1,1,1,3,True,Hibernating,Soft re-engagement: 10% off + new feature notification (minimal investment),5
509024,13.0,1,2035.0,1,1,2,4,False,Hibernating,Soft re-engagement: 10% off + new feature notification (minimal investment),5
509036,6.0,2,111.0,3,1,1,5,False,Promising (Growth),First-booking incentive: 12% off + free cancellation on first 2 bookings,4
509052,8.0,1,116.0,1,1,1,3,False,Hibernating,Soft re-engagement: 10% off + new feature notification (minimal investment),5
509061,6.0,3,1016.8,3,2,2,7,False,Potential Champions,Frequency incentive: 10% off next 5 bookings + bundle deals + exclusive previews,3
509069,9.5,4,574.0,1,3,1,5,False,Do Not Lose,Win-back: 18% off next 3 bookings + free upgrade + personalised re-engagement,1
509098,6.0,2,364.8,3,1,1,5,False,Promising (Growth),First-booking incentive: 12% off + free cancellation on first 2 bookings,4
509115,6.2,8,7240.0,2,3,3,8,False,Loyal Customers,Free checked bag + 10% loyalty discount + priority service,2
509119,10.0,4,1676.0,1,3,2,6,False,Do Not Lose,Win-back: 18% off next 3 bookings + free upgrade + personalised re-engagement,1
509157,10.0,2,1934.0,1,1,2,4,False,Hibernating,Soft re-engagement: 10% off + new feature notification (minimal investment),5
509160,8.0,2,380.0,1,1,1,3,False,Hibernating,Soft re-engagement: 10% off + new feature notification (minimal investment),5
509162,0.0,2,8600.0,3,1,3,7,False,Promising (High-Value),Tiered loyalty benefits + early access to sales + free cancellation (2 bookings),1
509202,10.0,2,319.0,1,1,1,3,False,Hibernating,Soft re-engagement: 10% off + new feature notification (minimal investment),5
509221,7.666666666666665,4,2156.0,1,3,3,7,False,Do Not Lose,Win-back: 18% off next 3 bookings + free upgrade + personalised re-engagement,1
509242,10.666666666666666,3,424.0,1,2,1,4,False,At Risk,Basic re-engagement: 12% off + flash sale notification,5
509272,0.0,1,873.0,3,1,2,6,False,Promising (Growth),First-booking incentive: 12% off + free cancellation on first 2 bookings,4
509278,9.0,2,2940.0,1,1,3,5,False,Hibernating,Soft re-engagement: 10% off + new feature notification (minimal investment),5
509282,9.0,4,2356.0,1,3,3,7,False,Do Not Lose,Win-back: 18% off next 3 bookings + free upgrade + personalised re-engagement,1
509302,6.0,2,615.0,3,1,1,5,False,Promising (Growth),First-booking incentive: 12% off + free cancellation on first 2 bookings,4
509316,7.25,4,1032.0,2,3,2,7,False,Loyal Customers,Free checked bag + 10% loyalty discount + priority service,2
509324,6.333333333333333,3,1887.8,2,2,2,6,False,Need Attention,Engagement bonus: 12% off + free baggage + loyalty enrolment incentive,3
509341,8.5,2,402.0,1,1,1,3,False,Hibernating,Soft re-engagement: 10% off + new feature notification (minimal investment),5
509346,6.5,3,489.0,2,2,1,5,False,Need Attention,Engagement bonus: 12% off + free baggage + loyalty enrolment incentive,3
509353,8.0,1,1632.0,1,1,2,4,False,Hibernating,Soft re-engagement: 10% off + new feature notification (minimal investment),5
509354,4.0,4,4015.0,3,3,3,9,False,Champions,Loyalty rewards + quarterly exclusive offers + referral bonus,2
509359,6.75,4,2735.8,2,3,3,8,False,Loyal Customers,Free checked bag + 10% loyalty discount + priority service,2
509402,0.0,0,0.0,1,1,1,3,True,Hibernating,Soft re-engagement: 10% off + new feature notification (minimal investment),5
509411,9.0,4,192.4,1,3,1,5,False,Do Not Lose,Win-back: 18% off next 3 bookings + free upgrade + personalised re-engagement,1
509413,10.5,2,470.0,1,1,1,3,False,Hibernating,Soft re-engagement: 10% off + new feature notification (minimal investment),5
509414,56.0,1,450.0,1,1,1,3,False,Hibernating,Soft re-engagement: 10% off + new feature notification (minimal investment),5
509419,4.0,4,659.0,3,3,1,7,False,Champions,Loyalty rewards + quarterly exclusive offers + referral bonus,2
509421,7.5,3,1119.1,2,2,2,6,False,Need Attention,Engagement bonus: 12% off + free baggage + loyalty enrolment incentive,3
509435,6.0,4,2864.0,3,3,3,9,False,Champions,Loyalty rewards + quarterly exclusive offers + referral bonus,2
509445,8.0,4,2535.0,1,3,3,7,False,Do Not Lose,Win-back: 18% off next 3 bookings + free upgrade + personalised re-engagement,1
509453,8.5,3,775.0,1,2,1,4,False,At Risk,Basic re-engagement: 12% off + flash sale notification,5
509454,5.0,2,11408.0,3,1,3,7,False,Promising (High-Value),Tiered loyalty benefits + early access to sales + free cancellation (2 bookings),1
509459,4.0,2,8580.0,3,1,3,7,False,Promising (High-Value),Tiered loyalty benefits + early access to sales + free cancellation (2 bookings),1
509467,5.5,2,7042.0,3,1,3,7,False,Promising (High-Value),Tiered loyalty benefits + early access to sales + free cancellation (2 bookings),1
509498,6.0,2,7801.0,3,1,3,7,False,Promising (High-Value),Tiered loyalty benefits + early access to sales + free cancellation (2 bookings),1
509515,6.0,2,2802.0,3,1,3,7,False,Promising (High-Value),Tiered loyalty benefits + early access to sales + free cancellation (2 bookings),1
509516,7.0,3,854.1,2,2,2,6,False,Need Attention,Engagement bonus: 12% off + free baggage + loyalty enrolment incentive,3
509530,9.0,6,3182.0,1,3,3,7,False,Do Not Lose,Win-back: 18% off next 3 bookings + free upgrade + personalised re-engagement,1
509552,364.0,3,2125.0,1,2,3,6,False,At Risk (High Value),Aggressive win-back: 22% off + lounge access + concierge outreach,1
509598,7.666666666666665,3,1653.0,1,2,2,5,False,At Risk,Basic re-engagement: 12% off + flash sale notification,5
509603,7.0,2,4736.25,2,1,3,6,False,About to Sleep,Re-engagement: 18% off + free hotel voucher + last-chance exclusive,4
509626,117.0,3,1411.6,1,2,2,5,False,At Risk,Basic re-engagement: 12% off + flash sale notification,5
509635,7.0,3,297.0,2,2,1,5,False,Need Attention,Engagement bonus: 12% off + free baggage + loyalty enrolment incentive,3
509638,5.0,1,0.0,3,1,1,5,False,Promising (Growth),First-booking incentive: 12% off + free cancellation on first 2 bookings,4
509645,7.0,3,1508.4,2,2,2,6,False,Need Attention,Engagement bonus: 12% off + free baggage + loyalty enrolment incentive,3
509681,9.33333333333333,4,4856.0,1,3,3,7,False,Do Not Lose,Win-back: 18% off next 3 bookings + free upgrade + personalised re-engagement,1
509712,6.0,3,1434.0,3,2,2,7,False,Potential Champions,Frequency incentive: 10% off next 5 bookings + bundle deals + exclusive previews,3
509713,5.0,3,4311.5,3,2,3,8,False,Potential Champions,Frequency incentive: 10% off next 5 bookings + bundle deals + exclusive previews,3
509717,6.0,4,1431.0,3,3,2,8,False,Champions,Loyalty rewards + quarterly exclusive offers + referral bonus,2
509749,8.0,7,2353.85,1,3,3,7,False,Do Not Lose,Win-back: 18% off next 3 bookings + free upgrade + personalised re-engagement,1
509763,7.0,6,2086.6,2,3,3,8,False,Loyal Customers,Free checked bag + 10% loyalty discount + priority service,2
509765,7.75,4,452.0,1,3,1,5,False,Do Not Lose,Win-back: 18% off next 3 bookings + free upgrade + personalised re-engagement,1
509781,307.0,2,1719.0,1,1,2,4,False,Hibernating,Soft re-engagement: 10% off + new feature notification (minimal investment),5
509822,7.333333333333333,3,1324.0,2,2,2,6,False,Need Attention,Engagement bonus: 12% off + free baggage + loyalty enrolment incentive,3
509826,11.0,1,216.0,1,1,1,3,False,Hibernating,Soft re-engagement: 10% off + new feature notification (minimal investment),5
509841,70.0,3,1031.0,1,2,2,5,False,At Risk,Basic re-engagement: 12% off + flash sale notification,5
509855,0.0,0,0.0,1,1,1,3,True,Hibernating,Soft re-engagement: 10% off + new feature notification (minimal investment),5
509876,0.0,0,0.0,1,1,1,3,True,Hibernating,Soft re-engagement: 10% off + new feature notification (minimal investment),5
509892,0.0,1,910.0,3,1,2,6,False,Promising (Growth),First-booking incentive: 12% off + free cancellation on first 2 bookings,4
509903,5.4,5,2818.0,3,3,3,9,False,Champions,Loyalty rewards + quarterly exclusive offers + referral bonus,2
509919,5.0,3,2138.0,3,2,3,8,False,Potential Champions,Frequency incentive: 10% off next 5 bookings + bundle deals + exclusive previews,3
509924,0.0,0,0.0,1,1,1,3,True,Hibernating,Soft re-engagement: 10% off + new feature notification (minimal investment),5
509933,7.0,3,5077.0,2,2,3,7,False,Need Attention,Engagement bonus: 12% off + free baggage + loyalty enrolment incentive,3
509969,0.0,1,379.2,3,1,1,5,False,Promising (Growth),First-booking incentive: 12% off + free cancellation on first 2 bookings,4
509990,7.0,1,64.0,2,1,1,4,False,About to Sleep,Re-engagement: 18% off + free hotel voucher + last-chance exclusive,4
510003,6.0,1,504.0,3,1,1,5,False,Promising (Growth),First-booking incentive: 12% off + free cancellation on first 2 bookings,4
510022,7.666666666666665,4,895.0,1,3,2,6,False,Do Not Lose,Win-back: 18% off next 3 bookings + free upgrade + personalised re-engagement,1
510044,5.666666666666666,3,1038.0,3,2,2,7,False,Potential Champions,Frequency incentive: 10% off next 5 bookings + bundle deals + exclusive previews,3
510048,7.0,2,1720.0,2,1,2,5,False,About to Sleep,Re-engagement: 18% off + free hotel voucher + last-chance exclusive,4
510061,6.8,5,1818.0,2,3,2,7,False,Loyal Customers,Free checked bag + 10% loyalty discount + priority service,2
510067,7.666666666666665,4,4188.0,1,3,3,7,False,Do Not Lose,Win-back: 18% off next 3 bookings + free upgrade + personalised re-engagement,1
510070,157.0,4,6228.2,1,3,3,7,False,Do Not Lose,Win-back: 18% off next 3 bookings + free upgrade + personalised re-engagement,1
510078,10.0,2,1028.0,1,1,2,4,False,Hibernating,Soft re-engagement: 10% off + new feature notification (minimal investment),5
510079,6.0,1,0.0,3,1,1,5,False,Promising (Growth),First-booking incentive: 12% off + free cancellation on first 2 bookings,4
510081,5.0,3,2711.0,3,2,3,8,False,Potential Champions,Frequency incentive: 10% off next 5 bookings + bundle deals + exclusive previews,3
510090,5.0,1,88.0,3,1,1,5,False,Promising (Growth),First-booking incentive: 12% off + free cancellation on first 2 bookings,4
510093,7.5,4,2925.0,2,3,3,8,False,Loyal Customers,Free checked bag + 10% loyalty discount + priority service,2
510094,8.0,1,1179.0,1,1,2,4,False,Hibernating,Soft re-engagement: 10% off + new feature notification (minimal investment),5
510104,8.0,3,538.0,1,2,1,4,False,At Risk,Basic re-engagement: 12% off + flash sale notification,5
510108,129.5,2,1267.0,1,1,2,4,False,Hibernating,Soft re-engagement: 10% off + new feature notification (minimal investment),5
510112,6.0,1,1580.0,3,1,2,6,False,Promising (Growth),First-booking incentive: 12% off + free cancellation on first 2 bookings,4
510114,5.0,6,4571.0,3,3,3,9,False,Champions,Loyalty rewards + quarterly exclusive offers + referral bonus,2
510134,5.8,6,5658.2,3,3,3,9,False,Champions,Loyalty rewards + quarterly exclusive offers + referral bonus,2
510155,6.5,4,7929.0,2,3,3,8,False,Loyal Customers,Free checked bag + 10% loyalty discount + priority service,2
510156,8.75,5,4311.0,1,3,3,7,False,Do Not Lose,Win-back: 18% off next 3 bookings + free upgrade + personalised re-engagement,1
510163,5.666666666666666,4,5788.0,3,3,3,9,False,Champions,Loyalty rewards + quarterly exclusive offers + referral bonus,2
510164,4.5,2,1657.0,3,1,2,6,False,Promising (Growth),First-booking incentive: 12% off + free cancellation on first 2 bookings,4
510170,6.0,3,1639.9,3,2,2,7,False,Potential Champions,Frequency incentive: 10% off next 5 bookings + bundle deals + exclusive previews,3
510172,6.666666666666666,3,974.0,2,2,2,6,False,Need Attention,Engagement bonus: 12% off + free baggage + loyalty enrolment incentive,3
510179,97.0,5,2717.0,1,3,3,7,False,Do Not Lose,Win-back: 18% off next 3 bookings + free upgrade + personalised re-engagement,1
510185,7.333333333333333,4,7456.1,2,3,3,8,False,Loyal Customers,Free checked bag + 10% loyalty discount + priority service,2
510188,6.666666666666666,4,942.0,2,3,2,7,False,Loyal Customers,Free checked bag + 10% loyalty discount + priority service,2
510195,5.0,4,4048.0,3,3,3,9,False,Champions,Loyalty rewards + quarterly exclusive offers + referral bonus,2
510198,7.333333333333333,3,1499.2,2,2,2,6,False,Need Attention,Engagement bonus: 12% off + free baggage + loyalty enrolment incentive,3
510213,6.0,5,1775.0,3,3,2,8,False,Champions,Loyalty rewards + quarterly exclusive offers + referral bonus,2
510215,6.0,3,2065.8,3,2,3,8,False,Potential Champions,Frequency incentive: 10% off next 5 bookings + bundle deals + exclusive previews,3
510219,6.333333333333333,3,1128.0,2,2,2,6,False,Need Attention,Engagement bonus: 12% off + free baggage + loyalty enrolment incentive,3
510227,7.5,2,346.0,2,1,1,4,False,About to Sleep,Re-engagement: 18% off + free hotel voucher + last-chance exclusive,4
510238,6.0,3,1918.0,3,2,2,7,False,Potential Champions,Frequency incentive: 10% off next 5 bookings + bundle deals + exclusive previews,3
510239,6.0,2,4076.4,3,1,3,7,False,Promising (High-Value),Tiered loyalty benefits + early access to sales + free cancellation (2 bookings),1
510243,8.0,3,965.0,1,2,2,5,False,At Risk,Basic re-engagement: 12% off + flash sale notification,5
510257,4.5,2,0.0,3,1,1,5,False,Promising (Growth),First-booking incentive: 12% off + free cancellation on first 2 bookings,4
510270,6.0,1,0.0,3,1,1,5,False,Promising (Growth),First-booking incentive: 12% off + free cancellation on first 2 bookings,4
510283,0.0,0,0.0,1,1,1,3,True,Hibernating,Soft re-engagement: 10% off + new feature notification (minimal investment),5
510315,7.5,2,231.0,2,1,1,4,False,About to Sleep,Re-engagement: 18% off + free hotel voucher + last-chance exclusive,4
510316,0.0,1,2057.0,3,1,3,7,False,Promising (High-Value),Tiered loyalty benefits + early access to sales + free cancellation (2 bookings),1
510326,7.5,6,3978.0,2,3,3,8,False,Loyal Customers,Free checked bag + 10% loyalty discount + priority service,2
510328,6.8,5,854.8,2,3,2,7,False,Loyal Customers,Free checked bag + 10% loyalty discount + priority service,2
510343,7.5,4,2242.2,2,3,3,8,False,Loyal Customers,Free checked bag + 10% loyalty discount + priority service,2
510356,4.5,2,987.0,3,1,2,6,False,Promising (Growth),First-booking incentive: 12% off + free cancellation on first 2 bookings,4
510365,5.5,4,6670.0,3,3,3,9,False,Champions,Loyalty rewards + quarterly exclusive offers + referral bonus,2
510369,6.666666666666666,3,1578.0,2,2,2,6,False,Need Attention,Engagement bonus: 12% off + free baggage + loyalty enrolment incentive,3
510379,0.0,1,303.0,3,1,1,5,False,Promising (Growth),First-booking incentive: 12% off + free cancellation on first 2 bookings,4
510393,8.0,1,792.0,1,1,1,3,False,Hibernating,Soft re-engagement: 10% off + new feature notification (minimal investment),5
510418,0.0,0,0.0,1,1,1,3,True,Hibernating,Soft re-engagement: 10% off + new feature notification (minimal investment),5
510423,7.0,2,938.7,2,1,2,5,False,About to Sleep,Re-engagement: 18% off + free hotel voucher + last-chance exclusive,4
510449,8.5,4,498.0,1,3,1,5,False,Do Not Lose,Win-back: 18% off next 3 bookings + free upgrade + personalised re-engagement,1
510452,5.25,4,4086.4,3,3,3,9,False,Champions,Loyalty rewards + quarterly exclusive offers + referral bonus,2
510459,7.0,3,1527.0,2,2,2,6,False,Need Attention,Engagement bonus: 12% off + free baggage + loyalty enrolment incentive,3
510490,0.0,1,616.0,3,1,1,5,False,Promising (Growth),First-booking incentive: 12% off + free cancellation on first 2 bookings,4
510494,7.4,5,1061.0,2,3,2,7,False,Loyal Customers,Free checked bag + 10% loyalty discount + priority service,2
510511,4.0,2,1523.0,3,1,2,6,False,Promising (Growth),First-booking incentive: 12% off + free cancellation on first 2 bookings,4
510533,4.0,1,672.0,3,1,1,5,False,Promising (Growth),First-booking incentive: 12% off + free cancellation on first 2 bookings,4
510537,61.5,5,2414.2,1,3,3,7,False,Do Not Lose,Win-back: 18% off next 3 bookings + free upgrade + personalised re-engagement,1
510543,0.0,0,0.0,1,1,1,3,True,Hibernating,Soft re-engagement: 10% off + new feature notification (minimal investment),5
510545,0.0,1,1710.0,3,1,2,6,False,Promising (Growth),First-booking incentive: 12% off + free cancellation on first 2 bookings,4
510558,8.0,1,114.0,1,1,1,3,False,Hibernating,Soft re-engagement: 10% off + new feature notification (minimal investment),5
510570,4.0,4,4356.0,3,3,3,9,False,Champions,Loyalty rewards + quarterly exclusive offers + referral bonus,2
510571,225.0,4,9330.0,1,3,3,7,False,Do Not Lose,Win-back: 18% off next 3 bookings + free upgrade + personalised re-engagement,1
510575,0.0,0,0.0,1,1,1,3,True,Hibernating,Soft re-engagement: 10% off + new feature notification (minimal investment),5
510580,9.0,3,1401.0,1,2,2,5,False,At Risk,Basic re-engagement: 12% off + flash sale notification,5
510582,4.0,2,2615.5,3,1,3,7,False,Promising (High-Value),Tiered loyalty benefits + early access to sales + free cancellation (2 bookings),1
510585,224.0,1,3107.0,1,1,3,5,False,Hibernating,Soft re-engagement: 10% off + new feature notification (minimal investment),5
510586,8.2,5,1763.0,1,3,2,6,False,Do Not Lose,Win-back: 18% off next 3 bookings + free upgrade + personalised re-engagement,1
510610,7.0,1,683.4,2,1,1,4,False,About to Sleep,Re-engagement: 18% off + free hotel voucher + last-chance exclusive,4
510618,6.0,3,1599.2,3,2,2,7,False,Potential Champions,Frequency incentive: 10% off next 5 bookings + bundle deals + exclusive previews,3
510676,9.0,3,248.0,1,2,1,4,False,At Risk,Basic re-engagement: 12% off + flash sale notification,5
510686,8.0,3,4975.0,1,2,3,6,False,At Risk (High Value),Aggressive win-back: 22% off + lounge access + concierge outreach,1
510694,7.333333333333333,3,673.6,2,2,1,5,False,Need Attention,Engagement bonus: 12% off + free baggage + loyalty enrolment incentive,3
510700,10.5,3,6034.0,1,2,3,6,False,At Risk (High Value),Aggressive win-back: 22% off + lounge access + concierge outreach,1
510707,7.5,2,700.0,2,1,1,4,False,About to Sleep,Re-engagement: 18% off + free hotel voucher + last-chance exclusive,4
510719,0.0,1,1940.0,3,1,2,6,False,Promising (Growth),First-booking incentive: 12% off + free cancellation on first 2 bookings,4
510733,6.0,2,183.6,3,1,1,5,False,Promising (Growth),First-booking incentive: 12% off + free cancellation on first 2 bookings,4
510754,6.5,5,1258.0,2,3,2,7,False,Loyal Customers,Free checked bag + 10% loyalty discount + priority service,2
510779,9.0,4,934.0,1,3,2,6,False,Do Not Lose,Win-back: 18% off next 3 bookings + free upgrade + personalised re-engagement,1
510805,5.0,2,938.0,3,1,2,6,False,Promising (Growth),First-booking incentive: 12% off + free cancellation on first 2 bookings,4
510815,6.5,4,4163.0,2,3,3,8,False,Loyal Customers,Free checked bag + 10% loyalty discount + priority service,2
510822,4.333333333333333,4,4191.05,3,3,3,9,False,Champions,Loyalty rewards + quarterly exclusive offers + referral bonus,2
510828,0.0,0,0.0,1,1,1,3,True,Hibernating,Soft re-engagement: 10% off + new feature notification (minimal investment),5
510836,6.8,5,904.0,2,3,2,7,False,Loyal Customers,Free checked bag + 10% loyalty discount + priority service,2
510841,7.7142857142857135,7,2453.6,1,3,3,7,False,Do Not Lose,Win-back: 18% off next 3 bookings + free upgrade + personalised re-engagement,1
510890,7.75,5,1328.6,1,3,2,6,False,Do Not Lose,Win-back: 18% off next 3 bookings + free upgrade + personalised re-engagement,1
510899,7.5,2,1364.0,2,1,2,5,False,About to Sleep,Re-engagement: 18% off + free hotel voucher + last-chance exclusive,4
510944,7.666666666666665,6,712.6,1,3,1,5,False,Do Not Lose,Win-back: 18% off next 3 bookings + free upgrade + personalised re-engagement,1
510946,8.333333333333332,3,6826.0,1,2,3,6,False,At Risk (High Value),Aggressive win-back: 22% off + lounge access + concierge outreach,1
510953,7.5,2,0.0,2,1,1,4,False,About to Sleep,Re-engagement: 18% off + free hotel voucher + last-chance exclusive,4
510960,7.333333333333333,3,574.0,2,2,1,5,False,Need Attention,Engagement bonus: 12% off + free baggage + loyalty enrolment incentive,3
510961,5.0,4,1494.0,3,3,2,8,False,Champions,Loyalty rewards + quarterly exclusive offers + referral bonus,2
510972,8.333333333333332,3,2180.0,1,2,3,6,False,At Risk (High Value),Aggressive win-back: 22% off + lounge access + concierge outreach,1
511017,6.0,1,177.0,3,1,1,5,False,Promising (Growth),First-booking incentive: 12% off + free cancellation on first 2 bookings,4
511055,8.0,2,754.0,1,1,1,3,False,Hibernating,Soft re-engagement: 10% off + new feature notification (minimal investment),5
511066,6.0,3,889.0,3,2,2,7,False,Potential Champions,Frequency incentive: 10% off next 5 bookings + bundle deals + exclusive previews,3
511093,5.0,3,874.6,3,2,2,7,False,Potential Champions,Frequency incentive: 10% off next 5 bookings + bundle deals + exclusive previews,3
511122,10.0,2,746.0,1,1,1,3,False,Hibernating,Soft re-engagement: 10% off + new feature notification (minimal investment),5
511125,7.333333333333333,3,375.0,2,2,1,5,False,Need Attention,Engagement bonus: 12% off + free baggage + loyalty enrolment incentive,3
511126,8.666666666666666,5,3564.1,1,3,3,7,False,Do Not Lose,Win-back: 18% off next 3 bookings + free upgrade + personalised re-engagement,1
511140,5.5,3,3610.8,3,2,3,8,False,Potential Champions,Frequency incentive: 10% off next 5 bookings + bundle deals + exclusive previews,3
511142,5.333333333333333,3,2102.0,3,2,3,8,False,Potential Champions,Frequency incentive: 10% off next 5 bookings + bundle deals + exclusive previews,3
511145,4.0,3,4699.7,3,2,3,8,False,Potential Champions,Frequency incentive: 10% off next 5 bookings + bundle deals + exclusive previews,3
511148,4.5,3,1627.0,3,2,2,7,False,Potential Champions,Frequency incentive: 10% off next 5 bookings + bundle deals + exclusive previews,3
511160,7.666666666666665,3,606.0,1,2,1,4,False,At Risk,Basic re-engagement: 12% off + flash sale notification,5
511178,7.0,4,922.0,2,3,2,7,False,Loyal Customers,Free checked bag + 10% loyalty discount + priority service,2
511195,3.0,2,1802.0,3,1,2,6,False,Promising (Growth),First-booking incentive: 12% off + free cancellation on first 2 bookings,4
511208,6.333333333333333,3,6786.0,2,2,3,7,False,Need Attention,Engagement bonus: 12% off + free baggage + loyalty enrolment incentive,3
511219,0.0,1,412.0,3,1,1,5,False,Promising (Growth),First-booking incentive: 12% off + free cancellation on first 2 bookings,4
511223,5.0,3,474.8,3,2,1,6,False,Potential Champions,Frequency incentive: 10% off next 5 bookings + bundle deals + exclusive previews,3
511238,0.0,0,0.0,1,1,1,3,True,Hibernating,Soft re-engagement: 10% off + new feature notification (minimal investment),5
511260,7.0,2,2450.0,2,1,3,6,False,About to Sleep,Re-engagement: 18% off + free hotel voucher + last-chance exclusive,4
511298,7.666666666666665,4,2082.4,1,3,3,7,False,Do Not Lose,Win-back: 18% off next 3 bookings + free upgrade + personalised re-engagement,1
511314,101.5,3,2868.0,1,2,3,6,False,At Risk (High Value),Aggressive win-back: 22% off + lounge access + concierge outreach,1
511326,7.666666666666665,3,1101.0,1,2,2,5,False,At Risk,Basic re-engagement: 12% off + flash sale notification,5
511328,6.0,2,1199.2,3,1,2,6,False,Promising (Growth),First-booking incentive: 12% off + free cancellation on first 2 bookings,4
511331,6.333333333333333,6,1619.45,2,3,2,7,False,Loyal Customers,Free checked bag + 10% loyalty discount + priority service,2
511364,7.0,3,944.0,2,2,2,6,False,Need Attention,Engagement bonus: 12% off + free baggage + loyalty enrolment incentive,3
511377,0.0,2,3266.0,3,1,3,7,False,Promising (High-Value),Tiered loyalty benefits + early access to sales + free cancellation (2 bookings),1
511379,5.0,3,643.0,3,2,1,6,False,Potential Champions,Frequency incentive: 10% off next 5 bookings + bundle deals + exclusive previews,3
511397,5.6,5,3389.0,3,3,3,9,False,Champions,Loyalty rewards + quarterly exclusive offers + referral bonus,2
511398,9.8,5,3354.0,1,3,3,7,False,Do Not Lose,Win-back: 18% off next 3 bookings + free upgrade + personalised re-engagement,1
511399,7.5,2,390.0,2,1,1,4,False,About to Sleep,Re-engagement: 18% off + free hotel voucher + last-chance exclusive,4
511418,9.5,2,460.8,1,1,1,3,False,Hibernating,Soft re-engagement: 10% off + new feature notification (minimal investment),5
511424,12.0,2,2887.0,1,1,3,5,False,Hibernating,Soft re-engagement: 10% off + new feature notification (minimal investment),5
511433,7.25,5,1737.6,2,3,2,7,False,Loyal Customers,Free checked bag + 10% loyalty discount + priority service,2
511440,6.5,2,1057.0,2,1,2,5,False,About to Sleep,Re-engagement: 18% off + free hotel voucher + last-chance exclusive,4
511455,6.666666666666666,3,322.0,2,2,1,5,False,Need Attention,Engagement bonus: 12% off + free baggage + loyalty enrolment incentive,3
511469,8.5,3,918.0,1,2,2,5,False,At Risk,Basic re-engagement: 12% off + flash sale notification,5
511489,8.0,3,3046.6,1,2,3,6,False,At Risk (High Value),Aggressive win-back: 22% off + lounge access + concierge outreach,1
511502,6.5,2,4327.0,2,1,3,6,False,About to Sleep,Re-engagement: 18% off + free hotel voucher + last-chance exclusive,4
511504,5.666666666666666,3,1179.0,3,2,2,7,False,Potential Champions,Frequency incentive: 10% off next 5 bookings + bundle deals + exclusive previews,3
511535,4.333333333333333,3,906.6,3,2,2,7,False,Potential Champions,Frequency incentive: 10% off next 5 bookings + bundle deals + exclusive previews,3
511542,8.0,3,1150.0,1,2,2,5,False,At Risk,Basic re-engagement: 12% off + flash sale notification,5
511549,4.5,2,516.0,3,1,1,5,False,Promising (Growth),First-booking incentive: 12% off + free cancellation on first 2 bookings,4
511552,0.0,0,0.0,1,1,1,3,True,Hibernating,Soft re-engagement: 10% off + new feature notification (minimal investment),5
511554,6.0,2,853.0,3,1,2,6,False,Promising (Growth),First-booking incentive: 12% off + free cancellation on first 2 bookings,4
511560,7.25,4,1848.0,2,3,2,7,False,Loyal Customers,Free checked bag + 10% loyalty discount + priority service,2
511567,6.2,5,723.0,2,3,1,6,False,Loyal Customers,Free checked bag + 10% loyalty discount + priority service,2
511568,252.0,1,0.0,1,1,1,3,False,Hibernating,Soft re-engagement: 10% off + new feature notification (minimal investment),5
511570,12.0,3,6145.0,1,2,3,6,False,At Risk (High Value),Aggressive win-back: 22% off + lounge access + concierge outreach,1
511577,4.5,2,0.0,3,1,1,5,False,Promising (Growth),First-booking incentive: 12% off + free cancellation on first 2 bookings,4
511578,4.8,5,4355.0,3,3,3,9,False,Champions,Loyalty rewards + quarterly exclusive offers + referral bonus,2
511587,10.0,2,211.0,1,1,1,3,False,Hibernating,Soft re-engagement: 10% off + new feature notification (minimal investment),5
511589,0.0,1,307.8,3,1,1,5,False,Promising (Growth),First-booking incentive: 12% off + free cancellation on first 2 bookings,4
511608,0.0,1,1254.0,3,1,2,6,False,Promising (Growth),First-booking incentive: 12% off + free cancellation on first 2 bookings,4
511609,8.0,2,2427.5,1,1,3,5,False,Hibernating,Soft re-engagement: 10% off + new feature notification (minimal investment),5
511613,8.333333333333332,3,1186.0,1,2,2,5,False,At Risk,Basic re-engagement: 12% off + flash sale notification,5
511638,4.5,3,2411.0,3,2,3,8,False,Potential Champions,Frequency incentive: 10% off next 5 bookings + bundle deals + exclusive previews,3
511665,5.0,1,908.0,3,1,2,6,False,Promising (Growth),First-booking incentive: 12% off + free cancellation on first 2 bookings,4
511666,4.5,3,2817.4,3,2,3,8,False,Potential Champions,Frequency incentive: 10% off next 5 bookings + bundle deals + exclusive previews,3
511677,5.333333333333333,3,2729.5,3,2,3,8,False,Potential Champions,Frequency incentive: 10% off next 5 bookings + bundle deals + exclusive previews,3
511680,6.0,4,3557.0,3,3,3,9,False,Champions,Loyalty rewards + quarterly exclusive offers + referral bonus,2
511697,7.0,4,1775.9,2,3,2,7,False,Loyal Customers,Free checked bag + 10% loyalty discount + priority service,2
511712,6.333333333333333,3,1598.8,2,2,2,6,False,Need Attention,Engagement bonus: 12% off + free baggage + loyalty enrolment incentive,3
511726,6.0,2,1269.0,3,1,2,6,False,Promising (Growth),First-booking incentive: 12% off + free cancellation on first 2 bookings,4
511739,8.333333333333332,3,5460.0,1,2,3,6,False,At Risk (High Value),Aggressive win-back: 22% off + lounge access + concierge outreach,1
511757,0.0,0,0.0,1,1,1,3,True,Hibernating,Soft re-engagement: 10% off + new feature notification (minimal investment),5
511762,11.0,3,4294.0,1,2,3,6,False,At Risk (High Value),Aggressive win-back: 22% off + lounge access + concierge outreach,1
511764,6.0,1,668.0,3,1,1,5,False,Promising (Growth),First-booking incentive: 12% off + free cancellation on first 2 bookings,4
511772,8.666666666666666,3,1609.75,1,2,2,5,False,At Risk,Basic re-engagement: 12% off + flash sale notification,5
511778,7.333333333333333,3,2766.5,2,2,3,7,False,Need Attention,Engagement bonus: 12% off + free baggage + loyalty enrolment incentive,3
511783,6.25,4,1226.4,2,3,2,7,False,Loyal Customers,Free checked bag + 10% loyalty discount + priority service,2
511784,0.0,0,0.0,1,1,1,3,True,Hibernating,Soft re-engagement: 10% off + new feature notification (minimal investment),5
511800,6.5,7,6636.0,2,3,3,8,False,Loyal Customers,Free checked bag + 10% loyalty discount + priority service,2
511803,7.666666666666665,4,5521.2,1,3,3,7,False,Do Not Lose,Win-back: 18% off next 3 bookings + free upgrade + personalised re-engagement,1
511805,7.0,4,2341.0,2,3,3,8,False,Loyal Customers,Free checked bag + 10% loyalty discount + priority service,2
511809,5.0,2,1015.0,3,1,2,6,False,Promising (Growth),First-booking incentive: 12% off + free cancellation on first 2 bookings,4
511811,6.666666666666666,3,627.3,2,2,1,5,False,Need Attention,Engagement bonus: 12% off + free baggage + loyalty enrolment incentive,3
511821,0.0,0,0.0,1,1,1,3,True,Hibernating,Soft re-engagement: 10% off + new feature notification (minimal investment),5
511827,0.0,1,2360.0,3,1,3,7,False,Promising (High-Value),Tiered loyalty benefits + early access to sales + free cancellation (2 bookings),1
511851,5.5,2,1391.0,3,1,2,6,False,Promising (Growth),First-booking incentive: 12% off + free cancellation on first 2 bookings,4
511859,5.5,3,6829.4,3,2,3,8,False,Potential Champions,Frequency incentive: 10% off next 5 bookings + bundle deals + exclusive previews,3
511860,5.666666666666666,4,836.0,3,3,2,8,False,Champions,Loyalty rewards + quarterly exclusive offers + referral bonus,2
511862,6.0,4,997.25,3,3,2,8,False,Champions,Loyalty rewards + quarterly exclusive offers + referral bonus,2
511878,0.0,0,0.0,1,1,1,3,True,Hibernating,Soft re-engagement: 10% off + new feature notification (minimal investment),5
511884,6.75,4,1623.0,2,3,2,7,False,Loyal Customers,Free checked bag + 10% loyalty discount + priority service,2
511902,6.0,3,1146.2,3,2,2,7,False,Potential Champions,Frequency incentive: 10% off next 5 bookings + bundle deals + exclusive previews,3
511910,0.0,1,774.0,3,1,1,5,False,Promising (Growth),First-booking incentive: 12% off + free cancellation on first 2 bookings,4
511916,6.5,2,212.0,2,1,1,4,False,About to Sleep,Re-engagement: 18% off + free hotel voucher + last-chance exclusive,4
511923,9.0,2,838.0,1,1,2,4,False,Hibernating,Soft re-engagement: 10% off + new feature notification (minimal investment),5
511936,10.5,3,1157.0,1,2,2,5,False,At Risk,Basic re-engagement: 12% off + flash sale notification,5
511943,6.5,3,4711.8,2,2,3,7,False,Need Attention,Engagement bonus: 12% off + free baggage + loyalty enrolment incentive,3
511977,5.0,1,300.0,3,1,1,5,False,Promising (Growth),First-booking incentive: 12% off + free cancellation on first 2 bookings,4
511989,0.0,0,0.0,1,1,1,3,True,Hibernating,Soft re-engagement: 10% off + new feature notification (minimal investment),5
511996,5.0,3,339.8,3,2,1,6,False,Potential Champions,Frequency incentive: 10% off next 5 bookings + bundle deals + exclusive previews,3
511998,5.5,2,268.0,3,1,1,5,False,Promising (Growth),First-booking incentive: 12% off + free cancellation on first 2 bookings,4
512009,6.333333333333333,3,1149.0,2,2,2,6,False,Need Attention,Engagement bonus: 12% off + free baggage + loyalty enrolment incentive,3
512010,6.5,3,1785.6,2,2,2,6,False,Need Attention,Engagement bonus: 12% off + free baggage + loyalty enrolment incentive,3
512016,3.0,2,3952.0,3,1,3,7,False,Promising (High-Value),Tiered loyalty benefits + early access to sales + free cancellation (2 bookings),1
512024,9.0,2,2421.0,1,1,3,5,False,Hibernating,Soft re-engagement: 10% off + new feature notification (minimal investment),5
512028,6.5,2,59.0,2,1,1,4,False,About to Sleep,Re-engagement: 18% off + free hotel voucher + last-chance exclusive,4
512060,6.0,3,1593.0,3,2,2,7,False,Potential Champions,Frequency incentive: 10% off next 5 bookings + bundle deals + exclusive previews,3
512063,9.0,1,624.0,1,1,1,3,False,Hibernating,Soft re-engagement: 10% off + new feature notification (minimal investment),5
512069,6.6,5,3912.2,2,3,3,8,False,Loyal Customers,Free checked bag + 10% loyalty discount + priority service,2
512078,8.5,2,582.0,1,1,1,3,False,Hibernating,Soft re-engagement: 10% off + new feature notification (minimal investment),5
512099,9.5,4,1135.9,1,3,2,6,False,Do Not Lose,Win-back: 18% off next 3 bookings + free upgrade + personalised re-engagement,1
512103,8.5,2,502.0,1,1,1,3,False,Hibernating,Soft re-engagement: 10% off + new feature notification (minimal investment),5
512144,0.0,0,0.0,1,1,1,3,True,Hibernating,Soft re-engagement: 10% off + new feature notification (minimal investment),5
512147,0.0,2,1547.0,3,1,2,6,False,Promising (Growth),First-booking incentive: 12% off + free cancellation on first 2 bookings,4
512148,0.0,1,372.0,3,1,1,5,False,Promising (Growth),First-booking incentive: 12% off + free cancellation on first 2 bookings,4
512163,9.0,2,1572.0,1,1,2,4,False,Hibernating,Soft re-engagement: 10% off + new feature notification (minimal investment),5
512173,63.25,4,5694.4,1,3,3,7,False,Do Not Lose,Win-back: 18% off next 3 bookings + free upgrade + personalised re-engagement,1
512190,0.0,1,3696.0,3,1,3,7,False,Promising (High-Value),Tiered loyalty benefits + early access to sales + free cancellation (2 bookings),1
512193,6.0,1,336.0,3,1,1,5,False,Promising (Growth),First-booking incentive: 12% off + free cancellation on first 2 bookings,4
512197,7.666666666666665,4,2652.0,1,3,3,7,False,Do Not Lose,Win-back: 18% off next 3 bookings + free upgrade + personalised re-engagement,1
512201,7.0,4,1961.2,2,3,2,7,False,Loyal Customers,Free checked bag + 10% loyalty discount + priority service,2
512204,8.75,4,2107.5,1,3,3,7,False,Do Not Lose,Win-back: 18% off next 3 bookings + free upgrade + personalised re-engagement,1
512243,7.5,3,1983.0,2,2,2,6,False,Need Attention,Engagement bonus: 12% off + free baggage + loyalty enrolment incentive,3
512249,0.0,0,0.0,1,1,1,3,True,Hibernating,Soft re-engagement: 10% off + new feature notification (minimal investment),5
512266,10.333333333333332,3,1496.0,1,2,2,5,False,At Risk,Basic re-engagement: 12% off + flash sale notification,5
512271,6.8,6,3004.0,2,3,3,8,False,Loyal Customers,Free checked bag + 10% loyalty discount + priority service,2
512283,6.8,5,1069.0,2,3,2,7,False,Loyal Customers,Free checked bag + 10% loyalty discount + priority service,2
512289,7.5,2,812.0,2,1,1,4,False,About to Sleep,Re-engagement: 18% off + free hotel voucher + last-chance exclusive,4
512294,5.25,5,1302.0,3,3,2,8,False,Champions,Loyalty rewards + quarterly exclusive offers + referral bonus,2
512295,7.6,5,1272.2,1,3,2,6,False,Do Not Lose,Win-back: 18% off next 3 bookings + free upgrade + personalised re-engagement,1
512301,6.5,5,1079.6,2,3,2,7,False,Loyal Customers,Free checked bag + 10% loyalty discount + priority service,2
512302,11.0,4,556.8,1,3,1,5,False,Do Not Lose,Win-back: 18% off next 3 bookings + free upgrade + personalised re-engagement,1
512303,5.666666666666666,4,1801.65,3,3,2,8,False,Champions,Loyalty rewards + quarterly exclusive offers + referral bonus,2
512305,0.0,2,1756.0,3,1,2,6,False,Promising (Growth),First-booking incentive: 12% off + free cancellation on first 2 bookings,4
512322,8.75,5,1590.0,1,3,2,6,False,Do Not Lose,Win-back: 18% off next 3 bookings + free upgrade + personalised re-engagement,1
512329,7.333333333333333,6,1726.2,2,3,2,7,False,Loyal Customers,Free checked bag + 10% loyalty discount + priority service,2
512362,8.0,3,523.0,1,2,1,4,False,At Risk,Basic re-engagement: 12% off + flash sale notification,5
512377,5.0,1,786.0,3,1,1,5,False,Promising (Growth),First-booking incentive: 12% off + free cancellation on first 2 bookings,4
512392,11.333333333333332,3,1098.0,1,2,2,5,False,At Risk,Basic re-engagement: 12% off + flash sale notification,5
512397,0.0,0,0.0,1,1,1,3,True,Hibernating,Soft re-engagement: 10% off + new feature notification (minimal investment),5
512402,5.0,1,188.0,3,1,1,5,False,Promising (Growth),First-booking incentive: 12% off + free cancellation on first 2 bookings,4
512416,0.0,1,2480.0,3,1,3,7,False,Promising (High-Value),Tiered loyalty benefits + early access to sales + free cancellation (2 bookings),1
512418,7.0,2,5970.0,2,1,3,6,False,About to Sleep,Re-engagement: 18% off + free hotel voucher + last-chance exclusive,4
512419,6.0,3,3586.0,3,2,3,8,False,Potential Champions,Frequency incentive: 10% off next 5 bookings + bundle deals + exclusive previews,3
512440,6.666666666666666,3,2804.0,2,2,3,7,False,Need Attention,Engagement bonus: 12% off + free baggage + loyalty enrolment incentive,3
512443,6.0,2,652.8,3,1,1,5,False,Promising (Growth),First-booking incentive: 12% off + free cancellation on first 2 bookings,4
512447,6.0,2,1656.0,3,1,2,6,False,Promising (Growth),First-booking incentive: 12% off + free cancellation on first 2 bookings,4
512463,69.0,4,1042.0,1,3,2,6,False,Do Not Lose,Win-back: 18% off next 3 bookings + free upgrade + personalised re-engagement,1
512495,6.75,6,6016.0,2,3,3,8,False,Loyal Customers,Free checked bag + 10% loyalty discount + priority service,2
512529,0.0,0,0.0,1,1,1,3,True,Hibernating,Soft re-engagement: 10% off + new feature notification (minimal investment),5
512536,6.5,2,1094.0,2,1,2,5,False,About to Sleep,Re-engagement: 18% off + free hotel voucher + last-chance exclusive,4
512552,8.0,2,322.0,1,1,1,3,False,Hibernating,Soft re-engagement: 10% off + new feature notification (minimal investment),5
512556,6.5,5,8691.0,2,3,3,8,False,Loyal Customers,Free checked bag + 10% loyalty discount + priority service,2
512558,5.666666666666666,3,1641.0,3,2,2,7,False,Potential Champions,Frequency incentive: 10% off next 5 bookings + bundle deals + exclusive previews,3
512587,9.0,2,367.0,1,1,1,3,False,Hibernating,Soft re-engagement: 10% off + new feature notification (minimal investment),5
512589,5.25,4,560.0,3,3,1,7,False,Champions,Loyalty rewards + quarterly exclusive offers + referral bonus,2
512596,6.25,5,2399.0,2,3,3,8,False,Loyal Customers,Free checked bag + 10% loyalty discount + priority service,2
512598,8.4,5,2066.0,1,3,3,7,False,Do Not Lose,Win-back: 18% off next 3 bookings + free upgrade + personalised re-engagement,1
512610,5.166666666666666,6,1203.0,3,3,2,8,False,Champions,Loyalty rewards + quarterly exclusive offers + referral bonus,2
512623,0.0,0,0.0,1,1,1,3,True,Hibernating,Soft re-engagement: 10% off + new feature notification (minimal investment),5
512628,7.333333333333333,4,2232.0,2,3,3,8,False,Loyal Customers,Free checked bag + 10% loyalty discount + priority service,2
512631,6.666666666666666,3,364.35,2,2,1,5,False,Need Attention,Engagement bonus: 12% off + free baggage + loyalty enrolment incentive,3
512655,6.5,4,693.55,2,3,1,6,False,Loyal Customers,Free checked bag + 10% loyalty discount + priority service,2
512671,7.0,5,1445.0,2,3,2,7,False,Loyal Customers,Free checked bag + 10% loyalty discount + priority service,2
512677,5.0,1,0.0,3,1,1,5,False,Promising (Growth),First-booking incentive: 12% off + free cancellation on first 2 bookings,4
512680,8.0,1,462.0,1,1,1,3,False,Hibernating,Soft re-engagement: 10% off + new feature notification (minimal investment),5
512691,7.5,2,397.4,2,1,1,4,False,About to Sleep,Re-engagement: 18% off + free hotel voucher + last-chance exclusive,4
512693,6.5,4,1724.0,2,3,2,7,False,Loyal Customers,Free checked bag + 10% loyalty discount + priority service,2
512695,6.4,5,566.0,2,3,1,6,False,Loyal Customers,Free checked bag + 10% loyalty discount + priority service,2
512696,9.0,3,9131.0,1,2,3,6,False,At Risk (High Value),Aggressive win-back: 22% off + lounge access + concierge outreach,1
512704,7.0,1,0.0,2,1,1,4,False,About to Sleep,Re-engagement: 18% off + free hotel voucher + last-chance exclusive,4
512706,7.666666666666665,4,5167.8,1,3,3,7,False,Do Not Lose,Win-back: 18% off next 3 bookings + free upgrade + personalised re-engagement,1
512780,7.0,3,3192.0,2,2,3,7,False,Need Attention,Engagement bonus: 12% off + free baggage + loyalty enrolment incentive,3
512786,7.75,4,3221.0,1,3,3,7,False,Do Not Lose,Win-back: 18% off next 3 bookings + free upgrade + personalised re-engagement,1
512787,10.25,4,942.0,1,3,2,6,False,Do Not Lose,Win-back: 18% off next 3 bookings + free upgrade + personalised re-engagement,1
512791,5.333333333333333,3,644.0,3,2,1,6,False,Potential Champions,Frequency incentive: 10% off next 5 bookings + bundle deals + exclusive previews,3
512801,6.571428571428571,7,1232.0,2,3,2,7,False,Loyal Customers,Free checked bag + 10% loyalty discount + priority service,2
512826,6.5,4,393.0,2,3,1,6,False,Loyal Customers,Free checked bag + 10% loyalty discount + priority service,2
512831,7.0,4,1107.0,2,3,2,7,False,Loyal Customers,Free checked bag + 10% loyalty discount + priority service,2
512835,9.2,5,7283.6,1,3,3,7,False,Do Not Lose,Win-back: 18% off next 3 bookings + free upgrade + personalised re-engagement,1
512846,6.5,4,736.5,2,3,1,6,False,Loyal Customers,Free checked bag + 10% loyalty discount + priority service,2
512848,4.5,3,601.5,3,2,1,6,False,Potential Champions,Frequency incentive: 10% off next 5 bookings + bundle deals + exclusive previews,3
512880,6.0,2,405.0,3,1,1,5,False,Promising (Growth),First-booking incentive: 12% off + free cancellation on first 2 bookings,4
512887,8.0,3,1303.0,1,2,2,5,False,At Risk,Basic re-engagement: 12% off + flash sale notification,5
512888,5.5,3,5229.0,3,2,3,8,False,Potential Champions,Frequency incentive: 10% off next 5 bookings + bundle deals + exclusive previews,3
512900,4.0,4,4673.1,3,3,3,9,False,Champions,Loyalty rewards + quarterly exclusive offers + referral bonus,2
512904,9.0,5,7205.0,1,3,3,7,False,Do Not Lose,Win-back: 18% off next 3 bookings + free upgrade + personalised re-engagement,1
512922,7.5,2,0.0,2,1,1,4,False,About to Sleep,Re-engagement: 18% off + free hotel voucher + last-chance exclusive,4
512928,0.0,0,0.0,1,1,1,3,True,Hibernating,Soft re-engagement: 10% off + new feature notification (minimal investment),5
512943,5.75,4,1331.0,3,3,2,8,False,Champions,Loyalty rewards + quarterly exclusive offers + referral bonus,2
512945,116.5,3,2783.0,1,2,3,6,False,At Risk (High Value),Aggressive win-back: 22% off + lounge access + concierge outreach,1
512974,168.0,3,1529.8,1,2,2,5,False,At Risk,Basic re-engagement: 12% off + flash sale notification,5
512976,6.75,5,7604.0,2,3,3,8,False,Loyal Customers,Free checked bag + 10% loyalty discount + priority service,2
512984,4.5,3,1286.0,3,2,2,7,False,Potential Champions,Frequency incentive: 10% off next 5 bookings + bundle deals + exclusive previews,3
512999,5.666666666666666,3,503.0,3,2,1,6,False,Potential Champions,Frequency incentive: 10% off next 5 bookings + bundle deals + exclusive previews,3
513004,7.25,4,2109.0,2,3,3,8,False,Loyal Customers,Free checked bag + 10% loyalty discount + priority service,2
513005,10.0,1,175.5,1,1,1,3,False,Hibernating,Soft re-engagement: 10% off + new feature notification (minimal investment),5
513006,5.5,2,1011.6,3,1,2,6,False,Promising (Growth),First-booking incentive: 12% off + free cancellation on first 2 bookings,4
513026,6.666666666666666,3,3173.0,2,2,3,7,False,Need Attention,Engagement bonus: 12% off + free baggage + loyalty enrolment incentive,3
513030,7.333333333333333,3,2161.0,2,2,3,7,False,Need Attention,Engagement bonus: 12% off + free baggage + loyalty enrolment incentive,3
513031,6.0,3,2990.0,3,2,3,8,False,Potential Champions,Frequency incentive: 10% off next 5 bookings + bundle deals + exclusive previews,3
513058,6.4,6,1787.0,2,3,2,7,False,Loyal Customers,Free checked bag + 10% loyalty discount + priority service,2
513089,7.0,3,2220.6,2,2,3,7,False,Need Attention,Engagement bonus: 12% off + free baggage + loyalty enrolment incentive,3
513090,114.0,2,65.0,1,1,1,3,False,Hibernating,Soft re-engagement: 10% off + new feature notification (minimal investment),5
513091,0.0,0,0.0,1,1,1,3,True,Hibernating,Soft re-engagement: 10% off + new feature notification (minimal investment),5
513093,7.0,4,11678.5,2,3,3,8,False,Loyal Customers,Free checked bag + 10% loyalty discount + priority service,2
513096,9.5,2,368.0,1,1,1,3,False,Hibernating,Soft re-engagement: 10% off + new feature notification (minimal investment),5
513103,8.666666666666666,3,1147.0,1,2,2,5,False,At Risk,Basic re-engagement: 12% off + flash sale notification,5
513126,6.6,5,1959.0,2,3,2,7,False,Loyal Customers,Free checked bag + 10% loyalty discount + priority service,2
513138,0.0,0,0.0,1,1,1,3,True,Hibernating,Soft re-engagement: 10% off + new feature notification (minimal investment),5
513164,7.5,2,400.0,2,1,1,4,False,About to Sleep,Re-engagement: 18% off + free hotel voucher + last-chance exclusive,4
513206,0.0,0,0.0,1,1,1,3,True,Hibernating,Soft re-engagement: 10% off + new feature notification (minimal investment),5
513216,6.25,4,1567.0,2,3,2,7,False,Loyal Customers,Free checked bag + 10% loyalty discount + priority service,2
513220,7.6,5,5222.0,1,3,3,7,False,Do Not Lose,Win-back: 18% off next 3 bookings + free upgrade + personalised re-engagement,1
513221,6.0,1,1092.0,3,1,2,6,False,Promising (Growth),First-booking incentive: 12% off + free cancellation on first 2 bookings,4
513227,6.0,2,995.0,3,1,2,6,False,Promising (Growth),First-booking incentive: 12% off + free cancellation on first 2 bookings,4
513233,6.5,3,2640.7,2,2,3,7,False,Need Attention,Engagement bonus: 12% off + free baggage + loyalty enrolment incentive,3
513236,6.333333333333333,8,8323.0,2,3,3,8,False,Loyal Customers,Free checked bag + 10% loyalty discount + priority service,2
513237,5.0,2,1470.0,3,1,2,6,False,Promising (Growth),First-booking incentive: 12% off + free cancellation on first 2 bookings,4
513241,0.0,0,0.0,1,1,1,3,True,Hibernating,Soft re-engagement: 10% off + new feature notification (minimal investment),5
513242,6.0,2,1068.0,3,1,2,6,False,Promising (Growth),First-booking incentive: 12% off + free cancellation on first 2 bookings,4
513259,7.333333333333333,3,3582.0,2,2,3,7,False,Need Attention,Engagement bonus: 12% off + free baggage + loyalty enrolment incentive,3
513261,0.0,0,0.0,1,1,1,3,True,Hibernating,Soft re-engagement: 10% off + new feature notification (minimal investment),5
513289,9.0,1,874.0,1,1,2,4,False,Hibernating,Soft re-engagement: 10% off + new feature notification (minimal investment),5
513296,6.666666666666666,3,2537.0,2,2,3,7,False,Need Attention,Engagement bonus: 12% off + free baggage + loyalty enrolment incentive,3
513317,10.0,1,0.0,1,1,1,3,False,Hibernating,Soft re-engagement: 10% off + new feature notification (minimal investment),5
513322,9.0,3,594.0,1,2,1,4,False,At Risk,Basic re-engagement: 12% off + flash sale notification,5
513338,6.333333333333333,3,649.0,2,2,1,5,False,Need Attention,Engagement bonus: 12% off + free baggage + loyalty enrolment incentive,3
513339,8.5,2,1245.0,1,1,2,4,False,Hibernating,Soft re-engagement: 10% off + new feature notification (minimal investment),5
513345,0.0,2,1385.2,3,1,2,6,False,Promising (Growth),First-booking incentive: 12% off + free cancellation on first 2 bookings,4
513347,9.0,1,258.0,1,1,1,3,False,Hibernating,Soft re-engagement: 10% off + new feature notification (minimal investment),5
513366,7.333333333333333,3,2600.1,2,2,3,7,False,Need Attention,Engagement bonus: 12% off + free baggage + loyalty enrolment incentive,3
513381,9.666666666666666,3,458.4,1,2,1,4,False,At Risk,Basic re-engagement: 12% off + flash sale notification,5
513387,6.5,5,5885.0,2,3,3,8,False,Loyal Customers,Free checked bag + 10% loyalty discount + priority service,2
513397,7.75,5,1463.2,1,3,2,6,False,Do Not Lose,Win-back: 18% off next 3 bookings + free upgrade + personalised re-engagement,1
513402,11.0,1,0.0,1,1,1,3,False,Hibernating,Soft re-engagement: 10% off + new feature notification (minimal investment),5
513408,5.0,2,2610.0,3,1,3,7,False,Promising (High-Value),Tiered loyalty benefits + early access to sales + free cancellation (2 bookings),1
513422,6.0,2,106.0,3,1,1,5,False,Promising (Growth),First-booking incentive: 12% off + free cancellation on first 2 bookings,4
513425,0.0,0,0.0,1,1,1,3,True,Hibernating,Soft re-engagement: 10% off + new feature notification (minimal investment),5
513438,13.0,1,7416.0,1,1,3,5,False,Hibernating,Soft re-engagement: 10% off + new feature notification (minimal investment),5
513441,0.0,0,0.0,1,1,1,3,True,Hibernating,Soft re-engagement: 10% off + new feature notification (minimal investment),5
513470,0.0,0,0.0,1,1,1,3,True,Hibernating,Soft re-engagement: 10% off + new feature notification (minimal investment),5
513495,4.0,2,5536.0,3,1,3,7,False,Promising (High-Value),Tiered loyalty benefits + early access to sales + free cancellation (2 bookings),1
513497,9.0,2,984.65,1,1,2,4,False,Hibernating,Soft re-engagement: 10% off + new feature notification (minimal investment),5
513509,4.5,2,0.0,3,1,1,5,False,Promising (Growth),First-booking incentive: 12% off + free cancellation on first 2 bookings,4
513543,0.0,1,300.0,3,1,1,5,False,Promising (Growth),First-booking incentive: 12% off + free cancellation on first 2 bookings,4
513546,0.0,0,0.0,1,1,1,3,True,Hibernating,Soft re-engagement: 10% off + new feature notification (minimal investment),5
513555,6.25,5,2536.0,2,3,3,8,False,Loyal Customers,Free checked bag + 10% loyalty discount + priority service,2
513568,6.0,2,1796.0,3,1,2,6,False,Promising (Growth),First-booking incentive: 12% off + free cancellation on first 2 bookings,4
513569,4.0,2,139.4,3,1,1,5,False,Promising (Growth),First-booking incentive: 12% off + free cancellation on first 2 bookings,4
513582,8.0,3,384.0,1,2,1,4,False,At Risk,Basic re-engagement: 12% off + flash sale notification,5
513602,0.0,0,0.0,1,1,1,3,True,Hibernating,Soft re-engagement: 10% off + new feature notification (minimal investment),5
513611,7.0,3,5193.5,2,2,3,7,False,Need Attention,Engagement bonus: 12% off + free baggage + loyalty enrolment incentive,3
513613,5.5,3,2124.8,3,2,3,8,False,Potential Champions,Frequency incentive: 10% off next 5 bookings + bundle deals + exclusive previews,3
513620,6.5,3,2344.0,2,2,3,7,False,Need Attention,Engagement bonus: 12% off + free baggage + loyalty enrolment incentive,3
513625,4.0,1,880.0,3,1,2,6,False,Promising (Growth),First-booking incentive: 12% off + free cancellation on first 2 bookings,4
513627,5.666666666666666,3,1556.0,3,2,2,7,False,Potential Champions,Frequency incentive: 10% off next 5 bookings + bundle deals + exclusive previews,3
513628,5.666666666666666,3,1376.0,3,2,2,7,False,Potential Champions,Frequency incentive: 10% off next 5 bookings + bundle deals + exclusive previews,3
513638,7.5,4,4227.0,2,3,3,8,False,Loyal Customers,Free checked bag + 10% loyalty discount + priority service,2
513659,6.333333333333333,3,1157.0,2,2,2,6,False,Need Attention,Engagement bonus: 12% off + free baggage + loyalty enrolment incentive,3
513661,0.0,1,4720.0,3,1,3,7,False,Promising (High-Value),Tiered loyalty benefits + early access to sales + free cancellation (2 bookings),1
513683,7.0,4,1291.0,2,3,2,7,False,Loyal Customers,Free checked bag + 10% loyalty discount + priority service,2
513714,196.0,1,0.0,1,1,1,3,False,Hibernating,Soft re-engagement: 10% off + new feature notification (minimal investment),5
513721,5.5,5,2445.0,3,3,3,9,False,Champions,Loyalty rewards + quarterly exclusive offers + referral bonus,2
513742,0.0,0,0.0,1,1,1,3,True,Hibernating,Soft re-engagement: 10% off + new feature notification (minimal investment),5
513761,7.666666666666665,3,2987.25,1,2,3,6,False,At Risk (High Value),Aggressive win-back: 22% off + lounge access + concierge outreach,1
513776,6.0,2,880.4,3,1,2,6,False,Promising (Growth),First-booking incentive: 12% off + free cancellation on first 2 bookings,4
513787,6.5,4,1087.6,2,3,2,7,False,Loyal Customers,Free checked bag + 10% loyalty discount + priority service,2
513791,6.5,4,3561.0,2,3,3,8,False,Loyal Customers,Free checked bag + 10% loyalty discount + priority service,2
513796,6.333333333333333,3,4554.0,2,2,3,7,False,Need Attention,Engagement bonus: 12% off + free baggage + loyalty enrolment incentive,3
513800,0.0,0,0.0,1,1,1,3,True,Hibernating,Soft re-engagement: 10% off + new feature notification (minimal investment),5
513807,7.0,2,716.0,2,1,1,4,False,About to Sleep,Re-engagement: 18% off + free hotel voucher + last-chance exclusive,4
513823,0.0,0,0.0,1,1,1,3,True,Hibernating,Soft re-engagement: 10% off + new feature notification (minimal investment),5
513826,7.5,4,558.0,2,3,1,6,False,Loyal Customers,Free checked bag + 10% loyalty discount + priority service,2
513844,8.5,3,6912.0,1,2,3,6,False,At Risk (High Value),Aggressive win-back: 22% off + lounge access + concierge outreach,1
513853,7.666666666666665,3,1200.0,1,2,2,5,False,At Risk,Basic re-engagement: 12% off + flash sale notification,5
513856,4.0,1,1104.0,3,1,2,6,False,Promising (Growth),First-booking incentive: 12% off + free cancellation on first 2 bookings,4
513860,9.0,3,2729.0,1,2,3,6,False,At Risk (High Value),Aggressive win-back: 22% off + lounge access + concierge outreach,1
513869,0.0,1,665.0,3,1,1,5,False,Promising (Growth),First-booking incentive: 12% off + free cancellation on first 2 bookings,4
513875,8.0,3,2428.0,1,2,3,6,False,At Risk (High Value),Aggressive win-back: 22% off + lounge access + concierge outreach,1
513917,8.0,3,2345.2,1,2,3,6,False,At Risk (High Value),Aggressive win-back: 22% off + lounge access + concierge outreach,1
513926,8.25,4,2013.8,1,3,2,6,False,Do Not Lose,Win-back: 18% off next 3 bookings + free upgrade + personalised re-engagement,1
513933,8.333333333333332,3,846.0,1,2,2,5,False,At Risk,Basic re-engagement: 12% off + flash sale notification,5
513953,8.0,2,668.0,1,1,1,3,False,Hibernating,Soft re-engagement: 10% off + new feature notification (minimal investment),5
513956,8.5,4,172.0,1,3,1,5,False,Do Not Lose,Win-back: 18% off next 3 bookings + free upgrade + personalised re-engagement,1
513964,7.8,5,1358.0,1,3,2,6,False,Do Not Lose,Win-back: 18% off next 3 bookings + free upgrade + personalised re-engagement,1
513967,46.83333333333333,6,5255.0,1,3,3,7,False,Do Not Lose,Win-back: 18% off next 3 bookings + free upgrade + personalised re-engagement,1
513995,6.0,4,7434.0,3,3,3,9,False,Champions,Loyalty rewards + quarterly exclusive offers + referral bonus,2
514002,6.4,5,2201.0,2,3,3,8,False,Loyal Customers,Free checked bag + 10% loyalty discount + priority service,2
514003,8.333333333333332,3,2916.0,1,2,3,6,False,At Risk (High Value),Aggressive win-back: 22% off + lounge access + concierge outreach,1
514021,0.0,2,10000.4,3,1,3,7,False,Promising (High-Value),Tiered loyalty benefits + early access to sales + free cancellation (2 bookings),1
514023,9.0,3,1383.0,1,2,2,5,False,At Risk,Basic re-engagement: 12% off + flash sale notification,5
514053,6.0,2,2644.25,3,1,3,7,False,Promising (High-Value),Tiered loyalty benefits + early access to sales + free cancellation (2 bookings),1
514071,9.666666666666666,3,466.0,1,2,1,4,False,At Risk,Basic re-engagement: 12% off + flash sale notification,5
514076,7.0,2,5382.0,2,1,3,6,False,About to Sleep,Re-engagement: 18% off + free hotel voucher + last-chance exclusive,4
514113,5.0,2,574.0,3,1,1,5,False,Promising (Growth),First-booking incentive: 12% off + free cancellation on first 2 bookings,4
514132,7.0,5,1628.0,2,3,2,7,False,Loyal Customers,Free checked bag + 10% loyalty discount + priority service,2
514133,7.0,3,1020.0,2,2,2,6,False,Need Attention,Engagement bonus: 12% off + free baggage + loyalty enrolment incentive,3
514164,5.333333333333333,4,2414.2,3,3,3,9,False,Champions,Loyalty rewards + quarterly exclusive offers + referral bonus,2
514167,10.5,2,230.0,1,1,1,3,False,Hibernating,Soft re-engagement: 10% off + new feature notification (minimal investment),5
514206,6.666666666666666,3,2484.0,2,2,3,7,False,Need Attention,Engagement bonus: 12% off + free baggage + loyalty enrolment incentive,3
514208,9.0,1,303.0,1,1,1,3,False,Hibernating,Soft re-engagement: 10% off + new feature notification (minimal investment),5
514210,5.333333333333333,3,482.3,3,2,1,6,False,Potential Champions,Frequency incentive: 10% off next 5 bookings + bundle deals + exclusive previews,3
514215,6.333333333333333,3,1990.5,2,2,2,6,False,Need Attention,Engagement bonus: 12% off + free baggage + loyalty enrolment incentive,3
514235,12.0,1,357.0,1,1,1,3,False,Hibernating,Soft re-engagement: 10% off + new feature notification (minimal investment),5
514261,5.666666666666666,3,352.3,3,2,1,6,False,Potential Champions,Frequency incentive: 10% off next 5 bookings + bundle deals + exclusive previews,3
514275,5.0,3,2494.0,3,2,3,8,False,Potential Champions,Frequency incentive: 10% off next 5 bookings + bundle deals + exclusive previews,3
514289,0.0,0,0.0,1,1,1,3,True,Hibernating,Soft re-engagement: 10% off + new feature notification (minimal investment),5
514300,6.0,2,100.0,3,1,1,5,False,Promising (Growth),First-booking incentive: 12% off + free cancellation on first 2 bookings,4
514315,8.0,1,628.0,1,1,1,3,False,Hibernating,Soft re-engagement: 10% off + new feature notification (minimal investment),5
514318,6.5,4,2469.5,2,3,3,8,False,Loyal Customers,Free checked bag + 10% loyalty discount + priority service,2
514324,7.0,3,1279.0,2,2,2,6,False,Need Attention,Engagement bonus: 12% off + free baggage + loyalty enrolment incentive,3
514337,6.0,4,8303.8,3,3,3,9,False,Champions,Loyalty rewards + quarterly exclusive offers + referral bonus,2
514342,8.25,4,6010.0,1,3,3,7,False,Do Not Lose,Win-back: 18% off next 3 bookings + free upgrade + personalised re-engagement,1
514344,7.333333333333333,6,3048.0,2,3,3,8,False,Loyal Customers,Free checked bag + 10% loyalty discount + priority service,2
514370,6.0,3,9702.0,3,2,3,8,False,Potential Champions,Frequency incentive: 10% off next 5 bookings + bundle deals + exclusive previews,3
514384,8.0,1,202.0,1,1,1,3,False,Hibernating,Soft re-engagement: 10% off + new feature notification (minimal investment),5
514395,6.0,3,1767.6,3,2,2,7,False,Potential Champions,Frequency incentive: 10% off next 5 bookings + bundle deals + exclusive previews,3
514457,7.25,4,4256.0,2,3,3,8,False,Loyal Customers,Free checked bag + 10% loyalty discount + priority service,2
514460,5.666666666666666,4,3762.3,3,3,3,9,False,Champions,Loyalty rewards + quarterly exclusive offers + referral bonus,2
514461,9.0,3,8434.0,1,2,3,6,False,At Risk (High Value),Aggressive win-back: 22% off + lounge access + concierge outreach,1
514501,0.0,1,703.0,3,1,1,5,False,Promising (Growth),First-booking incentive: 12% off + free cancellation on first 2 bookings,4
514503,0.0,2,10392.0,3,1,3,7,False,Promising (High-Value),Tiered loyalty benefits + early access to sales + free cancellation (2 bookings),1
514515,6.333333333333333,3,1096.0,2,2,2,6,False,Need Attention,Engagement bonus: 12% off + free baggage + loyalty enrolment incentive,3
514526,7.4,5,2226.4,2,3,3,8,False,Loyal Customers,Free checked bag + 10% loyalty discount + priority service,2
514551,0.0,1,3856.45,3,1,3,7,False,Promising (High-Value),Tiered loyalty benefits + early access to sales + free cancellation (2 bookings),1
514586,5.666666666666666,3,1061.0,3,2,2,7,False,Potential Champions,Frequency incentive: 10% off next 5 bookings + bundle deals + exclusive previews,3
514589,6.0,1,580.0,3,1,1,5,False,Promising (Growth),First-booking incentive: 12% off + free cancellation on first 2 bookings,4
514617,7.666666666666665,4,2904.0,1,3,3,7,False,Do Not Lose,Win-back: 18% off next 3 bookings + free upgrade + personalised re-engagement,1
514623,8.0,1,536.0,1,1,1,3,False,Hibernating,Soft re-engagement: 10% off + new feature notification (minimal investment),5
514627,9.33333333333333,3,2118.0,1,2,3,6,False,At Risk (High Value),Aggressive win-back: 22% off + lounge access + concierge outreach,1
514638,8.666666666666666,4,3025.0,1,3,3,7,False,Do Not Lose,Win-back: 18% off next 3 bookings + free upgrade + personalised re-engagement,1
514639,0.0,0,0.0,1,1,1,3,True,Hibernating,Soft re-engagement: 10% off + new feature notification (minimal investment),5
514642,0.0,0,0.0,1,1,1,3,True,Hibernating,Soft re-engagement: 10% off + new feature notification (minimal investment),5
514660,7.5,4,456.0,2,3,1,6,False,Loyal Customers,Free checked bag + 10% loyalty discount + priority service,2
514675,6.0,3,1571.0,3,2,2,7,False,Potential Champions,Frequency incentive: 10% off next 5 bookings + bundle deals + exclusive previews,3
514682,9.0,4,1395.5,1,3,2,6,False,Do Not Lose,Win-back: 18% off next 3 bookings + free upgrade + personalised re-engagement,1
514684,0.0,0,0.0,1,1,1,3,True,Hibernating,Soft re-engagement: 10% off + new feature notification (minimal investment),5
514689,7.5,2,140.1,2,1,1,4,False,About to Sleep,Re-engagement: 18% off + free hotel voucher + last-chance exclusive,4
514737,9.25,4,1759.0,1,3,2,6,False,Do Not Lose,Win-back: 18% off next 3 bookings + free upgrade + personalised re-engagement,1
514785,6.666666666666666,3,357.0,2,2,1,5,False,Need Attention,Engagement bonus: 12% off + free baggage + loyalty enrolment incentive,3
514810,8.0,3,4323.0,1,2,3,6,False,At Risk (High Value),Aggressive win-back: 22% off + lounge access + concierge outreach,1
514830,8.5,2,921.0,1,1,2,4,False,Hibernating,Soft re-engagement: 10% off + new feature notification (minimal investment),5
514867,6.666666666666666,3,4537.0,2,2,3,7,False,Need Attention,Engagement bonus: 12% off + free baggage + loyalty enrolment incentive,3
514876,0.0,1,2432.0,3,1,3,7,False,Promising (High-Value),Tiered loyalty benefits + early access to sales + free cancellation (2 bookings),1
514892,9.2,5,3990.0,1,3,3,7,False,Do Not Lose,Win-back: 18% off next 3 bookings + free upgrade + personalised re-engagement,1
514893,0.0,1,3135.0,3,1,3,7,False,Promising (High-Value),Tiered loyalty benefits + early access to sales + free cancellation (2 bookings),1
514899,6.0,6,4223.4,3,3,3,9,False,Champions,Loyalty rewards + quarterly exclusive offers + referral bonus,2
514925,0.0,1,1288.0,3,1,2,6,False,Promising (Growth),First-booking incentive: 12% off + free cancellation on first 2 bookings,4
514926,7.5,3,1368.0,2,2,2,6,False,Need Attention,Engagement bonus: 12% off + free baggage + loyalty enrolment incentive,3
514931,0.0,0,0.0,1,1,1,3,True,Hibernating,Soft re-engagement: 10% off + new feature notification (minimal investment),5
514944,7.0,1,340.0,2,1,1,4,False,About to Sleep,Re-engagement: 18% off + free hotel voucher + last-chance exclusive,4
514951,101.0,2,420.0,1,1,1,3,False,Hibernating,Soft re-engagement: 10% off + new feature notification (minimal investment),5
514953,0.0,2,8922.0,3,1,3,7,False,Promising (High-Value),Tiered loyalty benefits + early access to sales + free cancellation (2 bookings),1
514980,9.142857142857144,7,6381.25,1,3,3,7,False,Do Not Lose,Win-back: 18% off next 3 bookings + free upgrade + personalised re-engagement,1
514981,9.666666666666666,3,2063.0,1,2,3,6,False,At Risk (High Value),Aggressive win-back: 22% off + lounge access + concierge outreach,1
515004,9.0,2,1693.0,1,1,2,4,False,Hibernating,Soft re-engagement: 10% off + new feature notification (minimal investment),5
515013,5.5,2,0.0,3,1,1,5,False,Promising (Growth),First-booking incentive: 12% off + free cancellation on first 2 bookings,4
515020,8.5,3,2644.0,1,2,3,6,False,At Risk (High Value),Aggressive win-back: 22% off + lounge access + concierge outreach,1
515030,3.0,1,1482.0,3,1,2,6,False,Promising (Growth),First-booking incentive: 12% off + free cancellation on first 2 bookings,4
515051,6.4,5,4491.6,2,3,3,8,False,Loyal Customers,Free checked bag + 10% loyalty discount + priority service,2
515058,6.25,5,4458.0,2,3,3,8,False,Loyal Customers,Free checked bag + 10% loyalty discount + priority service,2
515060,8.0,2,1545.0,1,1,2,4,False,Hibernating,Soft re-engagement: 10% off + new feature notification (minimal investment),5
515085,0.0,1,1737.0,3,1,2,6,False,Promising (Growth),First-booking incentive: 12% off + free cancellation on first 2 bookings,4
515103,7.0,3,1401.9,2,2,2,6,False,Need Attention,Engagement bonus: 12% off + free baggage + loyalty enrolment incentive,3
515124,7.666666666666665,3,690.0,1,2,1,4,False,At Risk,Basic re-engagement: 12% off + flash sale notification,5
515131,6.8,5,4148.6,2,3,3,8,False,Loyal Customers,Free checked bag + 10% loyalty discount + priority service,2
515139,8.5,2,762.0,1,1,1,3,False,Hibernating,Soft re-engagement: 10% off + new feature notification (minimal investment),5
515161,6.5,3,1685.2,2,2,2,6,False,Need Attention,Engagement bonus: 12% off + free baggage + loyalty enrolment incentive,3
515168,0.0,2,5286.0,3,1,3,7,False,Promising (High-Value),Tiered loyalty benefits + early access to sales + free cancellation (2 bookings),1
515182,6.5,6,2797.0,2,3,3,8,False,Loyal Customers,Free checked bag + 10% loyalty discount + priority service,2
515198,0.0,1,3096.0,3,1,3,7,False,Promising (High-Value),Tiered loyalty benefits + early access to sales + free cancellation (2 bookings),1
515200,6.0,2,1199.7,3,1,2,6,False,Promising (Growth),First-booking incentive: 12% off + free cancellation on first 2 bookings,4
515202,0.0,1,3033.0,3,1,3,7,False,Promising (High-Value),Tiered loyalty benefits + early access to sales + free cancellation (2 bookings),1
515205,0.0,0,0.0,1,1,1,3,True,Hibernating,Soft re-engagement: 10% off + new feature notification (minimal investment),5
515229,8.666666666666666,4,3794.3,1,3,3,7,False,Do Not Lose,Win-back: 18% off next 3 bookings + free upgrade + personalised re-engagement,1
515240,0.0,1,2410.0,3,1,3,7,False,Promising (High-Value),Tiered loyalty benefits + early access to sales + free cancellation (2 bookings),1
515243,8.0,4,412.9,1,3,1,5,False,Do Not Lose,Win-back: 18% off next 3 bookings + free upgrade + personalised re-engagement,1
515258,7.666666666666665,3,358.0,1,2,1,4,False,At Risk,Basic re-engagement: 12% off + flash sale notification,5
515271,7.0,3,276.0,2,2,1,5,False,Need Attention,Engagement bonus: 12% off + free baggage + loyalty enrolment incentive,3
515274,7.5,6,2954.0,2,3,3,8,False,Loyal Customers,Free checked bag + 10% loyalty discount + priority service,2
515306,7.666666666666665,4,5435.0,1,3,3,7,False,Do Not Lose,Win-back: 18% off next 3 bookings + free upgrade + personalised re-engagement,1
515330,5.666666666666666,3,852.0,3,2,2,7,False,Potential Champions,Frequency incentive: 10% off next 5 bookings + bundle deals + exclusive previews,3
515344,7.0,5,8395.6,2,3,3,8,False,Loyal Customers,Free checked bag + 10% loyalty discount + priority service,2
515398,5.25,4,251.8,3,3,1,7,False,Champions,Loyalty rewards + quarterly exclusive offers + referral bonus,2
515409,4.333333333333333,3,1248.0,3,2,2,7,False,Potential Champions,Frequency incentive: 10% off next 5 bookings + bundle deals + exclusive previews,3
515421,6.25,4,1402.0,2,3,2,7,False,Loyal Customers,Free checked bag + 10% loyalty discount + priority service,2
515423,5.5,2,360.0,3,1,1,5,False,Promising (Growth),First-booking incentive: 12% off + free cancellation on first 2 bookings,4
515436,0.0,1,868.0,3,1,2,6,False,Promising (Growth),First-booking incentive: 12% off + free cancellation on first 2 bookings,4
515478,7.5,2,570.0,2,1,1,4,False,About to Sleep,Re-engagement: 18% off + free hotel voucher + last-chance exclusive,4
515490,7.5,4,2372.0,2,3,3,8,False,Loyal Customers,Free checked bag + 10% loyalty discount + priority service,2
515502,0.0,1,1550.4,3,1,2,6,False,Promising (Growth),First-booking incentive: 12% off + free cancellation on first 2 bookings,4
515514,0.0,0,0.0,1,1,1,3,True,Hibernating,Soft re-engagement: 10% off + new feature notification (minimal investment),5
515516,0.0,0,0.0,1,1,1,3,True,Hibernating,Soft re-engagement: 10% off + new feature notification (minimal investment),5
515523,7.0,3,6335.45,2,2,3,7,False,Need Attention,Engagement bonus: 12% off + free baggage + loyalty enrolment incentive,3
515529,4.0,2,119.0,3,1,1,5,False,Promising (Growth),First-booking incentive: 12% off + free cancellation on first 2 bookings,4
515530,0.0,0,0.0,1,1,1,3,True,Hibernating,Soft re-engagement: 10% off + new feature notification (minimal investment),5
515565,7.5,4,2675.0,2,3,3,8,False,Loyal Customers,Free checked bag + 10% loyalty discount + priority service,2
515578,6.6,6,2505.7,2,3,3,8,False,Loyal Customers,Free checked bag + 10% loyalty discount + priority service,2
515580,8.0,4,5483.8,1,3,3,7,False,Do Not Lose,Win-back: 18% off next 3 bookings + free upgrade + personalised re-engagement,1
515586,7.4,5,1714.0,2,3,2,7,False,Loyal Customers,Free checked bag + 10% loyalty discount + priority service,2
515610,4.0,2,264.0,3,1,1,5,False,Promising (Growth),First-booking incentive: 12% off + free cancellation on first 2 bookings,4
515634,0.0,0,0.0,1,1,1,3,True,Hibernating,Soft re-engagement: 10% off + new feature notification (minimal investment),5
515639,6.285714285714286,7,4861.0,2,3,3,8,False,Loyal Customers,Free checked bag + 10% loyalty discount + priority service,2
515645,6.0,3,11841.0,3,2,3,8,False,Potential Champions,Frequency incentive: 10% off next 5 bookings + bundle deals + exclusive previews,3
515666,7.75,4,1142.2,1,3,2,6,False,Do Not Lose,Win-back: 18% off next 3 bookings + free upgrade + personalised re-engagement,1
515675,6.0,2,792.4,3,1,1,5,False,Promising (Growth),First-booking incentive: 12% off + free cancellation on first 2 bookings,4
515684,8.0,7,1927.9,1,3,2,6,False,Do Not Lose,Win-back: 18% off next 3 bookings + free upgrade + personalised re-engagement,1
515688,8.0,4,2027.0,1,3,2,6,False,Do Not Lose,Win-back: 18% off next 3 bookings + free upgrade + personalised re-engagement,1
515694,7.5,6,2084.0,2,3,3,8,False,Loyal Customers,Free checked bag + 10% loyalty discount + priority service,2
515713,5.5,3,8355.0,3,2,3,8,False,Potential Champions,Frequency incentive: 10% off next 5 bookings + bundle deals + exclusive previews,3
515727,7.25,4,1399.6,2,3,2,7,False,Loyal Customers,Free checked bag + 10% loyalty discount + priority service,2
515735,7.0,1,0.0,2,1,1,4,False,About to Sleep,Re-engagement: 18% off + free hotel voucher + last-chance exclusive,4
515739,6.0,3,563.0,3,2,1,6,False,Potential Champions,Frequency incentive: 10% off next 5 bookings + bundle deals + exclusive previews,3
515751,7.666666666666665,3,4140.0,1,2,3,6,False,At Risk (High Value),Aggressive win-back: 22% off + lounge access + concierge outreach,1
515764,8.0,3,8889.0,1,2,3,6,False,At Risk (High Value),Aggressive win-back: 22% off + lounge access + concierge outreach,1
515778,7.5,3,1513.2,2,2,2,6,False,Need Attention,Engagement bonus: 12% off + free baggage + loyalty enrolment incentive,3
515802,6.5,5,3245.2,2,3,3,8,False,Loyal Customers,Free checked bag + 10% loyalty discount + priority service,2
515818,7.0,1,0.0,2,1,1,4,False,About to Sleep,Re-engagement: 18% off + free hotel voucher + last-chance exclusive,4
515831,9.5,2,323.0,1,1,1,3,False,Hibernating,Soft re-engagement: 10% off + new feature notification (minimal investment),5
515835,6.333333333333333,3,1929.0,2,2,2,6,False,Need Attention,Engagement bonus: 12% off + free baggage + loyalty enrolment incentive,3
515854,0.0,2,1097.0,3,1,2,6,False,Promising (Growth),First-booking incentive: 12% off + free cancellation on first 2 bookings,4
515874,0.0,1,1962.0,3,1,2,6,False,Promising (Growth),First-booking incentive: 12% off + free cancellation on first 2 bookings,4
515891,8.0,5,4424.8,1,3,3,7,False,Do Not Lose,Win-back: 18% off next 3 bookings + free upgrade + personalised re-engagement,1
515901,6.0,2,809.4,3,1,1,5,False,Promising (Growth),First-booking incentive: 12% off + free cancellation on first 2 bookings,4
515908,8.0,2,289.3,1,1,1,3,False,Hibernating,Soft re-engagement: 10% off + new feature notification (minimal investment),5
515941,7.5,4,3951.0,2,3,3,8,False,Loyal Customers,Free checked bag + 10% loyalty discount + priority service,2
515947,8.5,2,454.0,1,1,1,3,False,Hibernating,Soft re-engagement: 10% off + new feature notification (minimal investment),5
515953,7.666666666666665,3,1140.0,1,2,2,5,False,At Risk,Basic re-engagement: 12% off + flash sale notification,5
515974,19.0,3,4907.0,1,2,3,6,False,At Risk (High Value),Aggressive win-back: 22% off + lounge access + concierge outreach,1
515985,8.5,3,1968.0,1,2,2,5,False,At Risk,Basic re-engagement: 12% off + flash sale notification,5
516001,0.0,1,918.0,3,1,2,6,False,Promising (Growth),First-booking incentive: 12% off + free cancellation on first 2 bookings,4
516004,7.5,2,1095.0,2,1,2,5,False,About to Sleep,Re-engagement: 18% off + free hotel voucher + last-chance exclusive,4
516006,8.2,5,3601.0,1,3,3,7,False,Do Not Lose,Win-back: 18% off next 3 bookings + free upgrade + personalised re-engagement,1
516039,0.0,0,0.0,1,1,1,3,True,Hibernating,Soft re-engagement: 10% off + new feature notification (minimal investment),5
516053,7.8,5,540.0,1,3,1,5,False,Do Not Lose,Win-back: 18% off next 3 bookings + free upgrade + personalised re-engagement,1
516057,8.333333333333332,3,1711.1,1,2,2,5,False,At Risk,Basic re-engagement: 12% off + flash sale notification,5
516061,6.0,3,2244.0,3,2,3,8,False,Potential Champions,Frequency incentive: 10% off next 5 bookings + bundle deals + exclusive previews,3
516076,0.0,0,0.0,1,1,1,3,True,Hibernating,Soft re-engagement: 10% off + new feature notification (minimal investment),5
516086,0.0,1,1591.2,3,1,2,6,False,Promising (Growth),First-booking incentive: 12% off + free cancellation on first 2 bookings,4
516089,7.0,3,598.0,2,2,1,5,False,Need Attention,Engagement bonus: 12% off + free baggage + loyalty enrolment incentive,3
516092,7.25,4,632.8,2,3,1,6,False,Loyal Customers,Free checked bag + 10% loyalty discount + priority service,2
516105,4.0,3,2644.0,3,2,3,8,False,Potential Champions,Frequency incentive: 10% off next 5 bookings + bundle deals + exclusive previews,3
516117,6.0,3,1690.0,3,2,2,7,False,Potential Champions,Frequency incentive: 10% off next 5 bookings + bundle deals + exclusive previews,3
516118,14.0,2,6554.0,1,1,3,5,False,Hibernating,Soft re-engagement: 10% off + new feature notification (minimal investment),5
516127,0.0,0,0.0,1,1,1,3,True,Hibernating,Soft re-engagement: 10% off + new feature notification (minimal investment),5
516132,9.5,2,258.0,1,1,1,3,False,Hibernating,Soft re-engagement: 10% off + new feature notification (minimal investment),5
516144,8.75,4,230.0,1,3,1,5,False,Do Not Lose,Win-back: 18% off next 3 bookings + free upgrade + personalised re-engagement,1
516150,0.0,1,2520.0,3,1,3,7,False,Promising (High-Value),Tiered loyalty benefits + early access to sales + free cancellation (2 bookings),1
516152,7.0,1,244.0,2,1,1,4,False,About to Sleep,Re-engagement: 18% off + free hotel voucher + last-chance exclusive,4
516176,9.25,4,1325.0,1,3,2,6,False,Do Not Lose,Win-back: 18% off next 3 bookings + free upgrade + personalised re-engagement,1
516177,6.0,3,620.0,3,2,1,6,False,Potential Champions,Frequency incentive: 10% off next 5 bookings + bundle deals + exclusive previews,3
516178,5.333333333333333,3,130.0,3,2,1,6,False,Potential Champions,Frequency incentive: 10% off next 5 bookings + bundle deals + exclusive previews,3
516211,6.666666666666666,3,1324.0,2,2,2,6,False,Need Attention,Engagement bonus: 12% off + free baggage + loyalty enrolment incentive,3
516216,7.0,4,960.0,2,3,2,7,False,Loyal Customers,Free checked bag + 10% loyalty discount + priority service,2
516217,5.0,1,0.0,3,1,1,5,False,Promising (Growth),First-booking incentive: 12% off + free cancellation on first 2 bookings,4
516243,0.0,0,0.0,1,1,1,3,True,Hibernating,Soft re-engagement: 10% off + new feature notification (minimal investment),5
516246,5.5,4,1303.4,3,3,2,8,False,Champions,Loyalty rewards + quarterly exclusive offers + referral bonus,2
516251,8.142857142857144,7,1811.85,1,3,2,6,False,Do Not Lose,Win-back: 18% off next 3 bookings + free upgrade + personalised re-engagement,1
516269,9.25,5,1813.0,1,3,2,6,False,Do Not Lose,Win-back: 18% off next 3 bookings + free upgrade + personalised re-engagement,1
516273,5.0,2,1120.0,3,1,2,6,False,Promising (Growth),First-booking incentive: 12% off + free cancellation on first 2 bookings,4
516282,7.5,2,515.0,2,1,1,4,False,About to Sleep,Re-engagement: 18% off + free hotel voucher + last-chance exclusive,4
516283,7.0,1,0.0,2,1,1,4,False,About to Sleep,Re-engagement: 18% off + free hotel voucher + last-chance exclusive,4
516287,12.0,1,488.0,1,1,1,3,False,Hibernating,Soft re-engagement: 10% off + new feature notification (minimal investment),5
516290,5.0,3,3296.0,3,2,3,8,False,Potential Champions,Frequency incentive: 10% off next 5 bookings + bundle deals + exclusive previews,3
516296,6.5,2,1198.0,2,1,2,5,False,About to Sleep,Re-engagement: 18% off + free hotel voucher + last-chance exclusive,4
516301,8.0,4,1019.0,1,3,2,6,False,Do Not Lose,Win-back: 18% off next 3 bookings + free upgrade + personalised re-engagement,1
516340,0.0,1,372.0,3,1,1,5,False,Promising (Growth),First-booking incentive: 12% off + free cancellation on first 2 bookings,4
516351,7.0,3,1338.0,2,2,2,6,False,Need Attention,Engagement bonus: 12% off + free baggage + loyalty enrolment incentive,3
516368,0.0,0,0.0,1,1,1,3,True,Hibernating,Soft re-engagement: 10% off + new feature notification (minimal investment),5
516375,8.8,5,2028.75,1,3,2,6,False,Do Not Lose,Win-back: 18% off next 3 bookings + free upgrade + personalised re-engagement,1
516418,9.0,3,2089.5,1,2,3,6,False,At Risk (High Value),Aggressive win-back: 22% off + lounge access + concierge outreach,1
516420,11.0,2,190.0,1,1,1,3,False,Hibernating,Soft re-engagement: 10% off + new feature notification (minimal investment),5
516433,4.0,1,0.0,3,1,1,5,False,Promising (Growth),First-booking incentive: 12% off + free cancellation on first 2 bookings,4
516456,6.25,4,230.0,2,3,1,6,False,Loyal Customers,Free checked bag + 10% loyalty discount + priority service,2
516507,8.5,2,1888.0,1,1,2,4,False,Hibernating,Soft re-engagement: 10% off + new feature notification (minimal investment),5
516516,7.0,1,2032.0,2,1,2,5,False,About to Sleep,Re-engagement: 18% off + free hotel voucher + last-chance exclusive,4
516528,6.333333333333333,3,4924.0,2,2,3,7,False,Need Attention,Engagement bonus: 12% off + free baggage + loyalty enrolment incentive,3
516543,12.0,1,3252.0,1,1,3,5,False,Hibernating,Soft re-engagement: 10% off + new feature notification (minimal investment),5
516556,4.0,1,723.0,3,1,1,5,False,Promising (Growth),First-booking incentive: 12% off + free cancellation on first 2 bookings,4
516561,6.5,2,632.0,2,1,1,4,False,About to Sleep,Re-engagement: 18% off + free hotel voucher + last-chance exclusive,4
516571,7.5,4,2308.5,2,3,3,8,False,Loyal Customers,Free checked bag + 10% loyalty discount + priority service,2
516578,6.5,4,1966.0,2,3,2,7,False,Loyal Customers,Free checked bag + 10% loyalty discount + priority service,2
516579,9.0,4,6620.0,1,3,3,7,False,Do Not Lose,Win-back: 18% off next 3 bookings + free upgrade + personalised re-engagement,1
516583,0.0,0,0.0,1,1,1,3,True,Hibernating,Soft re-engagement: 10% off + new feature notification (minimal investment),5
516590,8.0,2,1149.0,1,1,2,4,False,Hibernating,Soft re-engagement: 10% off + new feature notification (minimal investment),5
516593,9.0,3,5767.2,1,2,3,6,False,At Risk (High Value),Aggressive win-back: 22% off + lounge access + concierge outreach,1
516594,6.75,4,3184.0,2,3,3,8,False,Loyal Customers,Free checked bag + 10% loyalty discount + priority service,2
516614,5.0,4,1566.6,3,3,2,8,False,Champions,Loyalty rewards + quarterly exclusive offers + referral bonus,2
516616,6.75,6,6095.0,2,3,3,8,False,Loyal Customers,Free checked bag + 10% loyalty discount + priority service,2
516620,0.0,0,0.0,1,1,1,3,True,Hibernating,Soft re-engagement: 10% off + new feature notification (minimal investment),5
516639,5.8,5,772.0,3,3,1,7,False,Champions,Loyalty rewards + quarterly exclusive offers + referral bonus,2
516647,8.25,4,2174.0,1,3,3,7,False,Do Not Lose,Win-back: 18% off next 3 bookings + free upgrade + personalised re-engagement,1
516679,12.0,1,72.0,1,1,1,3,False,Hibernating,Soft re-engagement: 10% off + new feature notification (minimal investment),5
516680,0.0,0,0.0,1,1,1,3,True,Hibernating,Soft re-engagement: 10% off + new feature notification (minimal investment),5
516682,9.0,3,930.0,1,2,2,5,False,At Risk,Basic re-engagement: 12% off + flash sale notification,5
516694,116.5,2,960.0,1,1,2,4,False,Hibernating,Soft re-engagement: 10% off + new feature notification (minimal investment),5
516697,0.0,1,1580.0,3,1,2,6,False,Promising (Growth),First-booking incentive: 12% off + free cancellation on first 2 bookings,4
516704,7.666666666666665,4,2687.0,1,3,3,7,False,Do Not Lose,Win-back: 18% off next 3 bookings + free upgrade + personalised re-engagement,1
516732,5.5,3,1550.0,3,2,2,7,False,Potential Champions,Frequency incentive: 10% off next 5 bookings + bundle deals + exclusive previews,3
516739,8.5,2,612.0,1,1,1,3,False,Hibernating,Soft re-engagement: 10% off + new feature notification (minimal investment),5
516744,0.0,1,648.55,3,1,1,5,False,Promising (Growth),First-booking incentive: 12% off + free cancellation on first 2 bookings,4
516763,3.0,1,534.0,3,1,1,5,False,Promising (Growth),First-booking incentive: 12% off + free cancellation on first 2 bookings,4
516765,0.0,0,0.0,1,1,1,3,True,Hibernating,Soft re-engagement: 10% off + new feature notification (minimal investment),5
516789,7.0,4,3730.0,2,3,3,8,False,Loyal Customers,Free checked bag + 10% loyalty discount + priority service,2
516798,13.0,1,187.0,1,1,1,3,False,Hibernating,Soft re-engagement: 10% off + new feature notification (minimal investment),5
516806,6.2,5,6394.75,2,3,3,8,False,Loyal Customers,Free checked bag + 10% loyalty discount + priority service,2
516808,8.0,3,2018.0,1,2,2,5,False,At Risk,Basic re-engagement: 12% off + flash sale notification,5
516827,7.75,6,2985.5,1,3,3,7,False,Do Not Lose,Win-back: 18% off next 3 bookings + free upgrade + personalised re-engagement,1
516833,5.333333333333333,3,1866.0,3,2,2,7,False,Potential Champions,Frequency incentive: 10% off next 5 bookings + bundle deals + exclusive previews,3
516841,10.0,1,1329.0,1,1,2,4,False,Hibernating,Soft re-engagement: 10% off + new feature notification (minimal investment),5
516862,280.0,2,2790.0,1,1,3,5,False,Hibernating,Soft re-engagement: 10% off + new feature notification (minimal investment),5
516933,6.0,3,137.0,3,2,1,6,False,Potential Champions,Frequency incentive: 10% off next 5 bookings + bundle deals + exclusive previews,3
516939,6.0,1,92.0,3,1,1,5,False,Promising (Growth),First-booking incentive: 12% off + free cancellation on first 2 bookings,4
516965,6.5,4,1198.0,2,3,2,7,False,Loyal Customers,Free checked bag + 10% loyalty discount + priority service,2
516967,0.0,0,0.0,1,1,1,3,True,Hibernating,Soft re-engagement: 10% off + new feature notification (minimal investment),5
516972,9.0,2,1070.8,1,1,2,4,False,Hibernating,Soft re-engagement: 10% off + new feature notification (minimal investment),5
517033,0.0,3,6029.8,3,2,3,8,False,Potential Champions,Frequency incentive: 10% off next 5 bookings + bundle deals + exclusive previews,3
517061,6.25,6,4308.0,2,3,3,8,False,Loyal Customers,Free checked bag + 10% loyalty discount + priority service,2
517064,7.5,3,1234.0,2,2,2,6,False,Need Attention,Engagement bonus: 12% off + free baggage + loyalty enrolment incentive,3
517076,7.0,5,4380.7,2,3,3,8,False,Loyal Customers,Free checked bag + 10% loyalty discount + priority service,2
517105,8.75,4,1016.0,1,3,2,6,False,Do Not Lose,Win-back: 18% off next 3 bookings + free upgrade + personalised re-engagement,1
517119,6.666666666666666,4,2025.0,2,3,2,7,False,Loyal Customers,Free checked bag + 10% loyalty discount + priority service,2
517131,0.0,2,1050.0,3,1,2,6,False,Promising (Growth),First-booking incentive: 12% off + free cancellation on first 2 bookings,4
517142,7.666666666666665,3,124.0,1,2,1,4,False,At Risk,Basic re-engagement: 12% off + flash sale notification,5
517143,0.0,2,1740.0,3,1,2,6,False,Promising (Growth),First-booking incentive: 12% off + free cancellation on first 2 bookings,4
517150,7.666666666666665,6,3475.0,1,3,3,7,False,Do Not Lose,Win-back: 18% off next 3 bookings + free upgrade + personalised re-engagement,1
517158,5.333333333333333,3,883.0,3,2,2,7,False,Potential Champions,Frequency incentive: 10% off next 5 bookings + bundle deals + exclusive previews,3
517205,6.5,2,1982.0,2,1,2,5,False,About to Sleep,Re-engagement: 18% off + free hotel voucher + last-chance exclusive,4
517212,6.2,5,2423.0,2,3,3,8,False,Loyal Customers,Free checked bag + 10% loyalty discount + priority service,2
517219,0.0,0,0.0,1,1,1,3,True,Hibernating,Soft re-engagement: 10% off + new feature notification (minimal investment),5
517231,6.0,2,3623.0,3,1,3,7,False,Promising (High-Value),Tiered loyalty benefits + early access to sales + free cancellation (2 bookings),1
517284,81.75,5,2116.0,1,3,3,7,False,Do Not Lose,Win-back: 18% off next 3 bookings + free upgrade + personalised re-engagement,1
517324,7.0,1,0.0,2,1,1,4,False,About to Sleep,Re-engagement: 18% off + free hotel voucher + last-chance exclusive,4
517330,15.0,1,852.0,1,1,2,4,False,Hibernating,Soft re-engagement: 10% off + new feature notification (minimal investment),5
517356,7.0,2,3202.0,2,1,3,6,False,About to Sleep,Re-engagement: 18% off + free hotel voucher + last-chance exclusive,4
517370,7.0,3,1875.0,2,2,2,6,False,Need Attention,Engagement bonus: 12% off + free baggage + loyalty enrolment incentive,3
517392,7.25,4,784.0,2,3,1,6,False,Loyal Customers,Free checked bag + 10% loyalty discount + priority service,2
517393,9.0,1,248.0,1,1,1,3,False,Hibernating,Soft re-engagement: 10% off + new feature notification (minimal investment),5
517397,7.8,5,1780.8,1,3,2,6,False,Do Not Lose,Win-back: 18% off next 3 bookings + free upgrade + personalised re-engagement,1
517403,7.666666666666665,4,5026.95,1,3,3,7,False,Do Not Lose,Win-back: 18% off next 3 bookings + free upgrade + personalised re-engagement,1
517415,6.0,1,0.0,3,1,1,5,False,Promising (Growth),First-booking incentive: 12% off + free cancellation on first 2 bookings,4
517438,6.8,5,900.7,2,3,2,7,False,Loyal Customers,Free checked bag + 10% loyalty discount + priority service,2
517445,5.0,3,6615.0,3,2,3,8,False,Potential Champions,Frequency incentive: 10% off next 5 bookings + bundle deals + exclusive previews,3
517467,4.0,2,5486.0,3,1,3,7,False,Promising (High-Value),Tiered loyalty benefits + early access to sales + free cancellation (2 bookings),1
517486,7.333333333333333,3,273.0,2,2,1,5,False,Need Attention,Engagement bonus: 12% off + free baggage + loyalty enrolment incentive,3
517491,5.666666666666666,8,5694.0,3,3,3,9,False,Champions,Loyalty rewards + quarterly exclusive offers + referral bonus,2
517543,0.0,0,0.0,1,1,1,3,True,Hibernating,Soft re-engagement: 10% off + new feature notification (minimal investment),5
517545,4.5,2,95.0,3,1,1,5,False,Promising (Growth),First-booking incentive: 12% off + free cancellation on first 2 bookings,4
517548,5.333333333333333,3,445.0,3,2,1,6,False,Potential Champions,Frequency incentive: 10% off next 5 bookings + bundle deals + exclusive previews,3
517549,7.5,6,3644.0,2,3,3,8,False,Loyal Customers,Free checked bag + 10% loyalty discount + priority service,2
517571,4.0,1,278.0,3,1,1,5,False,Promising (Growth),First-booking incentive: 12% off + free cancellation on first 2 bookings,4
517579,5.0,1,840.0,3,1,2,6,False,Promising (Growth),First-booking incentive: 12% off + free cancellation on first 2 bookings,4
517581,6.0,3,3106.0,3,2,3,8,False,Potential Champions,Frequency incentive: 10% off next 5 bookings + bundle deals + exclusive previews,3
517596,6.0,3,2390.0,3,2,3,8,False,Potential Champions,Frequency incentive: 10% off next 5 bookings + bundle deals + exclusive previews,3
517622,0.0,0,0.0,1,1,1,3,True,Hibernating,Soft re-engagement: 10% off + new feature notification (minimal investment),5
517633,7.0,4,4571.4,2,3,3,8,False,Loyal Customers,Free checked bag + 10% loyalty discount + priority service,2
517653,7.5,2,219.7,2,1,1,4,False,About to Sleep,Re-engagement: 18% off + free hotel voucher + last-chance exclusive,4
517674,6.666666666666666,3,4992.0,2,2,3,7,False,Need Attention,Engagement bonus: 12% off + free baggage + loyalty enrolment incentive,3
517675,6.75,4,3940.0,2,3,3,8,False,Loyal Customers,Free checked bag + 10% loyalty discount + priority service,2
517676,74.25,4,485.0,1,3,1,5,False,Do Not Lose,Win-back: 18% off next 3 bookings + free upgrade + personalised re-engagement,1
517700,8.75,4,1220.0,1,3,2,6,False,Do Not Lose,Win-back: 18% off next 3 bookings + free upgrade + personalised re-engagement,1
517715,7.0,2,3436.0,2,1,3,6,False,About to Sleep,Re-engagement: 18% off + free hotel voucher + last-chance exclusive,4
517732,7.5,2,261.0,2,1,1,4,False,About to Sleep,Re-engagement: 18% off + free hotel voucher + last-chance exclusive,4
517735,8.0,2,2964.0,1,1,3,5,False,Hibernating,Soft re-engagement: 10% off + new feature notification (minimal investment),5
517739,4.0,1,1115.0,3,1,2,6,False,Promising (Growth),First-booking incentive: 12% off + free cancellation on first 2 bookings,4
517743,8.0,4,598.0,1,3,1,5,False,Do Not Lose,Win-back: 18% off next 3 bookings + free upgrade + personalised re-engagement,1
517772,7.0,4,1130.0,2,3,2,7,False,Loyal Customers,Free checked bag + 10% loyalty discount + priority service,2
517776,7.333333333333333,3,1764.0,2,2,2,6,False,Need Attention,Engagement bonus: 12% off + free baggage + loyalty enrolment incentive,3
517787,225.0,1,1974.0,1,1,2,4,False,Hibernating,Soft re-engagement: 10% off + new feature notification (minimal investment),5
517803,8.5,5,1467.7,1,3,2,6,False,Do Not Lose,Win-back: 18% off next 3 bookings + free upgrade + personalised re-engagement,1
517819,8.0,1,600.0,1,1,1,3,False,Hibernating,Soft re-engagement: 10% off + new feature notification (minimal investment),5
517825,6.5,4,416.0,2,3,1,6,False,Loyal Customers,Free checked bag + 10% loyalty discount + priority service,2
517839,4.666666666666666,3,731.0,3,2,1,6,False,Potential Champions,Frequency incentive: 10% off next 5 bookings + bundle deals + exclusive previews,3
517847,5.0,4,513.0,3,3,1,7,False,Champions,Loyalty rewards + quarterly exclusive offers + referral bonus,2
517871,9.0,1,204.0,1,1,1,3,False,Hibernating,Soft re-engagement: 10% off + new feature notification (minimal investment),5
517894,6.0,3,2313.0,3,2,3,8,False,Potential Champions,Frequency incentive: 10% off next 5 bookings + bundle deals + exclusive previews,3
517898,5.0,1,174.0,3,1,1,5,False,Promising (Growth),First-booking incentive: 12% off + free cancellation on first 2 bookings,4
517925,4.0,1,8400.0,3,1,3,7,False,Promising (High-Value),Tiered loyalty benefits + early access to sales + free cancellation (2 bookings),1
517931,5.333333333333333,5,13085.9,3,3,3,9,False,Champions,Loyalty rewards + quarterly exclusive offers + referral bonus,2
517961,6.5,2,321.0,2,1,1,4,False,About to Sleep,Re-engagement: 18% off + free hotel voucher + last-chance exclusive,4
517967,10.0,2,1779.0,1,1,2,4,False,Hibernating,Soft re-engagement: 10% off + new feature notification (minimal investment),5
517968,6.0,4,2633.85,3,3,3,9,False,Champions,Loyalty rewards + quarterly exclusive offers + referral bonus,2
518012,6.5,2,243.0,2,1,1,4,False,About to Sleep,Re-engagement: 18% off + free hotel voucher + last-chance exclusive,4
518015,6.25,4,3803.8,2,3,3,8,False,Loyal Customers,Free checked bag + 10% loyalty discount + priority service,2
518041,0.0,1,437.0,3,1,1,5,False,Promising (Growth),First-booking incentive: 12% off + free cancellation on first 2 bookings,4
518044,6.0,4,1900.0,3,3,2,8,False,Champions,Loyalty rewards + quarterly exclusive offers + referral bonus,2
518074,5.5,2,1080.0,3,1,2,6,False,Promising (Growth),First-booking incentive: 12% off + free cancellation on first 2 bookings,4
518084,196.0,1,2124.0,1,1,3,5,False,Hibernating,Soft re-engagement: 10% off + new feature notification (minimal investment),5
518092,6.2,5,1006.0,2,3,2,7,False,Loyal Customers,Free checked bag + 10% loyalty discount + priority service,2
518121,6.666666666666666,3,2374.8,2,2,3,7,False,Need Attention,Engagement bonus: 12% off + free baggage + loyalty enrolment incentive,3
518127,6.25,4,1633.15,2,3,2,7,False,Loyal Customers,Free checked bag + 10% loyalty discount + priority service,2
518135,6.0,2,410.0,3,1,1,5,False,Promising (Growth),First-booking incentive: 12% off + free cancellation on first 2 bookings,4
518191,7.5,2,370.0,2,1,1,4,False,About to Sleep,Re-engagement: 18% off + free hotel voucher + last-chance exclusive,4
518196,9.0,3,9210.0,1,2,3,6,False,At Risk (High Value),Aggressive win-back: 22% off + lounge access + concierge outreach,1
518211,6.25,4,609.0,2,3,1,6,False,Loyal Customers,Free checked bag + 10% loyalty discount + priority service,2
518219,6.0,3,476.0,3,2,1,6,False,Potential Champions,Frequency incentive: 10% off next 5 bookings + bundle deals + exclusive previews,3
518281,6.0,4,1017.0,3,3,2,8,False,Champions,Loyalty rewards + quarterly exclusive offers + referral bonus,2
518324,6.4,5,1399.0,2,3,2,7,False,Loyal Customers,Free checked bag + 10% loyalty discount + priority service,2
518334,13.0,2,1645.6,1,1,2,4,False,Hibernating,Soft re-engagement: 10% off + new feature notification (minimal investment),5
518338,52.33333333333333,4,3338.0,1,3,3,7,False,Do Not Lose,Win-back: 18% off next 3 bookings + free upgrade + personalised re-engagement,1
518347,9.5,4,1004.0,1,3,2,6,False,Do Not Lose,Win-back: 18% off next 3 bookings + free upgrade + personalised re-engagement,1
518348,8.0,2,4188.8,1,1,3,5,False,Hibernating,Soft re-engagement: 10% off + new feature notification (minimal investment),5
518354,0.0,0,0.0,1,1,1,3,True,Hibernating,Soft re-engagement: 10% off + new feature notification (minimal investment),5
518372,6.5,2,1106.0,2,1,2,5,False,About to Sleep,Re-engagement: 18% off + free hotel voucher + last-chance exclusive,4
518393,8.0,2,252.1,1,1,1,3,False,Hibernating,Soft re-engagement: 10% off + new feature notification (minimal investment),5
518406,5.666666666666666,3,952.0,3,2,2,7,False,Potential Champions,Frequency incentive: 10% off next 5 bookings + bundle deals + exclusive previews,3
518416,8.0,3,4681.0,1,2,3,6,False,At Risk (High Value),Aggressive win-back: 22% off + lounge access + concierge outreach,1
518422,0.0,1,339.0,3,1,1,5,False,Promising (Growth),First-booking incentive: 12% off + free cancellation on first 2 bookings,4
518443,10.0,2,2416.0,1,1,3,5,False,Hibernating,Soft re-engagement: 10% off + new feature notification (minimal investment),5
518450,7.0,2,1995.0,2,1,2,5,False,About to Sleep,Re-engagement: 18% off + free hotel voucher + last-chance exclusive,4
518480,8.0,4,4300.4,1,3,3,7,False,Do Not Lose,Win-back: 18% off next 3 bookings + free upgrade + personalised re-engagement,1
518495,6.5,2,4222.0,2,1,3,6,False,About to Sleep,Re-engagement: 18% off + free hotel voucher + last-chance exclusive,4
518516,7.666666666666665,3,2187.0,1,2,3,6,False,At Risk (High Value),Aggressive win-back: 22% off + lounge access + concierge outreach,1
518526,5.6,5,4034.0,3,3,3,9,False,Champions,Loyalty rewards + quarterly exclusive offers + referral bonus,2
518527,6.4,5,4866.0,2,3,3,8,False,Loyal Customers,Free checked bag + 10% loyalty discount + priority service,2
518533,7.0,3,76.0,2,2,1,5,False,Need Attention,Engagement bonus: 12% off + free baggage + loyalty enrolment incentive,3
518535,6.5,3,1166.9,2,2,2,6,False,Need Attention,Engagement bonus: 12% off + free baggage + loyalty enrolment incentive,3
518541,8.0,4,1624.0,1,3,2,6,False,Do Not Lose,Win-back: 18% off next 3 bookings + free upgrade + personalised re-engagement,1
518567,8.0,1,106.0,1,1,1,3,False,Hibernating,Soft re-engagement: 10% off + new feature notification (minimal investment),5
518579,10.5,3,2010.0,1,2,2,5,False,At Risk,Basic re-engagement: 12% off + flash sale notification,5
518582,97.66666666666666,4,8158.0,1,3,3,7,False,Do Not Lose,Win-back: 18% off next 3 bookings + free upgrade + personalised re-engagement,1
518585,6.333333333333333,3,864.0,2,2,2,6,False,Need Attention,Engagement bonus: 12% off + free baggage + loyalty enrolment incentive,3
518612,6.6,6,3283.2,2,3,3,8,False,Loyal Customers,Free checked bag + 10% loyalty discount + priority service,2
518628,0.0,0,0.0,1,1,1,3,True,Hibernating,Soft re-engagement: 10% off + new feature notification (minimal investment),5
518629,6.25,4,620.0,2,3,1,6,False,Loyal Customers,Free checked bag + 10% loyalty discount + priority service,2
518639,8.0,1,0.0,1,1,1,3,False,Hibernating,Soft re-engagement: 10% off + new feature notification (minimal investment),5
518642,0.0,1,5346.0,3,1,3,7,False,Promising (High-Value),Tiered loyalty benefits + early access to sales + free cancellation (2 bookings),1
518645,0.0,0,0.0,1,1,1,3,True,Hibernating,Soft re-engagement: 10% off + new feature notification (minimal investment),5
518694,8.0,2,3622.0,1,1,3,5,False,Hibernating,Soft re-engagement: 10% off + new feature notification (minimal investment),5
518696,0.0,1,396.0,3,1,1,5,False,Promising (Growth),First-booking incentive: 12% off + free cancellation on first 2 bookings,4
518711,7.0,2,1073.0,2,1,2,5,False,About to Sleep,Re-engagement: 18% off + free hotel voucher + last-chance exclusive,4
518716,10.0,2,4378.5,1,1,3,5,False,Hibernating,Soft re-engagement: 10% off + new feature notification (minimal investment),5
518722,6.0,4,299.05,3,3,1,7,False,Champions,Loyalty rewards + quarterly exclusive offers + referral bonus,2
518726,8.0,1,0.0,1,1,1,3,False,Hibernating,Soft re-engagement: 10% off + new feature notification (minimal investment),5
518735,0.0,1,1190.0,3,1,2,6,False,Promising (Growth),First-booking incentive: 12% off + free cancellation on first 2 bookings,4
518743,6.333333333333333,3,3579.0,2,2,3,7,False,Need Attention,Engagement bonus: 12% off + free baggage + loyalty enrolment incentive,3
518747,6.0,2,914.0,3,1,2,6,False,Promising (Growth),First-booking incentive: 12% off + free cancellation on first 2 bookings,4
518751,7.4,5,750.0,2,3,1,6,False,Loyal Customers,Free checked bag + 10% loyalty discount + priority service,2
518756,5.0,2,955.0,3,1,2,6,False,Promising (Growth),First-booking incentive: 12% off + free cancellation on first 2 bookings,4
518826,7.0,1,514.0,2,1,1,4,False,About to Sleep,Re-engagement: 18% off + free hotel voucher + last-chance exclusive,4
518827,8.5,4,6906.0,1,3,3,7,False,Do Not Lose,Win-back: 18% off next 3 bookings + free upgrade + personalised re-engagement,1
518865,7.0,3,1362.0,2,2,2,6,False,Need Attention,Engagement bonus: 12% off + free baggage + loyalty enrolment incentive,3
518866,7.333333333333333,3,752.0,2,2,1,5,False,Need Attention,Engagement bonus: 12% off + free baggage + loyalty enrolment incentive,3
518867,7.0,2,333.0,2,1,1,4,False,About to Sleep,Re-engagement: 18% off + free hotel voucher + last-chance exclusive,4
518870,6.5,3,994.0,2,2,2,6,False,Need Attention,Engagement bonus: 12% off + free baggage + loyalty enrolment incentive,3
518894,8.333333333333332,3,83.6,1,2,1,4,False,At Risk,Basic re-engagement: 12% off + flash sale notification,5
518896,7.0,3,7129.0,2,2,3,7,False,Need Attention,Engagement bonus: 12% off + free baggage + loyalty enrolment incentive,3
518907,6.333333333333333,5,2675.9,2,3,3,8,False,Loyal Customers,Free checked bag + 10% loyalty discount + priority service,2
518922,0.0,1,4332.0,3,1,3,7,False,Promising (High-Value),Tiered loyalty benefits + early access to sales + free cancellation (2 bookings),1
518925,0.0,1,976.0,3,1,2,6,False,Promising (Growth),First-booking incentive: 12% off + free cancellation on first 2 bookings,4
518931,0.0,0,0.0,1,1,1,3,True,Hibernating,Soft re-engagement: 10% off + new feature notification (minimal investment),5
518954,6.666666666666666,3,1147.0,2,2,2,6,False,Need Attention,Engagement bonus: 12% off + free baggage + loyalty enrolment incentive,3
518956,10.0,2,1064.9,1,1,2,4,False,Hibernating,Soft re-engagement: 10% off + new feature notification (minimal investment),5
518963,5.5,2,642.0,3,1,1,5,False,Promising (Growth),First-booking incentive: 12% off + free cancellation on first 2 bookings,4
518971,4.0,2,85.0,3,1,1,5,False,Promising (Growth),First-booking incentive: 12% off + free cancellation on first 2 bookings,4
518998,7.666666666666665,3,624.2,1,2,1,4,False,At Risk,Basic re-engagement: 12% off + flash sale notification,5
519014,5.5,4,5241.0,3,3,3,9,False,Champions,Loyalty rewards + quarterly exclusive offers + referral bonus,2
519059,8.5,2,697.8,1,1,1,3,False,Hibernating,Soft re-engagement: 10% off + new feature notification (minimal investment),5
519079,6.25,5,5776.0,2,3,3,8,False,Loyal Customers,Free checked bag + 10% loyalty discount + priority service,2
519089,63.33333333333333,3,728.0,1,2,1,4,False,At Risk,Basic re-engagement: 12% off + flash sale notification,5
519091,3.0,2,6504.0,3,1,3,7,False,Promising (High-Value),Tiered loyalty benefits + early access to sales + free cancellation (2 bookings),1
519096,8.0,2,840.25,1,1,2,4,False,Hibernating,Soft re-engagement: 10% off + new feature notification (minimal investment),5
519114,7.333333333333333,3,2083.0,2,2,3,7,False,Need Attention,Engagement bonus: 12% off + free baggage + loyalty enrolment incentive,3
519117,8.25,4,2501.45,1,3,3,7,False,Do Not Lose,Win-back: 18% off next 3 bookings + free upgrade + personalised re-engagement,1
519137,9.0,3,1684.95,1,2,2,5,False,At Risk,Basic re-engagement: 12% off + flash sale notification,5
519140,6.75,5,2191.0,2,3,3,8,False,Loyal Customers,Free checked bag + 10% loyalty discount + priority service,2
519171,6.5,2,868.0,2,1,2,5,False,About to Sleep,Re-engagement: 18% off + free hotel voucher + last-chance exclusive,4
519191,0.0,1,1808.8,3,1,2,6,False,Promising (Growth),First-booking incentive: 12% off + free cancellation on first 2 bookings,4
519205,5.5,2,662.6,3,1,1,5,False,Promising (Growth),First-booking incentive: 12% off + free cancellation on first 2 bookings,4
519210,10.0,4,1514.0,1,3,2,6,False,Do Not Lose,Win-back: 18% off next 3 bookings + free upgrade + personalised re-engagement,1
519211,6.5,5,1643.0,2,3,2,7,False,Loyal Customers,Free checked bag + 10% loyalty discount + priority service,2
519248,225.0,1,3505.5,1,1,3,5,False,Hibernating,Soft re-engagement: 10% off + new feature notification (minimal investment),5
519254,8.0,7,4517.8,1,3,3,7,False,Do Not Lose,Win-back: 18% off next 3 bookings + free upgrade + personalised re-engagement,1
519260,8.5,3,356.0,1,2,1,4,False,At Risk,Basic re-engagement: 12% off + flash sale notification,5
519267,9.0,1,65.0,1,1,1,3,False,Hibernating,Soft re-engagement: 10% off + new feature notification (minimal investment),5
519285,6.666666666666666,4,1181.0,2,3,2,7,False,Loyal Customers,Free checked bag + 10% loyalty discount + priority service,2
519312,0.0,0,0.0,1,1,1,3,True,Hibernating,Soft re-engagement: 10% off + new feature notification (minimal investment),5
519313,10.0,1,452.0,1,1,1,3,False,Hibernating,Soft re-engagement: 10% off + new feature notification (minimal investment),5
519335,0.0,2,1534.0,3,1,2,6,False,Promising (Growth),First-booking incentive: 12% off + free cancellation on first 2 bookings,4
519348,5.666666666666666,3,737.5,3,2,1,6,False,Potential Champions,Frequency incentive: 10% off next 5 bookings + bundle deals + exclusive previews,3
519353,0.0,1,1092.0,3,1,2,6,False,Promising (Growth),First-booking incentive: 12% off + free cancellation on first 2 bookings,4
519357,6.8,5,1267.0,2,3,2,7,False,Loyal Customers,Free checked bag + 10% loyalty discount + priority service,2
519368,4.0,1,0.0,3,1,1,5,False,Promising (Growth),First-booking incentive: 12% off + free cancellation on first 2 bookings,4
519383,0.0,1,1140.0,3,1,2,6,False,Promising (Growth),First-booking incentive: 12% off + free cancellation on first 2 bookings,4
519392,9.0,2,262.0,1,1,1,3,False,Hibernating,Soft re-engagement: 10% off + new feature notification (minimal investment),5
519393,9.0,3,538.0,1,2,1,4,False,At Risk,Basic re-engagement: 12% off + flash sale notification,5
519406,0.0,0,0.0,1,1,1,3,True,Hibernating,Soft re-engagement: 10% off + new feature notification (minimal investment),5
519412,9.0,2,720.0,1,1,1,3,False,Hibernating,Soft re-engagement: 10% off + new feature notification (minimal investment),5
519419,8.0,1,576.0,1,1,1,3,False,Hibernating,Soft re-engagement: 10% off + new feature notification (minimal investment),5
519430,7.0,2,1199.75,2,1,2,5,False,About to Sleep,Re-engagement: 18% off + free hotel voucher + last-chance exclusive,4
519446,6.75,4,1596.0,2,3,2,7,False,Loyal Customers,Free checked bag + 10% loyalty discount + priority service,2
519469,6.0,2,1078.65,3,1,2,6,False,Promising (Growth),First-booking incentive: 12% off + free cancellation on first 2 bookings,4
519515,7.333333333333333,4,5762.0,2,3,3,8,False,Loyal Customers,Free checked bag + 10% loyalty discount + priority service,2
519529,6.0,1,96.0,3,1,1,5,False,Promising (Growth),First-booking incentive: 12% off + free cancellation on first 2 bookings,4
519532,6.333333333333333,3,396.0,2,2,1,5,False,Need Attention,Engagement bonus: 12% off + free baggage + loyalty enrolment incentive,3
519541,7.5,2,453.9,2,1,1,4,False,About to Sleep,Re-engagement: 18% off + free hotel voucher + last-chance exclusive,4
519548,0.0,0,0.0,1,1,1,3,True,Hibernating,Soft re-engagement: 10% off + new feature notification (minimal investment),5
519554,9.33333333333333,3,2248.0,1,2,3,6,False,At Risk (High Value),Aggressive win-back: 22% off + lounge access + concierge outreach,1
519561,0.0,0,0.0,1,1,1,3,True,Hibernating,Soft re-engagement: 10% off + new feature notification (minimal investment),5
519595,7.0,4,630.0,2,3,1,6,False,Loyal Customers,Free checked bag + 10% loyalty discount + priority service,2
519596,6.0,2,705.0,3,1,1,5,False,Promising (Growth),First-booking incentive: 12% off + free cancellation on first 2 bookings,4
519604,7.0,3,1400.0,2,2,2,6,False,Need Attention,Engagement bonus: 12% off + free baggage + loyalty enrolment incentive,3
519626,5.666666666666666,3,1482.0,3,2,2,7,False,Potential Champions,Frequency incentive: 10% off next 5 bookings + bundle deals + exclusive previews,3
519631,6.833333333333333,6,2066.5,2,3,3,8,False,Loyal Customers,Free checked bag + 10% loyalty discount + priority service,2
519664,10.0,2,1392.8,1,1,2,4,False,Hibernating,Soft re-engagement: 10% off + new feature notification (minimal investment),5
519687,0.0,0,0.0,1,1,1,3,True,Hibernating,Soft re-engagement: 10% off + new feature notification (minimal investment),5
519694,5.0,4,747.0,3,3,1,7,False,Champions,Loyalty rewards + quarterly exclusive offers + referral bonus,2
519695,6.0,3,1838.0,3,2,2,7,False,Potential Champions,Frequency incentive: 10% off next 5 bookings + bundle deals + exclusive previews,3
519706,0.0,1,5443.2,3,1,3,7,False,Promising (High-Value),Tiered loyalty benefits + early access to sales + free cancellation (2 bookings),1
519709,8.0,4,902.0,1,3,2,6,False,Do Not Lose,Win-back: 18% off next 3 bookings + free upgrade + personalised re-engagement,1
519718,6.5,3,1953.0,2,2,2,6,False,Need Attention,Engagement bonus: 12% off + free baggage + loyalty enrolment incentive,3
519722,8.0,3,2520.0,1,2,3,6,False,At Risk (High Value),Aggressive win-back: 22% off + lounge access + concierge outreach,1
519725,4.0,2,504.45,3,1,1,5,False,Promising (Growth),First-booking incentive: 12% off + free cancellation on first 2 bookings,4
519726,5.0,2,772.0,3,1,1,5,False,Promising (Growth),First-booking incentive: 12% off + free cancellation on first 2 bookings,4
519747,7.6,5,3483.7,1,3,3,7,False,Do Not Lose,Win-back: 18% off next 3 bookings + free upgrade + personalised re-engagement,1
519769,6.333333333333333,3,968.0,2,2,2,6,False,Need Attention,Engagement bonus: 12% off + free baggage + loyalty enrolment incentive,3
519774,7.0,3,1914.6,2,2,2,6,False,Need Attention,Engagement bonus: 12% off + free baggage + loyalty enrolment incentive,3
519787,0.0,1,1792.0,3,1,2,6,False,Promising (Growth),First-booking incentive: 12% off + free cancellation on first 2 bookings,4
519799,6.8,5,1874.0,2,3,2,7,False,Loyal Customers,Free checked bag + 10% loyalty discount + priority service,2
519846,6.333333333333333,4,7592.0,2,3,3,8,False,Loyal Customers,Free checked bag + 10% loyalty discount + priority service,2
519848,7.25,4,1953.0,2,3,2,7,False,Loyal Customers,Free checked bag + 10% loyalty discount + priority service,2
519853,5.0,2,580.0,3,1,1,5,False,Promising (Growth),First-booking incentive: 12% off + free cancellation on first 2 bookings,4
519859,8.8,5,5366.5,1,3,3,7,False,Do Not Lose,Win-back: 18% off next 3 bookings + free upgrade + personalised re-engagement,1
519885,9.0,3,1927.0,1,2,2,5,False,At Risk,Basic re-engagement: 12% off + flash sale notification,5
519888,6.666666666666666,4,1068.5,2,3,2,7,False,Loyal Customers,Free checked bag + 10% loyalty discount + priority service,2
519893,8.666666666666666,4,2019.0,1,3,2,6,False,Do Not Lose,Win-back: 18% off next 3 bookings + free upgrade + personalised re-engagement,1
519896,88.0,3,5760.3,1,2,3,6,False,At Risk (High Value),Aggressive win-back: 22% off + lounge access + concierge outreach,1
519897,0.0,0,0.0,1,1,1,3,True,Hibernating,Soft re-engagement: 10% off + new feature notification (minimal investment),5
519905,7.0,2,2818.0,2,1,3,6,False,About to Sleep,Re-engagement: 18% off + free hotel voucher + last-chance exclusive,4
519911,6.166666666666666,6,3298.0,2,3,3,8,False,Loyal Customers,Free checked bag + 10% loyalty discount + priority service,2
519912,8.0,4,1882.0,1,3,2,6,False,Do Not Lose,Win-back: 18% off next 3 bookings + free upgrade + personalised re-engagement,1
519943,0.0,0,0.0,1,1,1,3,True,Hibernating,Soft re-engagement: 10% off + new feature notification (minimal investment),5
519955,6.0,2,1101.0,3,1,2,6,False,Promising (Growth),First-booking incentive: 12% off + free cancellation on first 2 bookings,4
519957,7.5,2,502.0,2,1,1,4,False,About to Sleep,Re-engagement: 18% off + free hotel voucher + last-chance exclusive,4
519961,7.666666666666665,3,676.0,1,2,1,4,False,At Risk,Basic re-engagement: 12% off + flash sale notification,5
519965,7.333333333333333,3,1779.0,2,2,2,6,False,Need Attention,Engagement bonus: 12% off + free baggage + loyalty enrolment incentive,3
519982,0.0,0,0.0,1,1,1,3,True,Hibernating,Soft re-engagement: 10% off + new feature notification (minimal investment),5
520054,6.0,1,287.0,3,1,1,5,False,Promising (Growth),First-booking incentive: 12% off + free cancellation on first 2 bookings,4
520063,6.0,2,140.0,3,1,1,5,False,Promising (Growth),First-booking incentive: 12% off + free cancellation on first 2 bookings,4
520097,5.75,4,209.0,3,3,1,7,False,Champions,Loyalty rewards + quarterly exclusive offers + referral bonus,2
520106,8.0,1,490.0,1,1,1,3,False,Hibernating,Soft re-engagement: 10% off + new feature notification (minimal investment),5
520141,7.0,3,1876.0,2,2,2,6,False,Need Attention,Engagement bonus: 12% off + free baggage + loyalty enrolment incentive,3
520152,7.666666666666665,4,2662.0,1,3,3,7,False,Do Not Lose,Win-back: 18% off next 3 bookings + free upgrade + personalised re-engagement,1
520170,11.0,2,1670.0,1,1,2,4,False,Hibernating,Soft re-engagement: 10% off + new feature notification (minimal investment),5
520175,7.0,3,842.5,2,2,2,6,False,Need Attention,Engagement bonus: 12% off + free baggage + loyalty enrolment incentive,3
520177,6.8,6,2405.8,2,3,3,8,False,Loyal Customers,Free checked bag + 10% loyalty discount + priority service,2
520182,7.333333333333333,3,2130.0,2,2,3,7,False,Need Attention,Engagement bonus: 12% off + free baggage + loyalty enrolment incentive,3
520188,7.0,2,531.6,2,1,1,4,False,About to Sleep,Re-engagement: 18% off + free hotel voucher + last-chance exclusive,4
520193,6.666666666666666,3,1429.0,2,2,2,6,False,Need Attention,Engagement bonus: 12% off + free baggage + loyalty enrolment incentive,3
520225,7.2,5,1522.0,2,3,2,7,False,Loyal Customers,Free checked bag + 10% loyalty discount + priority service,2
520244,5.5,2,792.0,3,1,1,5,False,Promising (Growth),First-booking incentive: 12% off + free cancellation on first 2 bookings,4
520248,7.25,4,1440.0,2,3,2,7,False,Loyal Customers,Free checked bag + 10% loyalty discount + priority service,2
520250,7.5,4,1398.3,2,3,2,7,False,Loyal Customers,Free checked bag + 10% loyalty discount + priority service,2
520256,5.666666666666666,4,1919.0,3,3,2,8,False,Champions,Loyalty rewards + quarterly exclusive offers + referral bonus,2
520265,7.75,5,3847.5,1,3,3,7,False,Do Not Lose,Win-back: 18% off next 3 bookings + free upgrade + personalised re-engagement,1
520277,6.5,2,230.0,2,1,1,4,False,About to Sleep,Re-engagement: 18% off + free hotel voucher + last-chance exclusive,4
520291,7.0,4,2692.6,2,3,3,8,False,Loyal Customers,Free checked bag + 10% loyalty discount + priority service,2
520298,7.0,2,1934.2,2,1,2,5,False,About to Sleep,Re-engagement: 18% off + free hotel voucher + last-chance exclusive,4
520307,6.666666666666666,3,1314.0,2,2,2,6,False,Need Attention,Engagement bonus: 12% off + free baggage + loyalty enrolment incentive,3
520311,5.25,5,2592.0,3,3,3,9,False,Champions,Loyalty rewards + quarterly exclusive offers + referral bonus,2
520314,0.0,2,2620.0,3,1,3,7,False,Promising (High-Value),Tiered loyalty benefits + early access to sales + free cancellation (2 bookings),1
520327,6.5,2,226.0,2,1,1,4,False,About to Sleep,Re-engagement: 18% off + free hotel voucher + last-chance exclusive,4
520358,7.666666666666665,4,2078.0,1,3,3,7,False,Do Not Lose,Win-back: 18% off next 3 bookings + free upgrade + personalised re-engagement,1
520373,8.666666666666666,3,1967.0,1,2,2,5,False,At Risk,Basic re-engagement: 12% off + flash sale notification,5
520397,5.666666666666666,3,644.0,3,2,1,6,False,Potential Champions,Frequency incentive: 10% off next 5 bookings + bundle deals + exclusive previews,3
520405,6.0,1,0.0,3,1,1,5,False,Promising (Growth),First-booking incentive: 12% off + free cancellation on first 2 bookings,4
520411,4.0,2,1228.0,3,1,2,6,False,Promising (Growth),First-booking incentive: 12% off + free cancellation on first 2 bookings,4
520422,7.0,2,645.0,2,1,1,4,False,About to Sleep,Re-engagement: 18% off + free hotel voucher + last-chance exclusive,4
520429,9.0,2,1174.0,1,1,2,4,False,Hibernating,Soft re-engagement: 10% off + new feature notification (minimal investment),5
520436,6.4,6,2888.0,2,3,3,8,False,Loyal Customers,Free checked bag + 10% loyalty discount + priority service,2
520440,0.0,0,0.0,1,1,1,3,True,Hibernating,Soft re-engagement: 10% off + new feature notification (minimal investment),5
520480,7.333333333333333,3,511.8,2,2,1,5,False,Need Attention,Engagement bonus: 12% off + free baggage + loyalty enrolment incentive,3
520491,6.5,5,957.0,2,3,2,7,False,Loyal Customers,Free checked bag + 10% loyalty discount + priority service,2
520497,7.666666666666665,3,457.0,1,2,1,4,False,At Risk,Basic re-engagement: 12% off + flash sale notification,5
520527,8.0,2,1468.0,1,1,2,4,False,Hibernating,Soft re-engagement: 10% off + new feature notification (minimal investment),5
520530,8.5,4,1362.0,1,3,2,6,False,Do Not Lose,Win-back: 18% off next 3 bookings + free upgrade + personalised re-engagement,1
520532,8.25,4,1455.5,1,3,2,6,False,Do Not Lose,Win-back: 18% off next 3 bookings + free upgrade + personalised re-engagement,1
520539,6.0,3,362.0,3,2,1,6,False,Potential Champions,Frequency incentive: 10% off next 5 bookings + bundle deals + exclusive previews,3
520556,6.75,5,9659.1,2,3,3,8,False,Loyal Customers,Free checked bag + 10% loyalty discount + priority service,2
520558,6.0,1,590.0,3,1,1,5,False,Promising (Growth),First-booking incentive: 12% off + free cancellation on first 2 bookings,4
520561,0.0,0,0.0,1,1,1,3,True,Hibernating,Soft re-engagement: 10% off + new feature notification (minimal investment),5
520603,0.0,0,0.0,1,1,1,3,True,Hibernating,Soft re-engagement: 10% off + new feature notification (minimal investment),5
520619,4.5,2,1137.0,3,1,2,6,False,Promising (Growth),First-booking incentive: 12% off + free cancellation on first 2 bookings,4
520680,8.0,2,940.0,1,1,2,4,False,Hibernating,Soft re-engagement: 10% off + new feature notification (minimal investment),5
520696,4.0,1,122.0,3,1,1,5,False,Promising (Growth),First-booking incentive: 12% off + free cancellation on first 2 bookings,4
520708,5.333333333333333,3,1194.0,3,2,2,7,False,Potential Champions,Frequency incentive: 10% off next 5 bookings + bundle deals + exclusive previews,3
520719,7.5,4,3923.0,2,3,3,8,False,Loyal Customers,Free checked bag + 10% loyalty discount + priority service,2
520733,8.333333333333332,3,1144.0,1,2,2,5,False,At Risk,Basic re-engagement: 12% off + flash sale notification,5
520745,8.5,2,883.0,1,1,2,4,False,Hibernating,Soft re-engagement: 10% off + new feature notification (minimal investment),5
520762,8.0,2,1081.0,1,1,2,4,False,Hibernating,Soft re-engagement: 10% off + new feature notification (minimal investment),5
520770,10.0,4,248.9,1,3,1,5,False,Do Not Lose,Win-back: 18% off next 3 bookings + free upgrade + personalised re-engagement,1
520771,0.0,1,1760.0,3,1,2,6,False,Promising (Growth),First-booking incentive: 12% off + free cancellation on first 2 bookings,4
520780,0.0,0,0.0,1,1,1,3,True,Hibernating,Soft re-engagement: 10% off + new feature notification (minimal investment),5
520783,7.5,3,1978.0,2,2,2,6,False,Need Attention,Engagement bonus: 12% off + free baggage + loyalty enrolment incentive,3
520804,5.333333333333333,3,394.0,3,2,1,6,False,Potential Champions,Frequency incentive: 10% off next 5 bookings + bundle deals + exclusive previews,3
520819,7.0,2,2228.0,2,1,3,6,False,About to Sleep,Re-engagement: 18% off + free hotel voucher + last-chance exclusive,4
520821,6.0,2,1095.0,3,1,2,6,False,Promising (Growth),First-booking incentive: 12% off + free cancellation on first 2 bookings,4
520844,5.0,2,2112.0,3,1,3,7,False,Promising (High-Value),Tiered loyalty benefits + early access to sales + free cancellation (2 bookings),1
520851,6.2,5,2586.0,2,3,3,8,False,Loyal Customers,Free checked bag + 10% loyalty discount + priority service,2
520861,7.0,2,1824.6,2,1,2,5,False,About to Sleep,Re-engagement: 18% off + free hotel voucher + last-chance exclusive,4
520877,5.0,3,1400.0,3,2,2,7,False,Potential Champions,Frequency incentive: 10% off next 5 bookings + bundle deals + exclusive previews,3
520878,7.5,4,6030.0,2,3,3,8,False,Loyal Customers,Free checked bag + 10% loyalty discount + priority service,2
520882,0.0,1,780.0,3,1,1,5,False,Promising (Growth),First-booking incentive: 12% off + free cancellation on first 2 bookings,4
520885,5.75,4,6277.0,3,3,3,9,False,Champions,Loyalty rewards + quarterly exclusive offers + referral bonus,2
520898,6.0,3,5760.0,3,2,3,8,False,Potential Champions,Frequency incentive: 10% off next 5 bookings + bundle deals + exclusive previews,3
520902,5.75,4,1452.0,3,3,2,8,False,Champions,Loyalty rewards + quarterly exclusive offers + referral bonus,2
520920,0.0,1,440.3,3,1,1,5,False,Promising (Growth),First-booking incentive: 12% off + free cancellation on first 2 bookings,4
520934,8.0,1,346.0,1,1,1,3,False,Hibernating,Soft re-engagement: 10% off + new feature notification (minimal investment),5
520947,0.0,2,2143.3,3,1,3,7,False,Promising (High-Value),Tiered loyalty benefits + early access to sales + free cancellation (2 bookings),1
520959,7.0,1,115.6,2,1,1,4,False,About to Sleep,Re-engagement: 18% off + free hotel voucher + last-chance exclusive,4
521000,8.0,3,885.0,1,2,2,5,False,At Risk,Basic re-engagement: 12% off + flash sale notification,5
521004,6.75,4,484.0,2,3,1,6,False,Loyal Customers,Free checked bag + 10% loyalty discount + priority service,2
521009,0.0,1,872.0,3,1,2,6,False,Promising (Growth),First-booking incentive: 12% off + free cancellation on first 2 bookings,4
521031,6.8,6,3457.05,2,3,3,8,False,Loyal Customers,Free checked bag + 10% loyalty discount + priority service,2
521033,7.25,4,2106.9,2,3,3,8,False,Loyal Customers,Free checked bag + 10% loyalty discount + priority service,2
521044,7.666666666666665,4,2534.0,1,3,3,7,False,Do Not Lose,Win-back: 18% off next 3 bookings + free upgrade + personalised re-engagement,1
521060,6.25,5,2412.9,2,3,3,8,False,Loyal Customers,Free checked bag + 10% loyalty discount + priority service,2
521062,0.0,0,0.0,1,1,1,3,True,Hibernating,Soft re-engagement: 10% off + new feature notification (minimal investment),5
521065,7.0,3,331.25,2,2,1,5,False,Need Attention,Engagement bonus: 12% off + free baggage + loyalty enrolment incentive,3
521066,7.25,4,2034.0,2,3,2,7,False,Loyal Customers,Free checked bag + 10% loyalty discount + priority service,2
521070,48.166666666666664,6,1978.0,1,3,2,6,False,Do Not Lose,Win-back: 18% off next 3 bookings + free upgrade + personalised re-engagement,1
521109,7.0,3,1435.0,2,2,2,6,False,Need Attention,Engagement bonus: 12% off + free baggage + loyalty enrolment incentive,3
521127,6.0,5,4906.6,3,3,3,9,False,Champions,Loyalty rewards + quarterly exclusive offers + referral bonus,2
521152,6.333333333333333,3,6496.0,2,2,3,7,False,Need Attention,Engagement bonus: 12% off + free baggage + loyalty enrolment incentive,3
521170,9.0,3,4866.0,1,2,3,6,False,At Risk (High Value),Aggressive win-back: 22% off + lounge access + concierge outreach,1
521185,5.5,4,2689.95,3,3,3,9,False,Champions,Loyalty rewards + quarterly exclusive offers + referral bonus,2
521186,4.666666666666666,3,4079.2,3,2,3,8,False,Potential Champions,Frequency incentive: 10% off next 5 bookings + bundle deals + exclusive previews,3
521187,0.0,0,0.0,1,1,1,3,True,Hibernating,Soft re-engagement: 10% off + new feature notification (minimal investment),5
521192,7.0,3,2299.0,2,2,3,7,False,Need Attention,Engagement bonus: 12% off + free baggage + loyalty enrolment incentive,3
521201,5.0,1,63.0,3,1,1,5,False,Promising (Growth),First-booking incentive: 12% off + free cancellation on first 2 bookings,4
521211,0.0,1,582.0,3,1,1,5,False,Promising (Growth),First-booking incentive: 12% off + free cancellation on first 2 bookings,4
521212,6.666666666666666,3,3120.1,2,2,3,7,False,Need Attention,Engagement bonus: 12% off + free baggage + loyalty enrolment incentive,3
521235,44.8,5,3709.0,1,3,3,7,False,Do Not Lose,Win-back: 18% off next 3 bookings + free upgrade + personalised re-engagement,1
521250,7.0,2,75.0,2,1,1,4,False,About to Sleep,Re-engagement: 18% off + free hotel voucher + last-chance exclusive,4
521259,7.0,2,436.8,2,1,1,4,False,About to Sleep,Re-engagement: 18% off + free hotel voucher + last-chance exclusive,4
521282,9.5,2,448.0,1,1,1,3,False,Hibernating,Soft re-engagement: 10% off + new feature notification (minimal investment),5
521286,7.0,1,112.0,2,1,1,4,False,About to Sleep,Re-engagement: 18% off + free hotel voucher + last-chance exclusive,4
521293,7.0,5,2584.8,2,3,3,8,False,Loyal Customers,Free checked bag + 10% loyalty discount + priority service,2
521295,5.0,2,1027.5,3,1,2,6,False,Promising (Growth),First-booking incentive: 12% off + free cancellation on first 2 bookings,4
521298,7.0,3,2961.7,2,2,3,7,False,Need Attention,Engagement bonus: 12% off + free baggage + loyalty enrolment incentive,3
521309,8.5,2,117.0,1,1,1,3,False,Hibernating,Soft re-engagement: 10% off + new feature notification (minimal investment),5
521316,8.5,3,1490.2,1,2,2,5,False,At Risk,Basic re-engagement: 12% off + flash sale notification,5
521331,6.0,1,288.0,3,1,1,5,False,Promising (Growth),First-booking incentive: 12% off + free cancellation on first 2 bookings,4
521335,8.5,3,1244.0,1,2,2,5,False,At Risk,Basic re-engagement: 12% off + flash sale notification,5
521343,7.0,5,1266.0,2,3,2,7,False,Loyal Customers,Free checked bag + 10% loyalty discount + priority service,2
521379,10.0,2,542.0,1,1,1,3,False,Hibernating,Soft re-engagement: 10% off + new feature notification (minimal investment),5
521392,3.0,2,1468.0,3,1,2,6,False,Promising (Growth),First-booking incentive: 12% off + free cancellation on first 2 bookings,4
521404,7.25,5,2209.0,2,3,3,8,False,Loyal Customers,Free checked bag + 10% loyalty discount + priority service,2
521408,7.5,2,2829.0,2,1,3,6,False,About to Sleep,Re-engagement: 18% off + free hotel voucher + last-chance exclusive,4
521416,5.0,3,813.0,3,2,1,6,False,Potential Champions,Frequency incentive: 10% off next 5 bookings + bundle deals + exclusive previews,3
521434,7.0,4,1677.0,2,3,2,7,False,Loyal Customers,Free checked bag + 10% loyalty discount + priority service,2
521462,7.333333333333333,3,1104.0,2,2,2,6,False,Need Attention,Engagement bonus: 12% off + free baggage + loyalty enrolment incentive,3
521474,7.0,1,144.0,2,1,1,4,False,About to Sleep,Re-engagement: 18% off + free hotel voucher + last-chance exclusive,4
521491,6.0,4,4708.5,3,3,3,9,False,Champions,Loyalty rewards + quarterly exclusive offers + referral bonus,2
521509,8.75,4,3343.0,1,3,3,7,False,Do Not Lose,Win-back: 18% off next 3 bookings + free upgrade + personalised re-engagement,1
521510,8.5,3,959.0,1,2,2,5,False,At Risk,Basic re-engagement: 12% off + flash sale notification,5
521514,5.5,2,1248.3,3,1,2,6,False,Promising (Growth),First-booking incentive: 12% off + free cancellation on first 2 bookings,4
521587,6.0,4,657.0,3,3,1,7,False,Champions,Loyalty rewards + quarterly exclusive offers + referral bonus,2
521607,7.333333333333333,3,758.2,2,2,1,5,False,Need Attention,Engagement bonus: 12% off + free baggage + loyalty enrolment incentive,3
521609,5.5,2,2352.0,3,1,3,7,False,Promising (High-Value),Tiered loyalty benefits + early access to sales + free cancellation (2 bookings),1
521642,0.0,2,1747.6,3,1,2,6,False,Promising (Growth),First-booking incentive: 12% off + free cancellation on first 2 bookings,4
521657,15.0,3,1548.0,1,2,2,5,False,At Risk,Basic re-engagement: 12% off + flash sale notification,5
521658,7.25,5,1437.0,2,3,2,7,False,Loyal Customers,Free checked bag + 10% loyalty discount + priority service,2
521663,0.0,0,0.0,1,1,1,3,True,Hibernating,Soft re-engagement: 10% off + new feature notification (minimal investment),5
521695,6.0,4,2919.8,3,3,3,9,False,Champions,Loyalty rewards + quarterly exclusive offers + referral bonus,2
521708,7.0,4,1332.0,2,3,2,7,False,Loyal Customers,Free checked bag + 10% loyalty discount + priority service,2
521719,5.0,1,232.0,3,1,1,5,False,Promising (Growth),First-booking incentive: 12% off + free cancellation on first 2 bookings,4
521720,7.25,4,3621.0,2,3,3,8,False,Loyal Customers,Free checked bag + 10% loyalty discount + priority service,2
521743,6.7142857142857135,7,1702.1,2,3,2,7,False,Loyal Customers,Free checked bag + 10% loyalty discount + priority service,2
521748,4.5,3,2102.4,3,2,3,8,False,Potential Champions,Frequency incentive: 10% off next 5 bookings + bundle deals + exclusive previews,3
521768,8.0,3,1323.0,1,2,2,5,False,At Risk,Basic re-engagement: 12% off + flash sale notification,5
521785,8.0,2,2505.0,1,1,3,5,False,Hibernating,Soft re-engagement: 10% off + new feature notification (minimal investment),5
521814,7.333333333333333,6,1835.6,2,3,2,7,False,Loyal Customers,Free checked bag + 10% loyalty discount + priority service,2
521818,7.0,1,93.6,2,1,1,4,False,About to Sleep,Re-engagement: 18% off + free hotel voucher + last-chance exclusive,4
521859,7.8,5,1370.0,1,3,2,6,False,Do Not Lose,Win-back: 18% off next 3 bookings + free upgrade + personalised re-engagement,1
521865,7.5,4,2008.0,2,3,2,7,False,Loyal Customers,Free checked bag + 10% loyalty discount + priority service,2
521883,61.0,3,208.0,1,2,1,4,False,At Risk,Basic re-engagement: 12% off + flash sale notification,5
521884,5.0,2,672.0,3,1,1,5,False,Promising (Growth),First-booking incentive: 12% off + free cancellation on first 2 bookings,4
521885,9.5,2,960.0,1,1,2,4,False,Hibernating,Soft re-engagement: 10% off + new feature notification (minimal investment),5
521904,4.0,1,207.0,3,1,1,5,False,Promising (Growth),First-booking incentive: 12% off + free cancellation on first 2 bookings,4
521921,7.0,1,376.0,2,1,1,4,False,About to Sleep,Re-engagement: 18% off + free hotel voucher + last-chance exclusive,4
521925,6.0,5,4688.95,3,3,3,9,False,Champions,Loyalty rewards + quarterly exclusive offers + referral bonus,2
521941,7.0,3,4346.0,2,2,3,7,False,Need Attention,Engagement bonus: 12% off + free baggage + loyalty enrolment incentive,3
521943,8.666666666666666,3,1275.0,1,2,2,5,False,At Risk,Basic re-engagement: 12% off + flash sale notification,5
521956,7.25,4,1811.0,2,3,2,7,False,Loyal Customers,Free checked bag + 10% loyalty discount + priority service,2
521963,5.0,2,1056.0,3,1,2,6,False,Promising (Growth),First-booking incentive: 12% off + free cancellation on first 2 bookings,4
521986,10.0,2,1864.0,1,1,2,4,False,Hibernating,Soft re-engagement: 10% off + new feature notification (minimal investment),5
521992,8.0,4,2455.0,1,3,3,7,False,Do Not Lose,Win-back: 18% off next 3 bookings + free upgrade + personalised re-engagement,1
521997,5.5,4,2214.0,3,3,3,9,False,Champions,Loyalty rewards + quarterly exclusive offers + referral bonus,2
522001,0.0,0,0.0,1,1,1,3,True,Hibernating,Soft re-engagement: 10% off + new feature notification (minimal investment),5
522005,6.0,5,5875.6,3,3,3,9,False,Champions,Loyalty rewards + quarterly exclusive offers + referral bonus,2
522062,4.75,4,1075.0,3,3,2,8,False,Champions,Loyalty rewards + quarterly exclusive offers + referral bonus,2
522086,6.5,2,1382.0,2,1,2,5,False,About to Sleep,Re-engagement: 18% off + free hotel voucher + last-chance exclusive,4
522111,9.0,3,1332.0,1,2,2,5,False,At Risk,Basic re-engagement: 12% off + flash sale notification,5
522112,7.0,2,290.0,2,1,1,4,False,About to Sleep,Re-engagement: 18% off + free hotel voucher + last-chance exclusive,4
522115,5.666666666666666,3,2859.3,3,2,3,8,False,Potential Champions,Frequency incentive: 10% off next 5 bookings + bundle deals + exclusive previews,3
522118,5.666666666666666,3,612.0,3,2,1,6,False,Potential Champions,Frequency incentive: 10% off next 5 bookings + bundle deals + exclusive previews,3
522134,0.0,0,0.0,1,1,1,3,True,Hibernating,Soft re-engagement: 10% off + new feature notification (minimal investment),5
522152,5.0,1,0.0,3,1,1,5,False,Promising (Growth),First-booking incentive: 12% off + free cancellation on first 2 bookings,4
522171,6.0,4,4758.0,3,3,3,9,False,Champions,Loyalty rewards + quarterly exclusive offers + referral bonus,2
522179,6.666666666666666,3,1089.0,2,2,2,6,False,Need Attention,Engagement bonus: 12% off + free baggage + loyalty enrolment incentive,3
522184,0.0,0,0.0,1,1,1,3,True,Hibernating,Soft re-engagement: 10% off + new feature notification (minimal investment),5
522201,0.0,1,2310.0,3,1,3,7,False,Promising (High-Value),Tiered loyalty benefits + early access to sales + free cancellation (2 bookings),1
522223,7.25,4,3911.0,2,3,3,8,False,Loyal Customers,Free checked bag + 10% loyalty discount + priority service,2
522233,7.0,4,2851.8,2,3,3,8,False,Loyal Customers,Free checked bag + 10% loyalty discount + priority service,2
522237,7.5,4,3420.0,2,3,3,8,False,Loyal Customers,Free checked bag + 10% loyalty discount + priority service,2
522263,8.0,2,1125.3,1,1,2,4,False,Hibernating,Soft re-engagement: 10% off + new feature notification (minimal investment),5
522265,6.333333333333333,4,1368.3,2,3,2,7,False,Loyal Customers,Free checked bag + 10% loyalty discount + priority service,2
522276,8.5,2,1688.0,1,1,2,4,False,Hibernating,Soft re-engagement: 10% off + new feature notification (minimal investment),5
522286,6.333333333333333,3,606.0,2,2,1,5,False,Need Attention,Engagement bonus: 12% off + free baggage + loyalty enrolment incentive,3
522315,6.5,2,647.0,2,1,1,4,False,About to Sleep,Re-engagement: 18% off + free hotel voucher + last-chance exclusive,4
522323,7.75,5,2251.6,1,3,3,7,False,Do Not Lose,Win-back: 18% off next 3 bookings + free upgrade + personalised re-engagement,1
522364,7.0,3,912.6,2,2,2,6,False,Need Attention,Engagement bonus: 12% off + free baggage + loyalty enrolment incentive,3
522373,8.5,2,133.0,1,1,1,3,False,Hibernating,Soft re-engagement: 10% off + new feature notification (minimal investment),5
522375,6.0,3,2739.6,3,2,3,8,False,Potential Champions,Frequency incentive: 10% off next 5 bookings + bundle deals + exclusive previews,3
522387,0.0,1,4800.0,3,1,3,7,False,Promising (High-Value),Tiered loyalty benefits + early access to sales + free cancellation (2 bookings),1
522402,7.0,3,659.0,2,2,1,5,False,Need Attention,Engagement bonus: 12% off + free baggage + loyalty enrolment incentive,3
522420,0.0,0,0.0,1,1,1,3,True,Hibernating,Soft re-engagement: 10% off + new feature notification (minimal investment),5
522426,7.25,4,395.0,2,3,1,6,False,Loyal Customers,Free checked bag + 10% loyalty discount + priority service,2
522427,5.0,3,4294.0,3,2,3,8,False,Potential Champions,Frequency incentive: 10% off next 5 bookings + bundle deals + exclusive previews,3
522438,5.8,5,1860.7,3,3,2,8,False,Champions,Loyalty rewards + quarterly exclusive offers + referral bonus,2
522441,10.333333333333332,3,481.0,1,2,1,4,False,At Risk,Basic re-engagement: 12% off + flash sale notification,5
522445,7.0,2,7505.0,2,1,3,6,False,About to Sleep,Re-engagement: 18% off + free hotel voucher + last-chance exclusive,4
522457,8.5,6,3424.0,1,3,3,7,False,Do Not Lose,Win-back: 18% off next 3 bookings + free upgrade + personalised re-engagement,1
522465,9.0,4,5124.0,1,3,3,7,False,Do Not Lose,Win-back: 18% off next 3 bookings + free upgrade + personalised re-engagement,1
522476,9.8,5,2010.0,1,3,2,6,False,Do Not Lose,Win-back: 18% off next 3 bookings + free upgrade + personalised re-engagement,1
522484,6.5,6,5073.0,2,3,3,8,False,Loyal Customers,Free checked bag + 10% loyalty discount + priority service,2
522513,5.0,4,2206.0,3,3,3,9,False,Champions,Loyalty rewards + quarterly exclusive offers + referral bonus,2
522523,5.0,1,166.0,3,1,1,5,False,Promising (Growth),First-booking incentive: 12% off + free cancellation on first 2 bookings,4
522532,8.333333333333332,5,2128.85,1,3,3,7,False,Do Not Lose,Win-back: 18% off next 3 bookings + free upgrade + personalised re-engagement,1
522533,68.66666666666666,3,1001.0,1,2,2,5,False,At Risk,Basic re-engagement: 12% off + flash sale notification,5
522585,7.0,2,920.6,2,1,2,5,False,About to Sleep,Re-engagement: 18% off + free hotel voucher + last-chance exclusive,4
522607,6.5,3,2679.8,2,2,3,7,False,Need Attention,Engagement bonus: 12% off + free baggage + loyalty enrolment incentive,3
522624,0.0,1,4617.0,3,1,3,7,False,Promising (High-Value),Tiered loyalty benefits + early access to sales + free cancellation (2 bookings),1
522631,9.0,1,96.0,1,1,1,3,False,Hibernating,Soft re-engagement: 10% off + new feature notification (minimal investment),5
522633,7.333333333333333,3,1217.0,2,2,2,6,False,Need Attention,Engagement bonus: 12% off + free baggage + loyalty enrolment incentive,3
522634,8.666666666666666,4,6409.0,1,3,3,7,False,Do Not Lose,Win-back: 18% off next 3 bookings + free upgrade + personalised re-engagement,1
522639,7.0,2,2652.0,2,1,3,6,False,About to Sleep,Re-engagement: 18% off + free hotel voucher + last-chance exclusive,4
522654,7.0,3,2667.0,2,2,3,7,False,Need Attention,Engagement bonus: 12% off + free baggage + loyalty enrolment incentive,3
522687,71.0,4,1430.0,1,3,2,6,False,Do Not Lose,Win-back: 18% off next 3 bookings + free upgrade + personalised re-engagement,1
522738,73.5,2,2472.6,1,1,3,5,False,Hibernating,Soft re-engagement: 10% off + new feature notification (minimal investment),5
522745,5.0,3,2599.0,3,2,3,8,False,Potential Champions,Frequency incentive: 10% off next 5 bookings + bundle deals + exclusive previews,3
522748,6.75,5,3385.95,2,3,3,8,False,Loyal Customers,Free checked bag + 10% loyalty discount + priority service,2
522761,7.0,2,1120.0,2,1,2,5,False,About to Sleep,Re-engagement: 18% off + free hotel voucher + last-chance exclusive,4
522788,0.0,2,896.1,3,1,2,6,False,Promising (Growth),First-booking incentive: 12% off + free cancellation on first 2 bookings,4
522800,6.0,5,2643.0,3,3,3,9,False,Champions,Loyalty rewards + quarterly exclusive offers + referral bonus,2
522809,8.0,1,1155.0,1,1,2,4,False,Hibernating,Soft re-engagement: 10% off + new feature notification (minimal investment),5
522873,6.0,1,0.0,3,1,1,5,False,Promising (Growth),First-booking incentive: 12% off + free cancellation on first 2 bookings,4
522898,128.5,2,4058.0,1,1,3,5,False,Hibernating,Soft re-engagement: 10% off + new feature notification (minimal investment),5
522911,0.0,0,0.0,1,1,1,3,True,Hibernating,Soft re-engagement: 10% off + new feature notification (minimal investment),5
522927,7.0,1,464.0,2,1,1,4,False,About to Sleep,Re-engagement: 18% off + free hotel voucher + last-chance exclusive,4
522937,9.142857142857144,7,1129.9,1,3,2,6,False,Do Not Lose,Win-back: 18% off next 3 bookings + free upgrade + personalised re-engagement,1
522939,11.0,2,550.0,1,1,1,3,False,Hibernating,Soft re-engagement: 10% off + new feature notification (minimal investment),5
522943,0.0,1,399.0,3,1,1,5,False,Promising (Growth),First-booking incentive: 12% off + free cancellation on first 2 bookings,4
522944,8.5,2,343.0,1,1,1,3,False,Hibernating,Soft re-engagement: 10% off + new feature notification (minimal investment),5
522970,8.0,6,2958.0,1,3,3,7,False,Do Not Lose,Win-back: 18% off next 3 bookings + free upgrade + personalised re-engagement,1
522981,5.8,5,2905.2,3,3,3,9,False,Champions,Loyalty rewards + quarterly exclusive offers + referral bonus,2
522999,7.0,3,4353.0,2,2,3,7,False,Need Attention,Engagement bonus: 12% off + free baggage + loyalty enrolment incentive,3
523030,5.0,2,70.5,3,1,1,5,False,Promising (Growth),First-booking incentive: 12% off + free cancellation on first 2 bookings,4
523057,0.0,0,0.0,1,1,1,3,True,Hibernating,Soft re-engagement: 10% off + new feature notification (minimal investment),5
523073,5.0,2,1016.0,3,1,2,6,False,Promising (Growth),First-booking incentive: 12% off + free cancellation on first 2 bookings,4
523077,4.0,4,4804.2,3,3,3,9,False,Champions,Loyalty rewards + quarterly exclusive offers + referral bonus,2
523090,7.5,2,1014.0,2,1,2,5,False,About to Sleep,Re-engagement: 18% off + free hotel voucher + last-chance exclusive,4
523098,9.33333333333333,3,1473.0,1,2,2,5,False,At Risk,Basic re-engagement: 12% off + flash sale notification,5
523146,8.75,4,5316.2,1,3,3,7,False,Do Not Lose,Win-back: 18% off next 3 bookings + free upgrade + personalised re-engagement,1
523158,7.0,3,1846.0,2,2,2,6,False,Need Attention,Engagement bonus: 12% off + free baggage + loyalty enrolment incentive,3
523209,6.75,4,3031.0,2,3,3,8,False,Loyal Customers,Free checked bag + 10% loyalty discount + priority service,2
523228,3.6666666666666665,4,2191.95,3,3,3,9,False,Champions,Loyalty rewards + quarterly exclusive offers + referral bonus,2
523231,8.0,4,1827.0,1,3,2,6,False,Do Not Lose,Win-back: 18% off next 3 bookings + free upgrade + personalised re-engagement,1
523256,8.5,3,11545.0,1,2,3,6,False,At Risk (High Value),Aggressive win-back: 22% off + lounge access + concierge outreach,1
523271,9.666666666666666,3,672.0,1,2,1,4,False,At Risk,Basic re-engagement: 12% off + flash sale notification,5
523273,7.0,2,2109.0,2,1,3,6,False,About to Sleep,Re-engagement: 18% off + free hotel voucher + last-chance exclusive,4
523290,6.0,3,3958.0,3,2,3,8,False,Potential Champions,Frequency incentive: 10% off next 5 bookings + bundle deals + exclusive previews,3
523299,0.0,0,0.0,1,1,1,3,True,Hibernating,Soft re-engagement: 10% off + new feature notification (minimal investment),5
523301,6.666666666666666,3,1411.0,2,2,2,6,False,Need Attention,Engagement bonus: 12% off + free baggage + loyalty enrolment incentive,3
523335,6.0,3,1821.8,3,2,2,7,False,Potential Champions,Frequency incentive: 10% off next 5 bookings + bundle deals + exclusive previews,3
523338,7.5,4,5482.3,2,3,3,8,False,Loyal Customers,Free checked bag + 10% loyalty discount + priority service,2
523392,7.666666666666665,3,1150.0,1,2,2,5,False,At Risk,Basic re-engagement: 12% off + flash sale notification,5
523395,5.666666666666666,3,2098.0,3,2,3,8,False,Potential Champions,Frequency incentive: 10% off next 5 bookings + bundle deals + exclusive previews,3
523442,6.0,4,2421.0,3,3,3,9,False,Champions,Loyalty rewards + quarterly exclusive offers + referral bonus,2
523454,10.666666666666666,3,2639.8,1,2,3,6,False,At Risk (High Value),Aggressive win-back: 22% off + lounge access + concierge outreach,1
523465,6.333333333333333,3,1751.0,2,2,2,6,False,Need Attention,Engagement bonus: 12% off + free baggage + loyalty enrolment incentive,3
523474,8.0,4,1566.0,1,3,2,6,False,Do Not Lose,Win-back: 18% off next 3 bookings + free upgrade + personalised re-engagement,1
523484,7.75,5,2945.0,1,3,3,7,False,Do Not Lose,Win-back: 18% off next 3 bookings + free upgrade + personalised re-engagement,1
523503,168.0,1,0.0,1,1,1,3,False,Hibernating,Soft re-engagement: 10% off + new feature notification (minimal investment),5
523505,5.0,5,3482.0,3,3,3,9,False,Champions,Loyalty rewards + quarterly exclusive offers + referral bonus,2
523511,186.5,3,494.0,1,2,1,4,False,At Risk,Basic re-engagement: 12% off + flash sale notification,5
523513,7.666666666666665,3,4019.0,1,2,3,6,False,At Risk (High Value),Aggressive win-back: 22% off + lounge access + concierge outreach,1
523517,6.0,2,2681.0,3,1,3,7,False,Promising (High-Value),Tiered loyalty benefits + early access to sales + free cancellation (2 bookings),1
523526,11.0,1,364.0,1,1,1,3,False,Hibernating,Soft re-engagement: 10% off + new feature notification (minimal investment),5
523546,6.0,3,1643.0,3,2,2,7,False,Potential Champions,Frequency incentive: 10% off next 5 bookings + bundle deals + exclusive previews,3
523559,5.333333333333333,3,1520.0,3,2,2,7,False,Potential Champions,Frequency incentive: 10% off next 5 bookings + bundle deals + exclusive previews,3
523612,4.5,5,4604.0,3,3,3,9,False,Champions,Loyalty rewards + quarterly exclusive offers + referral bonus,2
523619,8.0,2,3101.0,1,1,3,5,False,Hibernating,Soft re-engagement: 10% off + new feature notification (minimal investment),5
523657,6.5,2,470.0,2,1,1,4,False,About to Sleep,Re-engagement: 18% off + free hotel voucher + last-chance exclusive,4
523666,6.25,4,1829.0,2,3,2,7,False,Loyal Customers,Free checked bag + 10% loyalty discount + priority service,2
523686,9.0,2,1006.55,1,1,2,4,False,Hibernating,Soft re-engagement: 10% off + new feature notification (minimal investment),5
523690,6.0,4,5547.9,3,3,3,9,False,Champions,Loyalty rewards + quarterly exclusive offers + referral bonus,2
523700,10.0,1,1346.4,1,1,2,4,False,Hibernating,Soft re-engagement: 10% off + new feature notification (minimal investment),5
523710,8.333333333333332,3,1189.0,1,2,2,5,False,At Risk,Basic re-engagement: 12% off + flash sale notification,5
523715,8.0,2,1026.0,1,1,2,4,False,Hibernating,Soft re-engagement: 10% off + new feature notification (minimal investment),5
523717,7.0,6,1552.8,2,3,2,7,False,Loyal Customers,Free checked bag + 10% loyalty discount + priority service,2
523729,0.0,1,314.0,3,1,1,5,False,Promising (Growth),First-booking incentive: 12% off + free cancellation on first 2 bookings,4
523735,6.333333333333333,4,3175.6,2,3,3,8,False,Loyal Customers,Free checked bag + 10% loyalty discount + priority service,2
523746,8.0,2,199.0,1,1,1,3,False,Hibernating,Soft re-engagement: 10% off + new feature notification (minimal investment),5
523756,7.0,5,3979.0,2,3,3,8,False,Loyal Customers,Free checked bag + 10% loyalty discount + priority service,2
523768,3.0,2,603.0,3,1,1,5,False,Promising (Growth),First-booking incentive: 12% off + free cancellation on first 2 bookings,4
523771,6.0,3,4924.0,3,2,3,8,False,Potential Champions,Frequency incentive: 10% off next 5 bookings + bundle deals + exclusive previews,3
523787,8.0,1,0.0,1,1,1,3,False,Hibernating,Soft re-engagement: 10% off + new feature notification (minimal investment),5
523800,4.0,4,4124.8,3,3,3,9,False,Champions,Loyalty rewards + quarterly exclusive offers + referral bonus,2
523807,6.5,2,936.0,2,1,2,5,False,About to Sleep,Re-engagement: 18% off + free hotel voucher + last-chance exclusive,4
523819,12.0,5,3807.5,1,3,3,7,False,Do Not Lose,Win-back: 18% off next 3 bookings + free upgrade + personalised re-engagement,1
523824,9.5,2,950.1,1,1,2,4,False,Hibernating,Soft re-engagement: 10% off + new feature notification (minimal investment),5
523841,6.666666666666666,3,1495.0,2,2,2,6,False,Need Attention,Engagement bonus: 12% off + free baggage + loyalty enrolment incentive,3
523842,7.666666666666665,4,2476.0,1,3,3,7,False,Do Not Lose,Win-back: 18% off next 3 bookings + free upgrade + personalised re-engagement,1
523845,6.25,5,1922.7,2,3,2,7,False,Loyal Customers,Free checked bag + 10% loyalty discount + priority service,2
523846,6.0,2,661.8,3,1,1,5,False,Promising (Growth),First-booking incentive: 12% off + free cancellation on first 2 bookings,4
523860,7.0,3,2445.6,2,2,3,7,False,Need Attention,Engagement bonus: 12% off + free baggage + loyalty enrolment incentive,3
523866,10.333333333333332,3,567.0,1,2,1,4,False,At Risk,Basic re-engagement: 12% off + flash sale notification,5
523877,7.75,4,1066.0,1,3,2,6,False,Do Not Lose,Win-back: 18% off next 3 bookings + free upgrade + personalised re-engagement,1
523887,0.0,1,1188.0,3,1,2,6,False,Promising (Growth),First-booking incentive: 12% off + free cancellation on first 2 bookings,4
523913,7.5,4,942.0,2,3,2,7,False,Loyal Customers,Free checked bag + 10% loyalty discount + priority service,2
523938,5.5,2,1381.0,3,1,2,6,False,Promising (Growth),First-booking incentive: 12% off + free cancellation on first 2 bookings,4
523981,7.25,5,1714.0,2,3,2,7,False,Loyal Customers,Free checked bag + 10% loyalty discount + priority service,2
524001,6.5,4,991.6,2,3,2,7,False,Loyal Customers,Free checked bag + 10% loyalty discount + priority service,2
524012,6.666666666666666,4,6876.0,2,3,3,8,False,Loyal Customers,Free checked bag + 10% loyalty discount + priority service,2
524031,6.75,4,1559.0,2,3,2,7,False,Loyal Customers,Free checked bag + 10% loyalty discount + priority service,2
524036,7.0,3,1331.2,2,2,2,6,False,Need Attention,Engagement bonus: 12% off + free baggage + loyalty enrolment incentive,3
524038,5.75,4,330.5,3,3,1,7,False,Champions,Loyalty rewards + quarterly exclusive offers + referral bonus,2
524043,5.2,6,3019.1,3,3,3,9,False,Champions,Loyalty rewards + quarterly exclusive offers + referral bonus,2
524046,125.66666666666666,4,12913.6,1,3,3,7,False,Do Not Lose,Win-back: 18% off next 3 bookings + free upgrade + personalised re-engagement,1
524052,6.333333333333333,3,818.1,2,2,1,5,False,Need Attention,Engagement bonus: 12% off + free baggage + loyalty enrolment incentive,3
524057,0.0,1,426.0,3,1,1,5,False,Promising (Growth),First-booking incentive: 12% off + free cancellation on first 2 bookings,4
524076,8.0,3,801.0,1,2,1,4,False,At Risk,Basic re-engagement: 12% off + flash sale notification,5
524080,6.5,4,1606.0,2,3,2,7,False,Loyal Customers,Free checked bag + 10% loyalty discount + priority service,2
524098,0.0,0,0.0,1,1,1,3,True,Hibernating,Soft re-engagement: 10% off + new feature notification (minimal investment),5
524116,6.5,6,5961.0,2,3,3,8,False,Loyal Customers,Free checked bag + 10% loyalty discount + priority service,2
524120,7.0,4,2857.0,2,3,3,8,False,Loyal Customers,Free checked bag + 10% loyalty discount + priority service,2
524151,6.0,3,1067.0,3,2,2,7,False,Potential Champions,Frequency incentive: 10% off next 5 bookings + bundle deals + exclusive previews,3
524167,7.25,4,3548.0,2,3,3,8,False,Loyal Customers,Free checked bag + 10% loyalty discount + priority service,2
524169,7.333333333333333,3,126.0,2,2,1,5,False,Need Attention,Engagement bonus: 12% off + free baggage + loyalty enrolment incentive,3
524172,0.0,0,0.0,1,1,1,3,True,Hibernating,Soft re-engagement: 10% off + new feature notification (minimal investment),5
524180,6.2,5,4505.75,2,3,3,8,False,Loyal Customers,Free checked bag + 10% loyalty discount + priority service,2
524194,5.0,1,110.0,3,1,1,5,False,Promising (Growth),First-booking incentive: 12% off + free cancellation on first 2 bookings,4
524200,7.5,4,4738.5,2,3,3,8,False,Loyal Customers,Free checked bag + 10% loyalty discount + priority service,2
524211,6.666666666666666,3,1571.0,2,2,2,6,False,Need Attention,Engagement bonus: 12% off + free baggage + loyalty enrolment incentive,3
524214,5.0,2,1184.0,3,1,2,6,False,Promising (Growth),First-booking incentive: 12% off + free cancellation on first 2 bookings,4
524226,5.75,4,1083.0,3,3,2,8,False,Champions,Loyalty rewards + quarterly exclusive offers + referral bonus,2
524244,5.5,3,2216.5,3,2,3,8,False,Potential Champions,Frequency incentive: 10% off next 5 bookings + bundle deals + exclusive previews,3
524251,4.0,3,3077.8,3,2,3,8,False,Potential Champions,Frequency incentive: 10% off next 5 bookings + bundle deals + exclusive previews,3
524278,6.0,2,1725.0,3,1,2,6,False,Promising (Growth),First-booking incentive: 12% off + free cancellation on first 2 bookings,4
524313,8.0,2,6951.0,1,1,3,5,False,Hibernating,Soft re-engagement: 10% off + new feature notification (minimal investment),5
524318,0.0,0,0.0,1,1,1,3,True,Hibernating,Soft re-engagement: 10% off + new feature notification (minimal investment),5
524328,8.0,2,1469.75,1,1,2,4,False,Hibernating,Soft re-engagement: 10% off + new feature notification (minimal investment),5
524358,6.5,2,842.0,2,1,2,5,False,About to Sleep,Re-engagement: 18% off + free hotel voucher + last-chance exclusive,4
524365,6.4,6,1732.0,2,3,2,7,False,Loyal Customers,Free checked bag + 10% loyalty discount + priority service,2
524383,10.0,1,150.0,1,1,1,3,False,Hibernating,Soft re-engagement: 10% off + new feature notification (minimal investment),5
524407,5.666666666666666,3,2310.0,3,2,3,8,False,Potential Champions,Frequency incentive: 10% off next 5 bookings + bundle deals + exclusive previews,3
524412,7.25,5,5085.0,2,3,3,8,False,Loyal Customers,Free checked bag + 10% loyalty discount + priority service,2
524419,11.0,2,1053.0,1,1,2,4,False,Hibernating,Soft re-engagement: 10% off + new feature notification (minimal investment),5
524448,5.0,1,0.0,3,1,1,5,False,Promising (Growth),First-booking incentive: 12% off + free cancellation on first 2 bookings,4
524473,7.5,3,3287.9,2,2,3,7,False,Need Attention,Engagement bonus: 12% off + free baggage + loyalty enrolment incentive,3
524484,169.0,1,0.0,1,1,1,3,False,Hibernating,Soft re-engagement: 10% off + new feature notification (minimal investment),5
524511,4.0,3,1692.0,3,2,2,7,False,Potential Champions,Frequency incentive: 10% off next 5 bookings + bundle deals + exclusive previews,3
524572,6.0,3,2249.0,3,2,3,8,False,Potential Champions,Frequency incentive: 10% off next 5 bookings + bundle deals + exclusive previews,3
524606,102.0,2,0.0,1,1,1,3,False,Hibernating,Soft re-engagement: 10% off + new feature notification (minimal investment),5
524607,6.6,5,2022.0,2,3,2,7,False,Loyal Customers,Free checked bag + 10% loyalty discount + priority service,2
524615,7.0,3,969.0,2,2,2,6,False,Need Attention,Engagement bonus: 12% off + free baggage + loyalty enrolment incentive,3
524620,7.333333333333333,3,883.4,2,2,2,6,False,Need Attention,Engagement bonus: 12% off + free baggage + loyalty enrolment incentive,3
524628,9.33333333333333,3,860.0,1,2,2,5,False,At Risk,Basic re-engagement: 12% off + flash sale notification,5
524637,7.666666666666665,3,839.0,1,2,2,5,False,At Risk,Basic re-engagement: 12% off + flash sale notification,5
524644,7.5,3,7810.0,2,2,3,7,False,Need Attention,Engagement bonus: 12% off + free baggage + loyalty enrolment incentive,3
524650,5.5,2,958.0,3,1,2,6,False,Promising (Growth),First-booking incentive: 12% off + free cancellation on first 2 bookings,4
524663,5.0,1,128.0,3,1,1,5,False,Promising (Growth),First-booking incentive: 12% off + free cancellation on first 2 bookings,4
524668,8.0,5,1733.5,1,3,2,6,False,Do Not Lose,Win-back: 18% off next 3 bookings + free upgrade + personalised re-engagement,1
524682,4.5,2,1224.0,3,1,2,6,False,Promising (Growth),First-booking incentive: 12% off + free cancellation on first 2 bookings,4
524722,6.0,3,591.6,3,2,1,6,False,Potential Champions,Frequency incentive: 10% off next 5 bookings + bundle deals + exclusive previews,3
524728,6.0,1,0.0,3,1,1,5,False,Promising (Growth),First-booking incentive: 12% off + free cancellation on first 2 bookings,4
524739,9.0,1,278.1,1,1,1,3,False,Hibernating,Soft re-engagement: 10% off + new feature notification (minimal investment),5
524766,6.0,2,624.0,3,1,1,5,False,Promising (Growth),First-booking incentive: 12% off + free cancellation on first 2 bookings,4
524797,0.0,0,0.0,1,1,1,3,True,Hibernating,Soft re-engagement: 10% off + new feature notification (minimal investment),5
524805,6.5,3,722.0,2,2,1,5,False,Need Attention,Engagement bonus: 12% off + free baggage + loyalty enrolment incentive,3
524807,8.0,3,454.0,1,2,1,4,False,At Risk,Basic re-engagement: 12% off + flash sale notification,5
524821,6.0,1,0.0,3,1,1,5,False,Promising (Growth),First-booking incentive: 12% off + free cancellation on first 2 bookings,4
524834,8.5,2,511.9,1,1,1,3,False,Hibernating,Soft re-engagement: 10% off + new feature notification (minimal investment),5
524842,0.0,1,3729.6,3,1,3,7,False,Promising (High-Value),Tiered loyalty benefits + early access to sales + free cancellation (2 bookings),1
524849,9.0,3,2642.4,1,2,3,6,False,At Risk (High Value),Aggressive win-back: 22% off + lounge access + concierge outreach,1
524861,6.0,4,6658.0,3,3,3,9,False,Champions,Loyalty rewards + quarterly exclusive offers + referral bonus,2
524880,0.0,0,0.0,1,1,1,3,True,Hibernating,Soft re-engagement: 10% off + new feature notification (minimal investment),5
524885,0.0,0,0.0,1,1,1,3,True,Hibernating,Soft re-engagement: 10% off + new feature notification (minimal investment),5
524895,6.0,3,1560.0,3,2,2,7,False,Potential Champions,Frequency incentive: 10% off next 5 bookings + bundle deals + exclusive previews,3
524909,6.333333333333333,3,777.0,2,2,1,5,False,Need Attention,Engagement bonus: 12% off + free baggage + loyalty enrolment incentive,3
524913,0.0,1,9816.0,3,1,3,7,False,Promising (High-Value),Tiered loyalty benefits + early access to sales + free cancellation (2 bookings),1
524923,6.0,3,0.0,3,2,1,6,False,Potential Champions,Frequency incentive: 10% off next 5 bookings + bundle deals + exclusive previews,3
524926,7.75,4,2474.0,1,3,3,7,False,Do Not Lose,Win-back: 18% off next 3 bookings + free upgrade + personalised re-engagement,1
524929,3.75,4,3009.0,3,3,3,9,False,Champions,Loyalty rewards + quarterly exclusive offers + referral bonus,2
524940,0.0,1,2468.0,3,1,3,7,False,Promising (High-Value),Tiered loyalty benefits + early access to sales + free cancellation (2 bookings),1
524980,8.5,2,214.0,1,1,1,3,False,Hibernating,Soft re-engagement: 10% off + new feature notification (minimal investment),5
525022,8.0,2,594.0,1,1,1,3,False,Hibernating,Soft re-engagement: 10% off + new feature notification (minimal investment),5
525034,6.0,2,1325.0,3,1,2,6,False,Promising (Growth),First-booking incentive: 12% off + free cancellation on first 2 bookings,4
525043,5.666666666666666,3,570.0,3,2,1,6,False,Potential Champions,Frequency incentive: 10% off next 5 bookings + bundle deals + exclusive previews,3
525053,5.666666666666666,3,473.3,3,2,1,6,False,Potential Champions,Frequency incentive: 10% off next 5 bookings + bundle deals + exclusive previews,3
525056,6.75,4,3587.1,2,3,3,8,False,Loyal Customers,Free checked bag + 10% loyalty discount + priority service,2
525081,7.0,4,6489.4,2,3,3,8,False,Loyal Customers,Free checked bag + 10% loyalty discount + priority service,2
525089,7.25,4,2269.0,2,3,3,8,False,Loyal Customers,Free checked bag + 10% loyalty discount + priority service,2
525102,8.25,5,7219.6,1,3,3,7,False,Do Not Lose,Win-back: 18% off next 3 bookings + free upgrade + personalised re-engagement,1
525106,8.0,1,610.0,1,1,1,3,False,Hibernating,Soft re-engagement: 10% off + new feature notification (minimal investment),5
525168,7.5,2,483.0,2,1,1,4,False,About to Sleep,Re-engagement: 18% off + free hotel voucher + last-chance exclusive,4
525175,0.0,1,1218.0,3,1,2,6,False,Promising (Growth),First-booking incentive: 12% off + free cancellation on first 2 bookings,4
525176,7.0,1,0.0,2,1,1,4,False,About to Sleep,Re-engagement: 18% off + free hotel voucher + last-chance exclusive,4
525201,6.666666666666666,6,1714.0,2,3,2,7,False,Loyal Customers,Free checked bag + 10% loyalty discount + priority service,2
525212,6.5,3,807.6,2,2,1,5,False,Need Attention,Engagement bonus: 12% off + free baggage + loyalty enrolment incentive,3
525227,5.75,5,2966.0,3,3,3,9,False,Champions,Loyalty rewards + quarterly exclusive offers + referral bonus,2
525234,6.0,3,3337.35,3,2,3,8,False,Potential Champions,Frequency incentive: 10% off next 5 bookings + bundle deals + exclusive previews,3
525244,7.0,2,2250.9,2,1,3,6,False,About to Sleep,Re-engagement: 18% off + free hotel voucher + last-chance exclusive,4
525265,10.333333333333332,3,822.8,1,2,1,4,False,At Risk,Basic re-engagement: 12% off + flash sale notification,5
525281,5.2,5,2967.0,3,3,3,9,False,Champions,Loyalty rewards + quarterly exclusive offers + referral bonus,2
525308,4.0,2,573.0,3,1,1,5,False,Promising (Growth),First-booking incentive: 12% off + free cancellation on first 2 bookings,4
525323,6.0,2,2852.0,3,1,3,7,False,Promising (High-Value),Tiered loyalty benefits + early access to sales + free cancellation (2 bookings),1
525332,6.0,4,5061.0,3,3,3,9,False,Champions,Loyalty rewards + quarterly exclusive offers + referral bonus,2
525356,7.333333333333333,3,3271.0,2,2,3,7,False,Need Attention,Engagement bonus: 12% off + free baggage + loyalty enrolment incentive,3
525377,0.0,0,0.0,1,1,1,3,True,Hibernating,Soft re-engagement: 10% off + new feature notification (minimal investment),5
525379,0.0,0,0.0,1,1,1,3,True,Hibernating,Soft re-engagement: 10% off + new feature notification (minimal investment),5
525389,6.5,2,1118.8,2,1,2,5,False,About to Sleep,Re-engagement: 18% off + free hotel voucher + last-chance exclusive,4
525405,7.0,1,498.0,2,1,1,4,False,About to Sleep,Re-engagement: 18% off + free hotel voucher + last-chance exclusive,4
525410,9.5,4,698.0,1,3,1,5,False,Do Not Lose,Win-back: 18% off next 3 bookings + free upgrade + personalised re-engagement,1
525415,10.333333333333332,3,951.65,1,2,2,5,False,At Risk,Basic re-engagement: 12% off + flash sale notification,5
525447,7.666666666666665,4,1927.2,1,3,2,6,False,Do Not Lose,Win-back: 18% off next 3 bookings + free upgrade + personalised re-engagement,1
525488,8.0,1,928.0,1,1,2,4,False,Hibernating,Soft re-engagement: 10% off + new feature notification (minimal investment),5
525515,5.75,4,3082.5,3,3,3,9,False,Champions,Loyalty rewards + quarterly exclusive offers + referral bonus,2
525529,6.0,3,7915.0,3,2,3,8,False,Potential Champions,Frequency incentive: 10% off next 5 bookings + bundle deals + exclusive previews,3
525546,7.25,6,6677.0,2,3,3,8,False,Loyal Customers,Free checked bag + 10% loyalty discount + priority service,2
525555,7.5,2,224.0,2,1,1,4,False,About to Sleep,Re-engagement: 18% off + free hotel voucher + last-chance exclusive,4
525591,6.5,4,5635.0,2,3,3,8,False,Loyal Customers,Free checked bag + 10% loyalty discount + priority service,2
525610,7.0,4,1495.1,2,3,2,7,False,Loyal Customers,Free checked bag + 10% loyalty discount + priority service,2
525611,7.0,5,2680.0,2,3,3,8,False,Loyal Customers,Free checked bag + 10% loyalty discount + priority service,2
525615,6.8,6,1922.5,2,3,2,7,False,Loyal Customers,Free checked bag + 10% loyalty discount + priority service,2
525631,8.0,2,1314.0,1,1,2,4,False,Hibernating,Soft re-engagement: 10% off + new feature notification (minimal investment),5
525647,0.0,0,0.0,1,1,1,3,True,Hibernating,Soft re-engagement: 10% off + new feature notification (minimal investment),5
525671,8.0,4,979.5,1,3,2,6,False,Do Not Lose,Win-back: 18% off next 3 bookings + free upgrade + personalised re-engagement,1
525684,8.333333333333332,4,3408.9,1,3,3,7,False,Do Not Lose,Win-back: 18% off next 3 bookings + free upgrade + personalised re-engagement,1
525716,8.666666666666666,4,3482.8,1,3,3,7,False,Do Not Lose,Win-back: 18% off next 3 bookings + free upgrade + personalised re-engagement,1
525722,9.4,5,659.1,1,3,1,5,False,Do Not Lose,Win-back: 18% off next 3 bookings + free upgrade + personalised re-engagement,1
525734,6.0,2,1600.0,3,1,2,6,False,Promising (Growth),First-booking incentive: 12% off + free cancellation on first 2 bookings,4
525761,0.0,1,548.25,3,1,1,5,False,Promising (Growth),First-booking incentive: 12% off + free cancellation on first 2 bookings,4
525769,5.8,6,5643.0,3,3,3,9,False,Champions,Loyalty rewards + quarterly exclusive offers + referral bonus,2
525789,6.666666666666666,4,1956.8,2,3,2,7,False,Loyal Customers,Free checked bag + 10% loyalty discount + priority service,2
525804,7.0,4,2872.0,2,3,3,8,False,Loyal Customers,Free checked bag + 10% loyalty discount + priority service,2
525806,6.0,2,1712.0,3,1,2,6,False,Promising (Growth),First-booking incentive: 12% off + free cancellation on first 2 bookings,4
525824,5.5,2,4304.0,3,1,3,7,False,Promising (High-Value),Tiered loyalty benefits + early access to sales + free cancellation (2 bookings),1
525842,5.0,3,1871.0,3,2,2,7,False,Potential Champions,Frequency incentive: 10% off next 5 bookings + bundle deals + exclusive previews,3
525844,6.333333333333333,3,1023.0,2,2,2,6,False,Need Attention,Engagement bonus: 12% off + free baggage + loyalty enrolment incentive,3
525848,0.0,1,1674.0,3,1,2,6,False,Promising (Growth),First-booking incentive: 12% off + free cancellation on first 2 bookings,4
525864,7.5,2,288.0,2,1,1,4,False,About to Sleep,Re-engagement: 18% off + free hotel voucher + last-chance exclusive,4
525879,8.25,4,2956.0,1,3,3,7,False,Do Not Lose,Win-back: 18% off next 3 bookings + free upgrade + personalised re-engagement,1
525920,7.0,5,3627.0,2,3,3,8,False,Loyal Customers,Free checked bag + 10% loyalty discount + priority service,2
525975,8.0,4,818.7,1,3,1,5,False,Do Not Lose,Win-back: 18% off next 3 bookings + free upgrade + personalised re-engagement,1
525996,8.25,6,4036.85,1,3,3,7,False,Do Not Lose,Win-back: 18% off next 3 bookings + free upgrade + personalised re-engagement,1
526032,0.0,0,0.0,1,1,1,3,True,Hibernating,Soft re-engagement: 10% off + new feature notification (minimal investment),5
526036,0.0,0,0.0,1,1,1,3,True,Hibernating,Soft re-engagement: 10% off + new feature notification (minimal investment),5
526062,8.25,5,7138.6,1,3,3,7,False,Do Not Lose,Win-back: 18% off next 3 bookings + free upgrade + personalised re-engagement,1
526079,8.0,3,680.0,1,2,1,4,False,At Risk,Basic re-engagement: 12% off + flash sale notification,5
526084,7.666666666666665,3,484.0,1,2,1,4,False,At Risk,Basic re-engagement: 12% off + flash sale notification,5
526102,5.5,5,4954.0,3,3,3,9,False,Champions,Loyalty rewards + quarterly exclusive offers + referral bonus,2
526144,7.0,5,3105.9,2,3,3,8,False,Loyal Customers,Free checked bag + 10% loyalty discount + priority service,2
526154,6.0,4,1158.0,3,3,2,8,False,Champions,Loyalty rewards + quarterly exclusive offers + referral bonus,2
526174,9.0,2,1196.6,1,1,2,4,False,Hibernating,Soft re-engagement: 10% off + new feature notification (minimal investment),5
526179,6.8,5,2271.0,2,3,3,8,False,Loyal Customers,Free checked bag + 10% loyalty discount + priority service,2
526184,0.0,1,2370.6,3,1,3,7,False,Promising (High-Value),Tiered loyalty benefits + early access to sales + free cancellation (2 bookings),1
526203,8.666666666666666,3,2147.0,1,2,3,6,False,At Risk (High Value),Aggressive win-back: 22% off + lounge access + concierge outreach,1
526206,13.0,1,328.0,1,1,1,3,False,Hibernating,Soft re-engagement: 10% off + new feature notification (minimal investment),5
526221,8.0,1,1160.0,1,1,2,4,False,Hibernating,Soft re-engagement: 10% off + new feature notification (minimal investment),5
526235,8.0,2,2172.0,1,1,3,5,False,Hibernating,Soft re-engagement: 10% off + new feature notification (minimal investment),5
526239,7.0,2,1512.0,2,1,2,5,False,About to Sleep,Re-engagement: 18% off + free hotel voucher + last-chance exclusive,4
526256,7.333333333333333,6,2339.2,2,3,3,8,False,Loyal Customers,Free checked bag + 10% loyalty discount + priority service,2
526258,8.666666666666666,3,1442.0,1,2,2,5,False,At Risk,Basic re-engagement: 12% off + flash sale notification,5
526291,0.0,0,0.0,1,1,1,3,True,Hibernating,Soft re-engagement: 10% off + new feature notification (minimal investment),5
526297,8.8,5,1361.0,1,3,2,6,False,Do Not Lose,Win-back: 18% off next 3 bookings + free upgrade + personalised re-engagement,1
526303,0.0,2,2788.0,3,1,3,7,False,Promising (High-Value),Tiered loyalty benefits + early access to sales + free cancellation (2 bookings),1
526308,7.75,4,1339.0,1,3,2,6,False,Do Not Lose,Win-back: 18% off next 3 bookings + free upgrade + personalised re-engagement,1
526332,8.0,2,7637.8,1,1,3,5,False,Hibernating,Soft re-engagement: 10% off + new feature notification (minimal investment),5
526354,7.25,4,5394.0,2,3,3,8,False,Loyal Customers,Free checked bag + 10% loyalty discount + priority service,2
526365,7.0,3,2478.0,2,2,3,7,False,Need Attention,Engagement bonus: 12% off + free baggage + loyalty enrolment incentive,3
526367,8.0,3,7930.0,1,2,3,6,False,At Risk (High Value),Aggressive win-back: 22% off + lounge access + concierge outreach,1
526372,11.0,2,878.0,1,1,2,4,False,Hibernating,Soft re-engagement: 10% off + new feature notification (minimal investment),5
526378,7.25,5,1192.0,2,3,2,7,False,Loyal Customers,Free checked bag + 10% loyalty discount + priority service,2
526409,8.0,4,873.0,1,3,2,6,False,Do Not Lose,Win-back: 18% off next 3 bookings + free upgrade + personalised re-engagement,1
526431,9.33333333333333,5,3235.0,1,3,3,7,False,Do Not Lose,Win-back: 18% off next 3 bookings + free upgrade + personalised re-engagement,1
526435,0.0,0,0.0,1,1,1,3,True,Hibernating,Soft re-engagement: 10% off + new feature notification (minimal investment),5
526443,6.0,1,0.0,3,1,1,5,False,Promising (Growth),First-booking incentive: 12% off + free cancellation on first 2 bookings,4
526445,6.5,3,566.0,2,2,1,5,False,Need Attention,Engagement bonus: 12% off + free baggage + loyalty enrolment incentive,3
526471,5.666666666666666,6,6155.5,3,3,3,9,False,Champions,Loyalty rewards + quarterly exclusive offers + referral bonus,2
526490,7.5,2,71.1,2,1,1,4,False,About to Sleep,Re-engagement: 18% off + free hotel voucher + last-chance exclusive,4
526492,7.0,5,5845.8,2,3,3,8,False,Loyal Customers,Free checked bag + 10% loyalty discount + priority service,2
526495,7.0,2,980.0,2,1,2,5,False,About to Sleep,Re-engagement: 18% off + free hotel voucher + last-chance exclusive,4
526540,6.0,4,2034.2,3,3,2,8,False,Champions,Loyalty rewards + quarterly exclusive offers + referral bonus,2
526565,8.0,3,1282.2,1,2,2,5,False,At Risk,Basic re-engagement: 12% off + flash sale notification,5
526570,7.0,4,3268.0,2,3,3,8,False,Loyal Customers,Free checked bag + 10% loyalty discount + priority service,2
526628,7.0,5,1350.0,2,3,2,7,False,Loyal Customers,Free checked bag + 10% loyalty discount + priority service,2
526668,8.0,3,601.0,1,2,1,4,False,At Risk,Basic re-engagement: 12% off + flash sale notification,5
526676,5.5,2,375.85,3,1,1,5,False,Promising (Growth),First-booking incentive: 12% off + free cancellation on first 2 bookings,4
526683,7.666666666666665,3,3374.0,1,2,3,6,False,At Risk (High Value),Aggressive win-back: 22% off + lounge access + concierge outreach,1
526690,7.5,2,2400.0,2,1,3,6,False,About to Sleep,Re-engagement: 18% off + free hotel voucher + last-chance exclusive,4
526711,8.0,2,214.4,1,1,1,3,False,Hibernating,Soft re-engagement: 10% off + new feature notification (minimal investment),5
526727,9.0,1,498.0,1,1,1,3,False,Hibernating,Soft re-engagement: 10% off + new feature notification (minimal investment),5
526729,8.333333333333332,4,4508.0,1,3,3,7,False,Do Not Lose,Win-back: 18% off next 3 bookings + free upgrade + personalised re-engagement,1
526740,0.0,0,0.0,1,1,1,3,True,Hibernating,Soft re-engagement: 10% off + new feature notification (minimal investment),5
526759,7.0,1,1146.0,2,1,2,5,False,About to Sleep,Re-engagement: 18% off + free hotel voucher + last-chance exclusive,4
526782,7.5,2,1078.0,2,1,2,5,False,About to Sleep,Re-engagement: 18% off + free hotel voucher + last-chance exclusive,4
526789,9.0,4,913.6,1,3,2,6,False,Do Not Lose,Win-back: 18% off next 3 bookings + free upgrade + personalised re-engagement,1
526837,9.0,2,911.0,1,1,2,4,False,Hibernating,Soft re-engagement: 10% off + new feature notification (minimal investment),5
526855,10.0,4,452.0,1,3,1,5,False,Do Not Lose,Win-back: 18% off next 3 bookings + free upgrade + personalised re-engagement,1
526858,0.0,0,0.0,1,1,1,3,True,Hibernating,Soft re-engagement: 10% off + new feature notification (minimal investment),5
526867,7.0,4,799.7,2,3,1,6,False,Loyal Customers,Free checked bag + 10% loyalty discount + priority service,2
526872,0.0,1,904.0,3,1,2,6,False,Promising (Growth),First-booking incentive: 12% off + free cancellation on first 2 bookings,4
526873,11.0,3,2941.1,1,2,3,6,False,At Risk (High Value),Aggressive win-back: 22% off + lounge access + concierge outreach,1
526900,5.333333333333333,3,253.6,3,2,1,6,False,Potential Champions,Frequency incentive: 10% off next 5 bookings + bundle deals + exclusive previews,3
526901,7.25,4,2198.0,2,3,3,8,False,Loyal Customers,Free checked bag + 10% loyalty discount + priority service,2
526905,5.25,5,2627.8,3,3,3,9,False,Champions,Loyalty rewards + quarterly exclusive offers + referral bonus,2
526913,7.25,5,2057.0,2,3,3,8,False,Loyal Customers,Free checked bag + 10% loyalty discount + priority service,2
526916,0.0,0,0.0,1,1,1,3,True,Hibernating,Soft re-engagement: 10% off + new feature notification (minimal investment),5
526925,0.0,3,6054.0,3,2,3,8,False,Potential Champions,Frequency incentive: 10% off next 5 bookings + bundle deals + exclusive previews,3
526950,6.5,3,6812.0,2,2,3,7,False,Need Attention,Engagement bonus: 12% off + free baggage + loyalty enrolment incentive,3
526959,8.0,3,520.0,1,2,1,4,False,At Risk,Basic re-engagement: 12% off + flash sale notification,5
526970,6.5,4,1855.0,2,3,2,7,False,Loyal Customers,Free checked bag + 10% loyalty discount + priority service,2
527001,0.0,1,1424.0,3,1,2,6,False,Promising (Growth),First-booking incentive: 12% off + free cancellation on first 2 bookings,4
527004,7.0,2,1111.8,2,1,2,5,False,About to Sleep,Re-engagement: 18% off + free hotel voucher + last-chance exclusive,4
527019,9.0,2,4415.65,1,1,3,5,False,Hibernating,Soft re-engagement: 10% off + new feature notification (minimal investment),5
527038,9.0,4,2611.6,1,3,3,7,False,Do Not Lose,Win-back: 18% off next 3 bookings + free upgrade + personalised re-engagement,1
527046,5.0,3,2171.0,3,2,3,8,False,Potential Champions,Frequency incentive: 10% off next 5 bookings + bundle deals + exclusive previews,3
527075,8.333333333333332,3,2362.0,1,2,3,6,False,At Risk (High Value),Aggressive win-back: 22% off + lounge access + concierge outreach,1
527081,9.0,2,478.0,1,1,1,3,False,Hibernating,Soft re-engagement: 10% off + new feature notification (minimal investment),5
527082,6.5,3,1466.4,2,2,2,6,False,Need Attention,Engagement bonus: 12% off + free baggage + loyalty enrolment incentive,3
527109,8.0,4,3287.0,1,3,3,7,False,Do Not Lose,Win-back: 18% off next 3 bookings + free upgrade + personalised re-engagement,1
527130,6.0,2,11942.4,3,1,3,7,False,Promising (High-Value),Tiered loyalty benefits + early access to sales + free cancellation (2 bookings),1
527132,7.0,2,927.0,2,1,2,5,False,About to Sleep,Re-engagement: 18% off + free hotel voucher + last-chance exclusive,4
527133,6.333333333333333,4,1104.4,2,3,2,7,False,Loyal Customers,Free checked bag + 10% loyalty discount + priority service,2
527141,7.25,5,1941.0,2,3,2,7,False,Loyal Customers,Free checked bag + 10% loyalty discount + priority service,2
527142,7.166666666666666,6,2999.25,2,3,3,8,False,Loyal Customers,Free checked bag + 10% loyalty discount + priority service,2
527150,6.333333333333333,3,1384.0,2,2,2,6,False,Need Attention,Engagement bonus: 12% off + free baggage + loyalty enrolment incentive,3
527154,7.0,2,2311.0,2,1,3,6,False,About to Sleep,Re-engagement: 18% off + free hotel voucher + last-chance exclusive,4
527158,8.5,2,733.0,1,1,1,3,False,Hibernating,Soft re-engagement: 10% off + new feature notification (minimal investment),5
527187,7.333333333333333,3,1627.8,2,2,2,6,False,Need Attention,Engagement bonus: 12% off + free baggage + loyalty enrolment incentive,3
527197,10.5,3,11710.5,1,2,3,6,False,At Risk (High Value),Aggressive win-back: 22% off + lounge access + concierge outreach,1
527219,7.0,1,891.0,2,1,2,5,False,About to Sleep,Re-engagement: 18% off + free hotel voucher + last-chance exclusive,4
527232,12.0,2,328.0,1,1,1,3,False,Hibernating,Soft re-engagement: 10% off + new feature notification (minimal investment),5
527253,7.6,6,4115.0,1,3,3,7,False,Do Not Lose,Win-back: 18% off next 3 bookings + free upgrade + personalised re-engagement,1
527280,7.0,2,820.0,2,1,1,4,False,About to Sleep,Re-engagement: 18% off + free hotel voucher + last-chance exclusive,4
527321,0.0,1,340.0,3,1,1,5,False,Promising (Growth),First-booking incentive: 12% off + free cancellation on first 2 bookings,4
527326,5.5,3,820.0,3,2,1,6,False,Potential Champions,Frequency incentive: 10% off next 5 bookings + bundle deals + exclusive previews,3
527344,7.0,2,1915.0,2,1,2,5,False,About to Sleep,Re-engagement: 18% off + free hotel voucher + last-chance exclusive,4
527346,6.666666666666666,3,963.0,2,2,2,6,False,Need Attention,Engagement bonus: 12% off + free baggage + loyalty enrolment incentive,3
527354,7.0,3,7063.0,2,2,3,7,False,Need Attention,Engagement bonus: 12% off + free baggage + loyalty enrolment incentive,3
527359,7.0,1,414.0,2,1,1,4,False,About to Sleep,Re-engagement: 18% off + free hotel voucher + last-chance exclusive,4
527365,6.0,1,429.0,3,1,1,5,False,Promising (Growth),First-booking incentive: 12% off + free cancellation on first 2 bookings,4
527389,0.0,2,696.0,3,1,1,5,False,Promising (Growth),First-booking incentive: 12% off + free cancellation on first 2 bookings,4
527393,7.5,2,971.0,2,1,2,5,False,About to Sleep,Re-engagement: 18% off + free hotel voucher + last-chance exclusive,4
527396,8.0,3,3842.0,1,2,3,6,False,At Risk (High Value),Aggressive win-back: 22% off + lounge access + concierge outreach,1
527401,6.25,4,1999.0,2,3,2,7,False,Loyal Customers,Free checked bag + 10% loyalty discount + priority service,2
527406,6.666666666666666,3,2429.2,2,2,3,7,False,Need Attention,Engagement bonus: 12% off + free baggage + loyalty enrolment incentive,3
527445,0.0,0,0.0,1,1,1,3,True,Hibernating,Soft re-engagement: 10% off + new feature notification (minimal investment),5
527451,6.0,3,930.45,3,2,2,7,False,Potential Champions,Frequency incentive: 10% off next 5 bookings + bundle deals + exclusive previews,3
527452,9.5,2,2033.6,1,1,2,4,False,Hibernating,Soft re-engagement: 10% off + new feature notification (minimal investment),5
527455,5.0,1,448.2,3,1,1,5,False,Promising (Growth),First-booking incentive: 12% off + free cancellation on first 2 bookings,4
527464,6.2,6,3454.0,2,3,3,8,False,Loyal Customers,Free checked bag + 10% loyalty discount + priority service,2
527467,5.5,2,488.0,3,1,1,5,False,Promising (Growth),First-booking incentive: 12% off + free cancellation on first 2 bookings,4
527470,3.0,2,2436.0,3,1,3,7,False,Promising (High-Value),Tiered loyalty benefits + early access to sales + free cancellation (2 bookings),1
527490,5.666666666666666,3,1454.0,3,2,2,7,False,Potential Champions,Frequency incentive: 10% off next 5 bookings + bundle deals + exclusive previews,3
527507,7.666666666666665,4,2883.7,1,3,3,7,False,Do Not Lose,Win-back: 18% off next 3 bookings + free upgrade + personalised re-engagement,1
527508,7.666666666666665,3,1585.0,1,2,2,5,False,At Risk,Basic re-engagement: 12% off + flash sale notification,5
527518,6.0,1,1026.0,3,1,2,6,False,Promising (Growth),First-booking incentive: 12% off + free cancellation on first 2 bookings,4
527524,0.0,1,3792.0,3,1,3,7,False,Promising (High-Value),Tiered loyalty benefits + early access to sales + free cancellation (2 bookings),1
527536,308.0,1,0.0,1,1,1,3,False,Hibernating,Soft re-engagement: 10% off + new feature notification (minimal investment),5
527541,0.0,1,550.0,3,1,1,5,False,Promising (Growth),First-booking incentive: 12% off + free cancellation on first 2 bookings,4
527552,0.0,1,700.0,3,1,1,5,False,Promising (Growth),First-booking incentive: 12% off + free cancellation on first 2 bookings,4
527560,0.0,2,1318.0,3,1,2,6,False,Promising (Growth),First-booking incentive: 12% off + free cancellation on first 2 bookings,4
527564,7.666666666666665,4,4204.0,1,3,3,7,False,Do Not Lose,Win-back: 18% off next 3 bookings + free upgrade + personalised re-engagement,1
527585,7.25,4,3215.0,2,3,3,8,False,Loyal Customers,Free checked bag + 10% loyalty discount + priority service,2
527605,4.333333333333333,3,855.0,3,2,2,7,False,Potential Champions,Frequency incentive: 10% off next 5 bookings + bundle deals + exclusive previews,3
527689,0.0,1,2000.7,3,1,2,6,False,Promising (Growth),First-booking incentive: 12% off + free cancellation on first 2 bookings,4
527690,11.333333333333332,4,1817.0,1,3,2,6,False,Do Not Lose,Win-back: 18% off next 3 bookings + free upgrade + personalised re-engagement,1
527726,8.5,2,0.0,1,1,1,3,False,Hibernating,Soft re-engagement: 10% off + new feature notification (minimal investment),5
527735,7.0,1,559.8,2,1,1,4,False,About to Sleep,Re-engagement: 18% off + free hotel voucher + last-chance exclusive,4
527750,0.0,2,5880.0,3,1,3,7,False,Promising (High-Value),Tiered loyalty benefits + early access to sales + free cancellation (2 bookings),1
527782,5.5,3,1403.0,3,2,2,7,False,Potential Champions,Frequency incentive: 10% off next 5 bookings + bundle deals + exclusive previews,3
527783,7.0,2,1763.0,2,1,2,5,False,About to Sleep,Re-engagement: 18% off + free hotel voucher + last-chance exclusive,4
527801,0.0,0,0.0,1,1,1,3,True,Hibernating,Soft re-engagement: 10% off + new feature notification (minimal investment),5
527824,7.8,5,378.0,1,3,1,5,False,Do Not Lose,Win-back: 18% off next 3 bookings + free upgrade + personalised re-engagement,1
527850,5.333333333333333,5,6460.5,3,3,3,9,False,Champions,Loyalty rewards + quarterly exclusive offers + referral bonus,2
527857,0.0,1,5460.0,3,1,3,7,False,Promising (High-Value),Tiered loyalty benefits + early access to sales + free cancellation (2 bookings),1
527886,8.0,3,4204.65,1,2,3,6,False,At Risk (High Value),Aggressive win-back: 22% off + lounge access + concierge outreach,1
527928,7.0,2,1236.0,2,1,2,5,False,About to Sleep,Re-engagement: 18% off + free hotel voucher + last-chance exclusive,4
527944,8.75,4,2238.0,1,3,3,7,False,Do Not Lose,Win-back: 18% off next 3 bookings + free upgrade + personalised re-engagement,1
527945,0.0,0,0.0,1,1,1,3,True,Hibernating,Soft re-engagement: 10% off + new feature notification (minimal investment),5
527984,8.333333333333332,4,2863.1,1,3,3,7,False,Do Not Lose,Win-back: 18% off next 3 bookings + free upgrade + personalised re-engagement,1
527987,8.25,4,994.0,1,3,2,6,False,Do Not Lose,Win-back: 18% off next 3 bookings + free upgrade + personalised re-engagement,1
527995,4.0,3,699.8,3,2,1,6,False,Potential Champions,Frequency incentive: 10% off next 5 bookings + bundle deals + exclusive previews,3
528020,9.0,4,3098.0,1,3,3,7,False,Do Not Lose,Win-back: 18% off next 3 bookings + free upgrade + personalised re-engagement,1
528028,7.75,4,4803.0,1,3,3,7,False,Do Not Lose,Win-back: 18% off next 3 bookings + free upgrade + personalised re-engagement,1
528046,4.5,2,596.0,3,1,1,5,False,Promising (Growth),First-booking incentive: 12% off + free cancellation on first 2 bookings,4
528061,7.666666666666665,3,5303.6,1,2,3,6,False,At Risk (High Value),Aggressive win-back: 22% off + lounge access + concierge outreach,1
528098,0.0,0,0.0,1,1,1,3,True,Hibernating,Soft re-engagement: 10% off + new feature notification (minimal investment),5
528105,8.0,4,2347.0,1,3,3,7,False,Do Not Lose,Win-back: 18% off next 3 bookings + free upgrade + personalised re-engagement,1
528122,6.4,5,7155.8,2,3,3,8,False,Loyal Customers,Free checked bag + 10% loyalty discount + priority service,2
528137,0.0,0,0.0,1,1,1,3,True,Hibernating,Soft re-engagement: 10% off + new feature notification (minimal investment),5
528139,0.0,1,2808.0,3,1,3,7,False,Promising (High-Value),Tiered loyalty benefits + early access to sales + free cancellation (2 bookings),1
528158,7.0,3,373.35,2,2,1,5,False,Need Attention,Engagement bonus: 12% off + free baggage + loyalty enrolment incentive,3
528164,63.4,6,1501.0,1,3,2,6,False,Do Not Lose,Win-back: 18% off next 3 bookings + free upgrade + personalised re-engagement,1
528179,0.0,2,3975.0,3,1,3,7,False,Promising (High-Value),Tiered loyalty benefits + early access to sales + free cancellation (2 bookings),1
528186,5.0,4,1140.0,3,3,2,8,False,Champions,Loyalty rewards + quarterly exclusive offers + referral bonus,2
528193,7.0,3,2268.2,2,2,3,7,False,Need Attention,Engagement bonus: 12% off + free baggage + loyalty enrolment incentive,3
528216,9.33333333333333,3,630.85,1,2,1,4,False,At Risk,Basic re-engagement: 12% off + flash sale notification,5
528242,6.0,3,370.0,3,2,1,6,False,Potential Champions,Frequency incentive: 10% off next 5 bookings + bundle deals + exclusive previews,3
528244,8.5,2,1335.0,1,1,2,4,False,Hibernating,Soft re-engagement: 10% off + new feature notification (minimal investment),5
528248,7.5,3,1251.7,2,2,2,6,False,Need Attention,Engagement bonus: 12% off + free baggage + loyalty enrolment incentive,3
528281,5.666666666666666,5,4442.5,3,3,3,9,False,Champions,Loyalty rewards + quarterly exclusive offers + referral bonus,2
528322,6.75,4,3269.0,2,3,3,8,False,Loyal Customers,Free checked bag + 10% loyalty discount + priority service,2
528330,6.0,1,686.0,3,1,1,5,False,Promising (Growth),First-booking incentive: 12% off + free cancellation on first 2 bookings,4
528354,7.666666666666665,3,786.0,1,2,1,4,False,At Risk,Basic re-engagement: 12% off + flash sale notification,5
528372,0.0,1,1881.0,3,1,2,6,False,Promising (Growth),First-booking incentive: 12% off + free cancellation on first 2 bookings,4
528378,9.0,1,376.0,1,1,1,3,False,Hibernating,Soft re-engagement: 10% off + new feature notification (minimal investment),5
528379,5.0,2,355.0,3,1,1,5,False,Promising (Growth),First-booking incentive: 12% off + free cancellation on first 2 bookings,4
528411,7.25,4,705.0,2,3,1,6,False,Loyal Customers,Free checked bag + 10% loyalty discount + priority service,2
528413,0.0,0,0.0,1,1,1,3,True,Hibernating,Soft re-engagement: 10% off + new feature notification (minimal investment),5
528417,7.0,2,407.2,2,1,1,4,False,About to Sleep,Re-engagement: 18% off + free hotel voucher + last-chance exclusive,4
528421,6.5,7,6839.0,2,3,3,8,False,Loyal Customers,Free checked bag + 10% loyalty discount + priority service,2
528455,7.333333333333333,3,3531.2,2,2,3,7,False,Need Attention,Engagement bonus: 12% off + free baggage + loyalty enrolment incentive,3
528461,0.0,0,0.0,1,1,1,3,True,Hibernating,Soft re-engagement: 10% off + new feature notification (minimal investment),5
528490,6.5,4,936.0,2,3,2,7,False,Loyal Customers,Free checked bag + 10% loyalty discount + priority service,2
528500,0.0,0,0.0,1,1,1,3,True,Hibernating,Soft re-engagement: 10% off + new feature notification (minimal investment),5
528522,4.0,2,2216.0,3,1,3,7,False,Promising (High-Value),Tiered loyalty benefits + early access to sales + free cancellation (2 bookings),1
528528,4.0,1,616.0,3,1,1,5,False,Promising (Growth),First-booking incentive: 12% off + free cancellation on first 2 bookings,4
528542,6.666666666666666,3,5380.0,2,2,3,7,False,Need Attention,Engagement bonus: 12% off + free baggage + loyalty enrolment incentive,3
528567,5.2,6,2977.0,3,3,3,9,False,Champions,Loyalty rewards + quarterly exclusive offers + referral bonus,2
528580,7.5,3,2473.4,2,2,3,7,False,Need Attention,Engagement bonus: 12% off + free baggage + loyalty enrolment incentive,3
528612,8.0,2,270.0,1,1,1,3,False,Hibernating,Soft re-engagement: 10% off + new feature notification (minimal investment),5
528657,10.75,4,4191.0,1,3,3,7,False,Do Not Lose,Win-back: 18% off next 3 bookings + free upgrade + personalised re-engagement,1
528661,12.0,2,674.0,1,1,1,3,False,Hibernating,Soft re-engagement: 10% off + new feature notification (minimal investment),5
528683,6.0,2,3792.0,3,1,3,7,False,Promising (High-Value),Tiered loyalty benefits + early access to sales + free cancellation (2 bookings),1
528688,0.0,1,2960.0,3,1,3,7,False,Promising (High-Value),Tiered loyalty benefits + early access to sales + free cancellation (2 bookings),1
528690,8.333333333333332,3,973.0,1,2,2,5,False,At Risk,Basic re-engagement: 12% off + flash sale notification,5
528706,5.5,2,48.0,3,1,1,5,False,Promising (Growth),First-booking incentive: 12% off + free cancellation on first 2 bookings,4
528723,7.0,4,3910.0,2,3,3,8,False,Loyal Customers,Free checked bag + 10% loyalty discount + priority service,2
528735,7.0,2,1095.0,2,1,2,5,False,About to Sleep,Re-engagement: 18% off + free hotel voucher + last-chance exclusive,4
528743,6.0,2,1248.0,3,1,2,6,False,Promising (Growth),First-booking incentive: 12% off + free cancellation on first 2 bookings,4
528744,7.666666666666665,4,2007.05,1,3,2,6,False,Do Not Lose,Win-back: 18% off next 3 bookings + free upgrade + personalised re-engagement,1
528777,4.0,4,4136.0,3,3,3,9,False,Champions,Loyalty rewards + quarterly exclusive offers + referral bonus,2
528816,7.6,5,14926.0,1,3,3,7,False,Do Not Lose,Win-back: 18% off next 3 bookings + free upgrade + personalised re-engagement,1
528826,9.5,2,430.0,1,1,1,3,False,Hibernating,Soft re-engagement: 10% off + new feature notification (minimal investment),5
528827,6.0,4,1833.4,3,3,2,8,False,Champions,Loyalty rewards + quarterly exclusive offers + referral bonus,2
528828,5.75,5,1480.0,3,3,2,8,False,Champions,Loyalty rewards + quarterly exclusive offers + referral bonus,2
528829,6.5,4,8423.0,2,3,3,8,False,Loyal Customers,Free checked bag + 10% loyalty discount + priority service,2
528839,12.0,1,0.0,1,1,1,3,False,Hibernating,Soft re-engagement: 10% off + new feature notification (minimal investment),5
528842,8.0,2,0.0,1,1,1,3,False,Hibernating,Soft re-engagement: 10% off + new feature notification (minimal investment),5
528844,7.5,2,669.75,2,1,1,4,False,About to Sleep,Re-engagement: 18% off + free hotel voucher + last-chance exclusive,4
528906,6.0,1,368.0,3,1,1,5,False,Promising (Growth),First-booking incentive: 12% off + free cancellation on first 2 bookings,4
528909,0.0,2,17120.0,3,1,3,7,False,Promising (High-Value),Tiered loyalty benefits + early access to sales + free cancellation (2 bookings),1
528929,8.0,2,1722.0,1,1,2,4,False,Hibernating,Soft re-engagement: 10% off + new feature notification (minimal investment),5
528930,5.5,2,941.5,3,1,2,6,False,Promising (Growth),First-booking incentive: 12% off + free cancellation on first 2 bookings,4
528936,0.0,0,0.0,1,1,1,3,True,Hibernating,Soft re-engagement: 10% off + new feature notification (minimal investment),5
528942,6.0,6,1086.0,3,3,2,8,False,Champions,Loyalty rewards + quarterly exclusive offers + referral bonus,2
528953,7.0,3,8521.7,2,2,3,7,False,Need Attention,Engagement bonus: 12% off + free baggage + loyalty enrolment incentive,3
528965,8.0,2,2753.0,1,1,3,5,False,Hibernating,Soft re-engagement: 10% off + new feature notification (minimal investment),5
528967,7.5,3,1372.0,2,2,2,6,False,Need Attention,Engagement bonus: 12% off + free baggage + loyalty enrolment incentive,3
528995,6.333333333333333,3,3228.0,2,2,3,7,False,Need Attention,Engagement bonus: 12% off + free baggage + loyalty enrolment incentive,3
528999,6.666666666666666,3,1865.0,2,2,2,6,False,Need Attention,Engagement bonus: 12% off + free baggage + loyalty enrolment incentive,3
529019,68.0,5,1665.0,1,3,2,6,False,Do Not Lose,Win-back: 18% off next 3 bookings + free upgrade + personalised re-engagement,1
529023,5.0,2,883.0,3,1,2,6,False,Promising (Growth),First-booking incentive: 12% off + free cancellation on first 2 bookings,4
529048,8.0,1,522.0,1,1,1,3,False,Hibernating,Soft re-engagement: 10% off + new feature notification (minimal investment),5
529050,8.0,2,1178.0,1,1,2,4,False,Hibernating,Soft re-engagement: 10% off + new feature notification (minimal investment),5
529082,5.0,1,783.0,3,1,1,5,False,Promising (Growth),First-booking incentive: 12% off + free cancellation on first 2 bookings,4
529205,7.25,4,1452.0,2,3,2,7,False,Loyal Customers,Free checked bag + 10% loyalty discount + priority service,2
529214,7.0,2,361.0,2,1,1,4,False,About to Sleep,Re-engagement: 18% off + free hotel voucher + last-chance exclusive,4
529216,0.0,1,1572.0,3,1,2,6,False,Promising (Growth),First-booking incentive: 12% off + free cancellation on first 2 bookings,4
529224,6.166666666666666,7,3436.0,2,3,3,8,False,Loyal Customers,Free checked bag + 10% loyalty discount + priority service,2
529229,7.5,2,2964.0,2,1,3,6,False,About to Sleep,Re-engagement: 18% off + free hotel voucher + last-chance exclusive,4
529231,7.0,2,3380.0,2,1,3,6,False,About to Sleep,Re-engagement: 18% off + free hotel voucher + last-chance exclusive,4
529237,4.0,2,1825.0,3,1,2,6,False,Promising (Growth),First-booking incentive: 12% off + free cancellation on first 2 bookings,4
529249,6.0,3,428.0,3,2,1,6,False,Potential Champions,Frequency incentive: 10% off next 5 bookings + bundle deals + exclusive previews,3
529284,0.0,0,0.0,1,1,1,3,True,Hibernating,Soft re-engagement: 10% off + new feature notification (minimal investment),5
529309,8.25,5,4199.0,1,3,3,7,False,Do Not Lose,Win-back: 18% off next 3 bookings + free upgrade + personalised re-engagement,1
529332,7.333333333333333,3,1124.0,2,2,2,6,False,Need Attention,Engagement bonus: 12% off + free baggage + loyalty enrolment incentive,3
529338,7.8,5,2192.4,1,3,3,7,False,Do Not Lose,Win-back: 18% off next 3 bookings + free upgrade + personalised re-engagement,1
529362,5.25,4,739.0,3,3,1,7,False,Champions,Loyalty rewards + quarterly exclusive offers + referral bonus,2
529406,6.75,4,1318.0,2,3,2,7,False,Loyal Customers,Free checked bag + 10% loyalty discount + priority service,2
529420,0.0,0,0.0,1,1,1,3,True,Hibernating,Soft re-engagement: 10% off + new feature notification (minimal investment),5
529421,8.0,5,3258.0,1,3,3,7,False,Do Not Lose,Win-back: 18% off next 3 bookings + free upgrade + personalised re-engagement,1
529422,10.0,2,489.0,1,1,1,3,False,Hibernating,Soft re-engagement: 10% off + new feature notification (minimal investment),5
529424,7.333333333333333,3,1470.0,2,2,2,6,False,Need Attention,Engagement bonus: 12% off + free baggage + loyalty enrolment incentive,3
529428,5.0,2,600.0,3,1,1,5,False,Promising (Growth),First-booking incentive: 12% off + free cancellation on first 2 bookings,4
529436,46.2,6,2076.0,1,3,3,7,False,Do Not Lose,Win-back: 18% off next 3 bookings + free upgrade + personalised re-engagement,1
529488,158.0,2,180.0,1,1,1,3,False,Hibernating,Soft re-engagement: 10% off + new feature notification (minimal investment),5
529501,7.5,4,1560.6,2,3,2,7,False,Loyal Customers,Free checked bag + 10% loyalty discount + priority service,2
529502,7.666666666666665,3,1274.8,1,2,2,5,False,At Risk,Basic re-engagement: 12% off + flash sale notification,5
529510,7.0,2,200.0,2,1,1,4,False,About to Sleep,Re-engagement: 18% off + free hotel voucher + last-chance exclusive,4
529513,8.666666666666666,5,3930.0,1,3,3,7,False,Do Not Lose,Win-back: 18% off next 3 bookings + free upgrade + personalised re-engagement,1
529520,9.0,1,318.0,1,1,1,3,False,Hibernating,Soft re-engagement: 10% off + new feature notification (minimal investment),5
529566,7.0,1,1778.4,2,1,2,5,False,About to Sleep,Re-engagement: 18% off + free hotel voucher + last-chance exclusive,4
529602,9.5,2,2667.0,1,1,3,5,False,Hibernating,Soft re-engagement: 10% off + new feature notification (minimal investment),5
529677,0.0,1,1730.0,3,1,2,6,False,Promising (Growth),First-booking incentive: 12% off + free cancellation on first 2 bookings,4
529678,6.0,3,1729.25,3,2,2,7,False,Potential Champions,Frequency incentive: 10% off next 5 bookings + bundle deals + exclusive previews,3
529689,6.0,4,5005.0,3,3,3,9,False,Champions,Loyalty rewards + quarterly exclusive offers + referral bonus,2
529695,7.0,5,1157.0,2,3,2,7,False,Loyal Customers,Free checked bag + 10% loyalty discount + priority service,2
529704,0.0,1,1530.0,3,1,2,6,False,Promising (Growth),First-booking incentive: 12% off + free cancellation on first 2 bookings,4
529734,6.5,5,4428.0,2,3,3,8,False,Loyal Customers,Free checked bag + 10% loyalty discount + priority service,2
529737,0.0,0,0.0,1,1,1,3,True,Hibernating,Soft re-engagement: 10% off + new feature notification (minimal investment),5
529768,6.5,4,605.0,2,3,1,6,False,Loyal Customers,Free checked bag + 10% loyalty discount + priority service,2
529781,10.0,3,1415.0,1,2,2,5,False,At Risk,Basic re-engagement: 12% off + flash sale notification,5
529783,0.0,2,6300.0,3,1,3,7,False,Promising (High-Value),Tiered loyalty benefits + early access to sales + free cancellation (2 bookings),1
529787,6.0,4,544.0,3,3,1,7,False,Champions,Loyalty rewards + quarterly exclusive offers + referral bonus,2
529801,11.75,5,3872.0,1,3,3,7,False,Do Not Lose,Win-back: 18% off next 3 bookings + free upgrade + personalised re-engagement,1
529831,6.5,5,4179.0,2,3,3,8,False,Loyal Customers,Free checked bag + 10% loyalty discount + priority service,2
529840,9.0,1,0.0,1,1,1,3,False,Hibernating,Soft re-engagement: 10% off + new feature notification (minimal investment),5
529845,5.5,2,900.0,3,1,2,6,False,Promising (Growth),First-booking incentive: 12% off + free cancellation on first 2 bookings,4
529857,0.0,1,5376.0,3,1,3,7,False,Promising (High-Value),Tiered loyalty benefits + early access to sales + free cancellation (2 bookings),1
529879,9.0,4,1301.0,1,3,2,6,False,Do Not Lose,Win-back: 18% off next 3 bookings + free upgrade + personalised re-engagement,1
529887,6.0,1,0.0,3,1,1,5,False,Promising (Growth),First-booking incentive: 12% off + free cancellation on first 2 bookings,4
529913,0.0,0,0.0,1,1,1,3,True,Hibernating,Soft re-engagement: 10% off + new feature notification (minimal investment),5
529940,7.0,3,973.0,2,2,2,6,False,Need Attention,Engagement bonus: 12% off + free baggage + loyalty enrolment incentive,3
529972,4.5,3,3060.0,3,2,3,8,False,Potential Champions,Frequency incentive: 10% off next 5 bookings + bundle deals + exclusive previews,3
530004,6.0,2,1572.0,3,1,2,6,False,Promising (Growth),First-booking incentive: 12% off + free cancellation on first 2 bookings,4
530039,7.25,4,3812.0,2,3,3,8,False,Loyal Customers,Free checked bag + 10% loyalty discount + priority service,2
530090,7.333333333333333,3,1327.4,2,2,2,6,False,Need Attention,Engagement bonus: 12% off + free baggage + loyalty enrolment incentive,3
530118,7.6,5,1418.0,1,3,2,6,False,Do Not Lose,Win-back: 18% off next 3 bookings + free upgrade + personalised re-engagement,1
530188,6.5,4,2965.0,2,3,3,8,False,Loyal Customers,Free checked bag + 10% loyalty discount + priority service,2
530196,0.0,2,3176.0,3,1,3,7,False,Promising (High-Value),Tiered loyalty benefits + early access to sales + free cancellation (2 bookings),1
530199,6.0,2,3078.0,3,1,3,7,False,Promising (High-Value),Tiered loyalty benefits + early access to sales + free cancellation (2 bookings),1
530213,8.333333333333332,3,719.0,1,2,1,4,False,At Risk,Basic re-engagement: 12% off + flash sale notification,5
530223,7.0,3,1270.8,2,2,2,6,False,Need Attention,Engagement bonus: 12% off + free baggage + loyalty enrolment incentive,3
530240,6.5,2,1959.0,2,1,2,5,False,About to Sleep,Re-engagement: 18% off + free hotel voucher + last-chance exclusive,4
530277,5.6,5,2916.0,3,3,3,9,False,Champions,Loyalty rewards + quarterly exclusive offers + referral bonus,2
530278,5.5,4,77.0,3,3,1,7,False,Champions,Loyalty rewards + quarterly exclusive offers + referral bonus,2
530282,7.75,5,1280.0,1,3,2,6,False,Do Not Lose,Win-back: 18% off next 3 bookings + free upgrade + personalised re-engagement,1
530298,6.0,3,1451.6,3,2,2,7,False,Potential Champions,Frequency incentive: 10% off next 5 bookings + bundle deals + exclusive previews,3
530315,9.5,2,419.1,1,1,1,3,False,Hibernating,Soft re-engagement: 10% off + new feature notification (minimal investment),5
530322,6.0,2,1236.0,3,1,2,6,False,Promising (Growth),First-booking incentive: 12% off + free cancellation on first 2 bookings,4
530329,7.0,1,0.0,2,1,1,4,False,About to Sleep,Re-engagement: 18% off + free hotel voucher + last-chance exclusive,4
530365,4.5,2,581.0,3,1,1,5,False,Promising (Growth),First-booking incentive: 12% off + free cancellation on first 2 bookings,4
530371,6.0,3,1897.0,3,2,2,7,False,Potential Champions,Frequency incentive: 10% off next 5 bookings + bundle deals + exclusive previews,3
530374,9.0,2,928.2,1,1,2,4,False,Hibernating,Soft re-engagement: 10% off + new feature notification (minimal investment),5
530379,10.0,1,0.0,1,1,1,3,False,Hibernating,Soft re-engagement: 10% off + new feature notification (minimal investment),5
530383,5.333333333333333,3,529.0,3,2,1,6,False,Potential Champions,Frequency incentive: 10% off next 5 bookings + bundle deals + exclusive previews,3
530385,8.333333333333332,3,628.0,1,2,1,4,False,At Risk,Basic re-engagement: 12% off + flash sale notification,5
530421,7.75,4,2485.0,1,3,3,7,False,Do Not Lose,Win-back: 18% off next 3 bookings + free upgrade + personalised re-engagement,1
530427,6.0,3,1186.7,3,2,2,7,False,Potential Champions,Frequency incentive: 10% off next 5 bookings + bundle deals + exclusive previews,3
530453,0.0,0,0.0,1,1,1,3,True,Hibernating,Soft re-engagement: 10% off + new feature notification (minimal investment),5
530463,7.0,6,3913.3,2,3,3,8,False,Loyal Customers,Free checked bag + 10% loyalty discount + priority service,2
530468,5.75,4,2280.0,3,3,3,9,False,Champions,Loyalty rewards + quarterly exclusive offers + referral bonus,2
530514,4.0,3,744.0,3,2,1,6,False,Potential Champions,Frequency incentive: 10% off next 5 bookings + bundle deals + exclusive previews,3
530543,7.6,5,4062.0,1,3,3,7,False,Do Not Lose,Win-back: 18% off next 3 bookings + free upgrade + personalised re-engagement,1
530563,8.75,4,2430.8,1,3,3,7,False,Do Not Lose,Win-back: 18% off next 3 bookings + free upgrade + personalised re-engagement,1
530579,5.5,4,1407.8,3,3,2,8,False,Champions,Loyalty rewards + quarterly exclusive offers + referral bonus,2
530581,0.0,1,1760.0,3,1,2,6,False,Promising (Growth),First-booking incentive: 12% off + free cancellation on first 2 bookings,4
530585,11.0,4,558.0,1,3,1,5,False,Do Not Lose,Win-back: 18% off next 3 bookings + free upgrade + personalised re-engagement,1
530592,6.5,4,4817.55,2,3,3,8,False,Loyal Customers,Free checked bag + 10% loyalty discount + priority service,2
530599,0.0,1,1640.0,3,1,2,6,False,Promising (Growth),First-booking incentive: 12% off + free cancellation on first 2 bookings,4
530607,7.0,2,912.0,2,1,2,5,False,About to Sleep,Re-engagement: 18% off + free hotel voucher + last-chance exclusive,4
530625,6.5,2,1363.0,2,1,2,5,False,About to Sleep,Re-engagement: 18% off + free hotel voucher + last-chance exclusive,4
530627,7.333333333333333,3,795.6,2,2,1,5,False,Need Attention,Engagement bonus: 12% off + free baggage + loyalty enrolment incentive,3
530633,0.0,0,0.0,1,1,1,3,True,Hibernating,Soft re-engagement: 10% off + new feature notification (minimal investment),5
530645,7.166666666666666,6,637.8,2,3,1,6,False,Loyal Customers,Free checked bag + 10% loyalty discount + priority service,2
530649,8.0,4,1528.8,1,3,2,6,False,Do Not Lose,Win-back: 18% off next 3 bookings + free upgrade + personalised re-engagement,1
530656,6.0,2,562.0,3,1,1,5,False,Promising (Growth),First-booking incentive: 12% off + free cancellation on first 2 bookings,4
530665,7.0,3,1192.0,2,2,2,6,False,Need Attention,Engagement bonus: 12% off + free baggage + loyalty enrolment incentive,3
530666,7.0,2,113.0,2,1,1,4,False,About to Sleep,Re-engagement: 18% off + free hotel voucher + last-chance exclusive,4
530667,8.5,4,4030.0,1,3,3,7,False,Do Not Lose,Win-back: 18% off next 3 bookings + free upgrade + personalised re-engagement,1
530672,0.0,0,0.0,1,1,1,3,True,Hibernating,Soft re-engagement: 10% off + new feature notification (minimal investment),5
530673,0.0,0,0.0,1,1,1,3,True,Hibernating,Soft re-engagement: 10% off + new feature notification (minimal investment),5
530687,7.0,4,1675.8,2,3,2,7,False,Loyal Customers,Free checked bag + 10% loyalty discount + priority service,2
530719,6.75,4,1120.6,2,3,2,7,False,Loyal Customers,Free checked bag + 10% loyalty discount + priority service,2
530720,8.666666666666666,3,1142.8,1,2,2,5,False,At Risk,Basic re-engagement: 12% off + flash sale notification,5
530724,7.7142857142857135,7,1881.7,1,3,2,6,False,Do Not Lose,Win-back: 18% off next 3 bookings + free upgrade + personalised re-engagement,1
530739,5.0,1,798.0,3,1,1,5,False,Promising (Growth),First-booking incentive: 12% off + free cancellation on first 2 bookings,4
530743,8.0,3,936.0,1,2,2,5,False,At Risk,Basic re-engagement: 12% off + flash sale notification,5
530754,7.5,5,2937.0,2,3,3,8,False,Loyal Customers,Free checked bag + 10% loyalty discount + priority service,2
530773,5.0,3,5428.0,3,2,3,8,False,Potential Champions,Frequency incentive: 10% off next 5 bookings + bundle deals + exclusive previews,3
530775,7.0,3,731.2,2,2,1,5,False,Need Attention,Engagement bonus: 12% off + free baggage + loyalty enrolment incentive,3
530797,9.5,2,345.0,1,1,1,3,False,Hibernating,Soft re-engagement: 10% off + new feature notification (minimal investment),5
530801,5.5,3,1308.75,3,2,2,7,False,Potential Champions,Frequency incentive: 10% off next 5 bookings + bundle deals + exclusive previews,3
530810,8.333333333333332,3,1452.0,1,2,2,5,False,At Risk,Basic re-engagement: 12% off + flash sale notification,5
530811,224.0,3,1195.0,1,2,2,5,False,At Risk,Basic re-engagement: 12% off + flash sale notification,5
530833,7.0,2,1332.0,2,1,2,5,False,About to Sleep,Re-engagement: 18% off + free hotel voucher + last-chance exclusive,4
530869,0.0,1,780.0,3,1,1,5,False,Promising (Growth),First-booking incentive: 12% off + free cancellation on first 2 bookings,4
530873,0.0,0,0.0,1,1,1,3,True,Hibernating,Soft re-engagement: 10% off + new feature notification (minimal investment),5
530881,5.75,4,1667.0,3,3,2,8,False,Champions,Loyalty rewards + quarterly exclusive offers + referral bonus,2
530906,9.0,1,551.0,1,1,1,3,False,Hibernating,Soft re-engagement: 10% off + new feature notification (minimal investment),5
530949,7.5,2,7458.0,2,1,3,6,False,About to Sleep,Re-engagement: 18% off + free hotel voucher + last-chance exclusive,4
530950,5.333333333333333,4,3773.0,3,3,3,9,False,Champions,Loyalty rewards + quarterly exclusive offers + referral bonus,2
530978,5.6,6,3004.0,3,3,3,9,False,Champions,Loyalty rewards + quarterly exclusive offers + referral bonus,2
531006,8.0,2,1450.0,1,1,2,4,False,Hibernating,Soft re-engagement: 10% off + new feature notification (minimal investment),5
531009,6.25,5,3478.0,2,3,3,8,False,Loyal Customers,Free checked bag + 10% loyalty discount + priority service,2
531016,6.25,6,5378.0,2,3,3,8,False,Loyal Customers,Free checked bag + 10% loyalty discount + priority service,2
531020,8.8,5,2113.0,1,3,3,7,False,Do Not Lose,Win-back: 18% off next 3 bookings + free upgrade + personalised re-engagement,1
531027,5.666666666666666,3,357.0,3,2,1,6,False,Potential Champions,Frequency incentive: 10% off next 5 bookings + bundle deals + exclusive previews,3
531031,280.0,2,2784.0,1,1,3,5,False,Hibernating,Soft re-engagement: 10% off + new feature notification (minimal investment),5
531054,7.5,4,2014.9,2,3,2,7,False,Loyal Customers,Free checked bag + 10% loyalty discount + priority service,2
531073,6.0,4,1627.0,3,3,2,8,False,Champions,Loyalty rewards + quarterly exclusive offers + referral bonus,2
531094,6.666666666666666,3,2445.6,2,2,3,7,False,Need Attention,Engagement bonus: 12% off + free baggage + loyalty enrolment incentive,3
531109,7.0,4,511.6,2,3,1,6,False,Loyal Customers,Free checked bag + 10% loyalty discount + priority service,2
531143,7.5,4,2002.0,2,3,2,7,False,Loyal Customers,Free checked bag + 10% loyalty discount + priority service,2
531144,5.666666666666666,3,1269.3,3,2,2,7,False,Potential Champions,Frequency incentive: 10% off next 5 bookings + bundle deals + exclusive previews,3
531158,7.8,5,2126.2,1,3,3,7,False,Do Not Lose,Win-back: 18% off next 3 bookings + free upgrade + personalised re-engagement,1
531198,10.0,2,2084.0,1,1,3,5,False,Hibernating,Soft re-engagement: 10% off + new feature notification (minimal investment),5
531204,6.0,3,2828.0,3,2,3,8,False,Potential Champions,Frequency incentive: 10% off next 5 bookings + bundle deals + exclusive previews,3
531217,8.5,4,314.0,1,3,1,5,False,Do Not Lose,Win-back: 18% off next 3 bookings + free upgrade + personalised re-engagement,1
531253,5.75,5,3360.6,3,3,3,9,False,Champions,Loyalty rewards + quarterly exclusive offers + referral bonus,2
531255,0.0,0,0.0,1,1,1,3,True,Hibernating,Soft re-engagement: 10% off + new feature notification (minimal investment),5
531322,9.0,4,1964.1,1,3,2,6,False,Do Not Lose,Win-back: 18% off next 3 bookings + free upgrade + personalised re-engagement,1
531339,9.0,1,0.0,1,1,1,3,False,Hibernating,Soft re-engagement: 10% off + new feature notification (minimal investment),5
531344,8.5,2,1284.0,1,1,2,4,False,Hibernating,Soft re-engagement: 10% off + new feature notification (minimal investment),5
531361,129.0,2,696.0,1,1,1,3,False,Hibernating,Soft re-engagement: 10% off + new feature notification (minimal investment),5
531373,7.5,3,1683.0,2,2,2,6,False,Need Attention,Engagement bonus: 12% off + free baggage + loyalty enrolment incentive,3
531386,7.6,6,3976.0,1,3,3,7,False,Do Not Lose,Win-back: 18% off next 3 bookings + free upgrade + personalised re-engagement,1
531427,6.333333333333333,3,1261.0,2,2,2,6,False,Need Attention,Engagement bonus: 12% off + free baggage + loyalty enrolment incentive,3
531431,8.333333333333332,6,5430.8,1,3,3,7,False,Do Not Lose,Win-back: 18% off next 3 bookings + free upgrade + personalised re-engagement,1
531447,7.8,5,2088.0,1,3,3,7,False,Do Not Lose,Win-back: 18% off next 3 bookings + free upgrade + personalised re-engagement,1
531456,0.0,2,928.0,3,1,2,6,False,Promising (Growth),First-booking incentive: 12% off + free cancellation on first 2 bookings,4
531467,7.4,5,4594.2,2,3,3,8,False,Loyal Customers,Free checked bag + 10% loyalty discount + priority service,2
531471,6.0,4,1092.0,3,3,2,8,False,Champions,Loyalty rewards + quarterly exclusive offers + referral bonus,2
531475,0.0,0,0.0,1,1,1,3,True,Hibernating,Soft re-engagement: 10% off + new feature notification (minimal investment),5
531499,6.333333333333333,3,3772.0,2,2,3,7,False,Need Attention,Engagement bonus: 12% off + free baggage + loyalty enrolment incentive,3
531500,0.0,1,378.0,3,1,1,5,False,Promising (Growth),First-booking incentive: 12% off + free cancellation on first 2 bookings,4
531511,7.0,3,1482.0,2,2,2,6,False,Need Attention,Engagement bonus: 12% off + free baggage + loyalty enrolment incentive,3
531512,7.0,1,1152.0,2,1,2,5,False,About to Sleep,Re-engagement: 18% off + free hotel voucher + last-chance exclusive,4
531557,6.333333333333333,6,5463.2,2,3,3,8,False,Loyal Customers,Free checked bag + 10% loyalty discount + priority service,2
531562,0.0,2,1292.0,3,1,2,6,False,Promising (Growth),First-booking incentive: 12% off + free cancellation on first 2 bookings,4
531568,5.25,5,1413.0,3,3,2,8,False,Champions,Loyalty rewards + quarterly exclusive offers + referral bonus,2
531615,364.0,1,0.0,1,1,1,3,False,Hibernating,Soft re-engagement: 10% off + new feature notification (minimal investment),5
531620,0.0,0,0.0,1,1,1,3,True,Hibernating,Soft re-engagement: 10% off + new feature notification (minimal investment),5
531625,10.0,2,1034.2,1,1,2,4,False,Hibernating,Soft re-engagement: 10% off + new feature notification (minimal investment),5
531650,8.0,3,720.0,1,2,1,4,False,At Risk,Basic re-engagement: 12% off + flash sale notification,5
531654,7.0,2,948.0,2,1,2,5,False,About to Sleep,Re-engagement: 18% off + free hotel voucher + last-chance exclusive,4
531663,10.0,2,269.0,1,1,1,3,False,Hibernating,Soft re-engagement: 10% off + new feature notification (minimal investment),5
531670,6.0,3,3740.0,3,2,3,8,False,Potential Champions,Frequency incentive: 10% off next 5 bookings + bundle deals + exclusive previews,3
531682,0.0,0,0.0,1,1,1,3,True,Hibernating,Soft re-engagement: 10% off + new feature notification (minimal investment),5
531735,0.0,0,0.0,1,1,1,3,True,Hibernating,Soft re-engagement: 10% off + new feature notification (minimal investment),5
531739,8.25,4,2143.8,1,3,3,7,False,Do Not Lose,Win-back: 18% off next 3 bookings + free upgrade + personalised re-engagement,1
531744,6.75,5,1344.0,2,3,2,7,False,Loyal Customers,Free checked bag + 10% loyalty discount + priority service,2
531745,0.0,0,0.0,1,1,1,3,True,Hibernating,Soft re-engagement: 10% off + new feature notification (minimal investment),5
531771,5.0,3,296.55,3,2,1,6,False,Potential Champions,Frequency incentive: 10% off next 5 bookings + bundle deals + exclusive previews,3
531777,8.0,1,614.0,1,1,1,3,False,Hibernating,Soft re-engagement: 10% off + new feature notification (minimal investment),5
531789,8.333333333333332,3,1646.0,1,2,2,5,False,At Risk,Basic re-engagement: 12% off + flash sale notification,5
531795,6.0,1,984.0,3,1,2,6,False,Promising (Growth),First-booking incentive: 12% off + free cancellation on first 2 bookings,4
531803,0.0,0,0.0,1,1,1,3,True,Hibernating,Soft re-engagement: 10% off + new feature notification (minimal investment),5
531807,8.666666666666666,3,934.0,1,2,2,5,False,At Risk,Basic re-engagement: 12% off + flash sale notification,5
531824,8.25,4,802.0,1,3,1,5,False,Do Not Lose,Win-back: 18% off next 3 bookings + free upgrade + personalised re-engagement,1
531834,5.0,1,0.0,3,1,1,5,False,Promising (Growth),First-booking incentive: 12% off + free cancellation on first 2 bookings,4
531844,5.0,1,2313.0,3,1,3,7,False,Promising (High-Value),Tiered loyalty benefits + early access to sales + free cancellation (2 bookings),1
531847,9.0,2,1436.0,1,1,2,4,False,Hibernating,Soft re-engagement: 10% off + new feature notification (minimal investment),5
531857,10.5,2,918.0,1,1,2,4,False,Hibernating,Soft re-engagement: 10% off + new feature notification (minimal investment),5
531868,9.666666666666666,3,969.0,1,2,2,5,False,At Risk,Basic re-engagement: 12% off + flash sale notification,5
531884,7.0,4,7061.0,2,3,3,8,False,Loyal Customers,Free checked bag + 10% loyalty discount + priority service,2
531921,6.0,2,1071.0,3,1,2,6,False,Promising (Growth),First-booking incentive: 12% off + free cancellation on first 2 bookings,4
531926,6.0,2,0.0,3,1,1,5,False,Promising (Growth),First-booking incentive: 12% off + free cancellation on first 2 bookings,4
531931,7.5,2,985.0,2,1,2,5,False,About to Sleep,Re-engagement: 18% off + free hotel voucher + last-chance exclusive,4
531959,100.5,4,8206.0,1,3,3,7,False,Do Not Lose,Win-back: 18% off next 3 bookings + free upgrade + personalised re-engagement,1
531967,0.0,0,0.0,1,1,1,3,True,Hibernating,Soft re-engagement: 10% off + new feature notification (minimal investment),5
531971,6.5,2,456.0,2,1,1,4,False,About to Sleep,Re-engagement: 18% off + free hotel voucher + last-chance exclusive,4
531987,6.5,2,636.0,2,1,1,4,False,About to Sleep,Re-engagement: 18% off + free hotel voucher + last-chance exclusive,4
531989,5.5,3,1992.0,3,2,2,7,False,Potential Champions,Frequency incentive: 10% off next 5 bookings + bundle deals + exclusive previews,3
531994,8.5,2,303.0,1,1,1,3,False,Hibernating,Soft re-engagement: 10% off + new feature notification (minimal investment),5
532063,7.0,6,1692.05,2,3,2,7,False,Loyal Customers,Free checked bag + 10% loyalty discount + priority service,2
532064,0.0,0,0.0,1,1,1,3,True,Hibernating,Soft re-engagement: 10% off + new feature notification (minimal investment),5
532073,4.6,5,1889.0,3,3,2,8,False,Champions,Loyalty rewards + quarterly exclusive offers + referral bonus,2
532101,0.0,1,4738.0,3,1,3,7,False,Promising (High-Value),Tiered loyalty benefits + early access to sales + free cancellation (2 bookings),1
532106,6.0,4,1719.0,3,3,2,8,False,Champions,Loyalty rewards + quarterly exclusive offers + referral bonus,2
532119,6.5,6,2974.0,2,3,3,8,False,Loyal Customers,Free checked bag + 10% loyalty discount + priority service,2
532159,7.0,2,1477.0,2,1,2,5,False,About to Sleep,Re-engagement: 18% off + free hotel voucher + last-chance exclusive,4
532215,7.2,6,2772.2,2,3,3,8,False,Loyal Customers,Free checked bag + 10% loyalty discount + priority service,2
532225,6.0,3,298.0,3,2,1,6,False,Potential Champions,Frequency incentive: 10% off next 5 bookings + bundle deals + exclusive previews,3
532233,6.666666666666666,4,1911.0,2,3,2,7,False,Loyal Customers,Free checked bag + 10% loyalty discount + priority service,2
532258,10.0,2,4211.0,1,1,3,5,False,Hibernating,Soft re-engagement: 10% off + new feature notification (minimal investment),5
532259,4.8,6,3854.0,3,3,3,9,False,Champions,Loyalty rewards + quarterly exclusive offers + referral bonus,2
532279,0.0,1,4992.0,3,1,3,7,False,Promising (High-Value),Tiered loyalty benefits + early access to sales + free cancellation (2 bookings),1
532312,7.0,3,304.0,2,2,1,5,False,Need Attention,Engagement bonus: 12% off + free baggage + loyalty enrolment incentive,3
532329,336.0,2,6993.0,1,1,3,5,False,Hibernating,Soft re-engagement: 10% off + new feature notification (minimal investment),5
532347,9.666666666666666,3,272.0,1,2,1,4,False,At Risk,Basic re-engagement: 12% off + flash sale notification,5
532361,7.0,4,1218.0,2,3,2,7,False,Loyal Customers,Free checked bag + 10% loyalty discount + priority service,2
532365,7.0,1,1950.0,2,1,2,5,False,About to Sleep,Re-engagement: 18% off + free hotel voucher + last-chance exclusive,4
532381,7.666666666666665,3,583.0,1,2,1,4,False,At Risk,Basic re-engagement: 12% off + flash sale notification,5
532387,6.333333333333333,3,2375.0,2,2,3,7,False,Need Attention,Engagement bonus: 12% off + free baggage + loyalty enrolment incentive,3
532388,5.0,2,2149.6,3,1,3,7,False,Promising (High-Value),Tiered loyalty benefits + early access to sales + free cancellation (2 bookings),1
532390,8.5,4,1479.0,1,3,2,6,False,Do Not Lose,Win-back: 18% off next 3 bookings + free upgrade + personalised re-engagement,1
532410,6.0,3,2867.9,3,2,3,8,False,Potential Champions,Frequency incentive: 10% off next 5 bookings + bundle deals + exclusive previews,3
532426,225.0,1,9015.0,1,1,3,5,False,Hibernating,Soft re-engagement: 10% off + new feature notification (minimal investment),5
532432,0.0,1,1963.0,3,1,2,6,False,Promising (Growth),First-booking incentive: 12% off + free cancellation on first 2 bookings,4
532433,6.0,3,1398.3,3,2,2,7,False,Potential Champions,Frequency incentive: 10% off next 5 bookings + bundle deals + exclusive previews,3
532500,60.25,4,2609.0,1,3,3,7,False,Do Not Lose,Win-back: 18% off next 3 bookings + free upgrade + personalised re-engagement,1
532519,7.5,3,1586.0,2,2,2,6,False,Need Attention,Engagement bonus: 12% off + free baggage + loyalty enrolment incentive,3
532535,5.0,3,4434.0,3,2,3,8,False,Potential Champions,Frequency incentive: 10% off next 5 bookings + bundle deals + exclusive previews,3
532544,0.0,0,0.0,1,1,1,3,True,Hibernating,Soft re-engagement: 10% off + new feature notification (minimal investment),5
532568,14.0,3,1318.8,1,2,2,5,False,At Risk,Basic re-engagement: 12% off + flash sale notification,5
532607,7.5,4,729.0,2,3,1,6,False,Loyal Customers,Free checked bag + 10% loyalty discount + priority service,2
532622,6.0,3,1004.0,3,2,2,7,False,Potential Champions,Frequency incentive: 10% off next 5 bookings + bundle deals + exclusive previews,3
532623,7.5,2,310.0,2,1,1,4,False,About to Sleep,Re-engagement: 18% off + free hotel voucher + last-chance exclusive,4
532627,0.0,0,0.0,1,1,1,3,True,Hibernating,Soft re-engagement: 10% off + new feature notification (minimal investment),5
532637,0.0,2,2946.0,3,1,3,7,False,Promising (High-Value),Tiered loyalty benefits + early access to sales + free cancellation (2 bookings),1
532650,5.25,5,3421.0,3,3,3,9,False,Champions,Loyalty rewards + quarterly exclusive offers + referral bonus,2
532651,9.0,2,1753.0,1,1,2,4,False,Hibernating,Soft re-engagement: 10% off + new feature notification (minimal investment),5
532653,7.25,4,3030.9,2,3,3,8,False,Loyal Customers,Free checked bag + 10% loyalty discount + priority service,2
532656,6.5,2,276.0,2,1,1,4,False,About to Sleep,Re-engagement: 18% off + free hotel voucher + last-chance exclusive,4
532705,5.0,2,343.0,3,1,1,5,False,Promising (Growth),First-booking incentive: 12% off + free cancellation on first 2 bookings,4
532710,10.0,1,0.0,1,1,1,3,False,Hibernating,Soft re-engagement: 10% off + new feature notification (minimal investment),5
532711,5.0,2,4238.0,3,1,3,7,False,Promising (High-Value),Tiered loyalty benefits + early access to sales + free cancellation (2 bookings),1
532721,7.0,3,818.0,2,2,1,5,False,Need Attention,Engagement bonus: 12% off + free baggage + loyalty enrolment incentive,3
532725,0.0,0,0.0,1,1,1,3,True,Hibernating,Soft re-engagement: 10% off + new feature notification (minimal investment),5
532730,7.0,2,3144.0,2,1,3,6,False,About to Sleep,Re-engagement: 18% off + free hotel voucher + last-chance exclusive,4
532742,5.666666666666666,3,726.0,3,2,1,6,False,Potential Champions,Frequency incentive: 10% off next 5 bookings + bundle deals + exclusive previews,3
532748,6.5,5,644.25,2,3,1,6,False,Loyal Customers,Free checked bag + 10% loyalty discount + priority service,2
532750,102.0,2,732.0,1,1,1,3,False,Hibernating,Soft re-engagement: 10% off + new feature notification (minimal investment),5
532774,0.0,0,0.0,1,1,1,3,True,Hibernating,Soft re-engagement: 10% off + new feature notification (minimal investment),5
532810,7.0,3,4136.0,2,2,3,7,False,Need Attention,Engagement bonus: 12% off + free baggage + loyalty enrolment incentive,3
532823,6.666666666666666,4,948.0,2,3,2,7,False,Loyal Customers,Free checked bag + 10% loyalty discount + priority service,2
532835,3.0,2,273.0,3,1,1,5,False,Promising (Growth),First-booking incentive: 12% off + free cancellation on first 2 bookings,4
532843,7.0,3,1379.3,2,2,2,6,False,Need Attention,Engagement bonus: 12% off + free baggage + loyalty enrolment incentive,3
532863,6.666666666666666,4,3621.95,2,3,3,8,False,Loyal Customers,Free checked bag + 10% loyalty discount + priority service,2
532866,7.5,4,2074.6,2,3,3,8,False,Loyal Customers,Free checked bag + 10% loyalty discount + priority service,2
532901,10.0,1,123.0,1,1,1,3,False,Hibernating,Soft re-engagement: 10% off + new feature notification (minimal investment),5
532905,0.0,0,0.0,1,1,1,3,True,Hibernating,Soft re-engagement: 10% off + new feature notification (minimal investment),5
532912,8.5,4,2344.0,1,3,3,7,False,Do Not Lose,Win-back: 18% off next 3 bookings + free upgrade + personalised re-engagement,1
532941,5.5,3,2248.0,3,2,3,8,False,Potential Champions,Frequency incentive: 10% off next 5 bookings + bundle deals + exclusive previews,3
532989,7.75,5,2588.0,1,3,3,7,False,Do Not Lose,Win-back: 18% off next 3 bookings + free upgrade + personalised re-engagement,1
533048,0.0,1,435.2,3,1,1,5,False,Promising (Growth),First-booking incentive: 12% off + free cancellation on first 2 bookings,4
533093,2.0,2,742.0,3,1,1,5,False,Promising (Growth),First-booking incentive: 12% off + free cancellation on first 2 bookings,4
533117,9.5,2,252.0,1,1,1,3,False,Hibernating,Soft re-engagement: 10% off + new feature notification (minimal investment),5
533123,9.0,2,531.0,1,1,1,3,False,Hibernating,Soft re-engagement: 10% off + new feature notification (minimal investment),5
533129,4.75,5,2260.95,3,3,3,9,False,Champions,Loyalty rewards + quarterly exclusive offers + referral bonus,2
533155,5.333333333333333,3,2799.6,3,2,3,8,False,Potential Champions,Frequency incentive: 10% off next 5 bookings + bundle deals + exclusive previews,3
533187,0.0,1,737.2,3,1,1,5,False,Promising (Growth),First-booking incentive: 12% off + free cancellation on first 2 bookings,4
533199,8.0,3,972.0,1,2,2,5,False,At Risk,Basic re-engagement: 12% off + flash sale notification,5
533204,0.0,0,0.0,1,1,1,3,True,Hibernating,Soft re-engagement: 10% off + new feature notification (minimal investment),5
533211,6.75,4,3278.0,2,3,3,8,False,Loyal Customers,Free checked bag + 10% loyalty discount + priority service,2
533222,8.0,3,4884.6,1,2,3,6,False,At Risk (High Value),Aggressive win-back: 22% off + lounge access + concierge outreach,1
533248,9.0,3,670.0,1,2,1,4,False,At Risk,Basic re-engagement: 12% off + flash sale notification,5
533251,5.0,2,1624.0,3,1,2,6,False,Promising (Growth),First-booking incentive: 12% off + free cancellation on first 2 bookings,4
533283,7.75,4,620.0,1,3,1,5,False,Do Not Lose,Win-back: 18% off next 3 bookings + free upgrade + personalised re-engagement,1
533291,5.833333333333333,6,2755.0,3,3,3,9,False,Champions,Loyalty rewards + quarterly exclusive offers + referral bonus,2
533302,6.5,3,1145.15,2,2,2,6,False,Need Attention,Engagement bonus: 12% off + free baggage + loyalty enrolment incentive,3
533327,5.0,4,9127.0,3,3,3,9,False,Champions,Loyalty rewards + quarterly exclusive offers + referral bonus,2
533357,9.75,5,898.6,1,3,2,6,False,Do Not Lose,Win-back: 18% off next 3 bookings + free upgrade + personalised re-engagement,1
533378,7.333333333333333,3,1256.0,2,2,2,6,False,Need Attention,Engagement bonus: 12% off + free baggage + loyalty enrolment incentive,3
533388,280.0,1,2442.0,1,1,3,5,False,Hibernating,Soft re-engagement: 10% off + new feature notification (minimal investment),5
533393,0.0,1,624.0,3,1,1,5,False,Promising (Growth),First-booking incentive: 12% off + free cancellation on first 2 bookings,4
533396,6.0,5,3666.2,3,3,3,9,False,Champions,Loyalty rewards + quarterly exclusive offers + referral bonus,2
533402,10.5,3,3111.0,1,2,3,6,False,At Risk (High Value),Aggressive win-back: 22% off + lounge access + concierge outreach,1
533404,7.0,3,1278.0,2,2,2,6,False,Need Attention,Engagement bonus: 12% off + free baggage + loyalty enrolment incentive,3
533411,7.75,4,816.0,1,3,1,5,False,Do Not Lose,Win-back: 18% off next 3 bookings + free upgrade + personalised re-engagement,1
533449,6.0,1,151.0,3,1,1,5,False,Promising (Growth),First-booking incentive: 12% off + free cancellation on first 2 bookings,4
533464,6.0,2,120.0,3,1,1,5,False,Promising (Growth),First-booking incentive: 12% off + free cancellation on first 2 bookings,4
533490,8.25,4,1701.0,1,3,2,6,False,Do Not Lose,Win-back: 18% off next 3 bookings + free upgrade + personalised re-engagement,1
533492,106.0,3,732.0,1,2,1,4,False,At Risk,Basic re-engagement: 12% off + flash sale notification,5
533497,7.8,5,800.4,1,3,1,5,False,Do Not Lose,Win-back: 18% off next 3 bookings + free upgrade + personalised re-engagement,1
533518,6.0,3,3140.5,3,2,3,8,False,Potential Champions,Frequency incentive: 10% off next 5 bookings + bundle deals + exclusive previews,3
533527,6.0,1,471.75,3,1,1,5,False,Promising (Growth),First-booking incentive: 12% off + free cancellation on first 2 bookings,4
533537,5.0,3,4369.2,3,2,3,8,False,Potential Champions,Frequency incentive: 10% off next 5 bookings + bundle deals + exclusive previews,3
533542,7.8,5,3229.0,1,3,3,7,False,Do Not Lose,Win-back: 18% off next 3 bookings + free upgrade + personalised re-engagement,1
533550,6.0,2,428.0,3,1,1,5,False,Promising (Growth),First-booking incentive: 12% off + free cancellation on first 2 bookings,4
533573,4.5,2,0.0,3,1,1,5,False,Promising (Growth),First-booking incentive: 12% off + free cancellation on first 2 bookings,4
533575,7.0,4,1013.0,2,3,2,7,False,Loyal Customers,Free checked bag + 10% loyalty discount + priority service,2
533598,7.0,3,2827.2,2,2,3,7,False,Need Attention,Engagement bonus: 12% off + free baggage + loyalty enrolment incentive,3
533613,5.666666666666666,3,1633.2,3,2,2,7,False,Potential Champions,Frequency incentive: 10% off next 5 bookings + bundle deals + exclusive previews,3
533617,7.0,3,1310.0,2,2,2,6,False,Need Attention,Engagement bonus: 12% off + free baggage + loyalty enrolment incentive,3
533656,5.5,2,1219.8,3,1,2,6,False,Promising (Growth),First-booking incentive: 12% off + free cancellation on first 2 bookings,4
533716,9.0,3,463.6,1,2,1,4,False,At Risk,Basic re-engagement: 12% off + flash sale notification,5
533742,5.666666666666666,3,170.0,3,2,1,6,False,Potential Champions,Frequency incentive: 10% off next 5 bookings + bundle deals + exclusive previews,3
533755,0.0,0,0.0,1,1,1,3,True,Hibernating,Soft re-engagement: 10% off + new feature notification (minimal investment),5
533759,8.0,3,4779.0,1,2,3,6,False,At Risk (High Value),Aggressive win-back: 22% off + lounge access + concierge outreach,1
533773,10.333333333333332,4,4340.0,1,3,3,7,False,Do Not Lose,Win-back: 18% off next 3 bookings + free upgrade + personalised re-engagement,1
533782,8.0,3,2024.0,1,2,2,5,False,At Risk,Basic re-engagement: 12% off + flash sale notification,5
533809,4.5,2,505.0,3,1,1,5,False,Promising (Growth),First-booking incentive: 12% off + free cancellation on first 2 bookings,4
533827,0.0,1,512.0,3,1,1,5,False,Promising (Growth),First-booking incentive: 12% off + free cancellation on first 2 bookings,4
533846,9.0,3,1249.0,1,2,2,5,False,At Risk,Basic re-engagement: 12% off + flash sale notification,5
533859,7.25,4,2328.0,2,3,3,8,False,Loyal Customers,Free checked bag + 10% loyalty discount + priority service,2
533895,5.5,2,238.0,3,1,1,5,False,Promising (Growth),First-booking incentive: 12% off + free cancellation on first 2 bookings,4
533908,4.0,1,447.0,3,1,1,5,False,Promising (Growth),First-booking incentive: 12% off + free cancellation on first 2 bookings,4
533932,4.0,2,1053.2,3,1,2,6,False,Promising (Growth),First-booking incentive: 12% off + free cancellation on first 2 bookings,4
533975,0.0,3,4128.7,3,2,3,8,False,Potential Champions,Frequency incentive: 10% off next 5 bookings + bundle deals + exclusive previews,3
533985,8.0,2,1576.0,1,1,2,4,False,Hibernating,Soft re-engagement: 10% off + new feature notification (minimal investment),5
533990,5.5,5,4048.0,3,3,3,9,False,Champions,Loyalty rewards + quarterly exclusive offers + referral bonus,2
534040,5.0,2,4864.0,3,1,3,7,False,Promising (High-Value),Tiered loyalty benefits + early access to sales + free cancellation (2 bookings),1
534045,8.0,2,508.0,1,1,1,3,False,Hibernating,Soft re-engagement: 10% off + new feature notification (minimal investment),5
534066,8.4,5,625.8,1,3,1,5,False,Do Not Lose,Win-back: 18% off next 3 bookings + free upgrade + personalised re-engagement,1
534082,0.0,0,0.0,1,1,1,3,True,Hibernating,Soft re-engagement: 10% off + new feature notification (minimal investment),5
534088,7.5,3,1659.0,2,2,2,6,False,Need Attention,Engagement bonus: 12% off + free baggage + loyalty enrolment incentive,3
534105,8.833333333333332,6,3158.6,1,3,3,7,False,Do Not Lose,Win-back: 18% off next 3 bookings + free upgrade + personalised re-engagement,1
534179,7.333333333333333,4,1895.4,2,3,2,7,False,Loyal Customers,Free checked bag + 10% loyalty discount + priority service,2
534190,8.0,2,1724.0,1,1,2,4,False,Hibernating,Soft re-engagement: 10% off + new feature notification (minimal investment),5
534246,9.0,2,1489.0,1,1,2,4,False,Hibernating,Soft re-engagement: 10% off + new feature notification (minimal investment),5
534254,5.0,1,558.0,3,1,1,5,False,Promising (Growth),First-booking incentive: 12% off + free cancellation on first 2 bookings,4
534295,9.0,3,3382.0,1,2,3,6,False,At Risk (High Value),Aggressive win-back: 22% off + lounge access + concierge outreach,1
534333,5.5,2,1400.0,3,1,2,6,False,Promising (Growth),First-booking incentive: 12% off + free cancellation on first 2 bookings,4
534351,8.142857142857144,7,6923.0,1,3,3,7,False,Do Not Lose,Win-back: 18% off next 3 bookings + free upgrade + personalised re-engagement,1
534360,7.6,5,1366.25,1,3,2,6,False,Do Not Lose,Win-back: 18% off next 3 bookings + free upgrade + personalised re-engagement,1
534378,9.0,1,83.0,1,1,1,3,False,Hibernating,Soft re-engagement: 10% off + new feature notification (minimal investment),5
534380,79.66666666666666,3,1518.0,1,2,2,5,False,At Risk,Basic re-engagement: 12% off + flash sale notification,5
534391,9.0,3,2179.0,1,2,3,6,False,At Risk (High Value),Aggressive win-back: 22% off + lounge access + concierge outreach,1
534445,6.0,2,0.0,3,1,1,5,False,Promising (Growth),First-booking incentive: 12% off + free cancellation on first 2 bookings,4
534474,8.75,4,5262.0,1,3,3,7,False,Do Not Lose,Win-back: 18% off next 3 bookings + free upgrade + personalised re-engagement,1
534499,0.0,1,136.0,3,1,1,5,False,Promising (Growth),First-booking incentive: 12% off + free cancellation on first 2 bookings,4
534564,3.0,1,176.0,3,1,1,5,False,Promising (Growth),First-booking incentive: 12% off + free cancellation on first 2 bookings,4
534586,0.0,0,0.0,1,1,1,3,True,Hibernating,Soft re-engagement: 10% off + new feature notification (minimal investment),5
534594,5.0,2,28114.0,3,1,3,7,False,Promising (High-Value),Tiered loyalty benefits + early access to sales + free cancellation (2 bookings),1
534604,168.0,1,0.0,1,1,1,3,False,Hibernating,Soft re-engagement: 10% off + new feature notification (minimal investment),5
534607,8.0,4,1291.0,1,3,2,6,False,Do Not Lose,Win-back: 18% off next 3 bookings + free upgrade + personalised re-engagement,1
534608,9.5,4,754.0,1,3,1,5,False,Do Not Lose,Win-back: 18% off next 3 bookings + free upgrade + personalised re-engagement,1
534661,0.0,1,1039.5,3,1,2,6,False,Promising (Growth),First-booking incentive: 12% off + free cancellation on first 2 bookings,4
534688,6.0,5,3558.2,3,3,3,9,False,Champions,Loyalty rewards + quarterly exclusive offers + referral bonus,2
534697,5.0,2,1147.0,3,1,2,6,False,Promising (Growth),First-booking incentive: 12% off + free cancellation on first 2 bookings,4
534703,7.0,1,193.0,2,1,1,4,False,About to Sleep,Re-engagement: 18% off + free hotel voucher + last-chance exclusive,4
534742,3.0,2,616.0,3,1,1,5,False,Promising (Growth),First-booking incentive: 12% off + free cancellation on first 2 bookings,4
534747,6.333333333333333,4,717.0,2,3,1,6,False,Loyal Customers,Free checked bag + 10% loyalty discount + priority service,2
534782,5.5,4,6410.0,3,3,3,9,False,Champions,Loyalty rewards + quarterly exclusive offers + referral bonus,2
534793,5.0,1,163.0,3,1,1,5,False,Promising (Growth),First-booking incentive: 12% off + free cancellation on first 2 bookings,4
534798,7.666666666666665,3,245.0,1,2,1,4,False,At Risk,Basic re-engagement: 12% off + flash sale notification,5
534825,6.0,1,0.0,3,1,1,5,False,Promising (Growth),First-booking incentive: 12% off + free cancellation on first 2 bookings,4
534840,10.0,4,1851.4,1,3,2,6,False,Do Not Lose,Win-back: 18% off next 3 bookings + free upgrade + personalised re-engagement,1
534842,8.5,2,321.0,1,1,1,3,False,Hibernating,Soft re-engagement: 10% off + new feature notification (minimal investment),5
534858,7.0,3,2482.0,2,2,3,7,False,Need Attention,Engagement bonus: 12% off + free baggage + loyalty enrolment incentive,3
534895,7.0,2,906.0,2,1,2,5,False,About to Sleep,Re-engagement: 18% off + free hotel voucher + last-chance exclusive,4
534903,7.0,3,3298.0,2,2,3,7,False,Need Attention,Engagement bonus: 12% off + free baggage + loyalty enrolment incentive,3
534939,7.5,3,4581.0,2,2,3,7,False,Need Attention,Engagement bonus: 12% off + free baggage + loyalty enrolment incentive,3
534948,5.0,4,2658.6,3,3,3,9,False,Champions,Loyalty rewards + quarterly exclusive offers + referral bonus,2
534957,6.75,4,297.0,2,3,1,6,False,Loyal Customers,Free checked bag + 10% loyalty discount + priority service,2
534971,4.5,2,374.55,3,1,1,5,False,Promising (Growth),First-booking incentive: 12% off + free cancellation on first 2 bookings,4
534986,8.5,4,2263.1,1,3,3,7,False,Do Not Lose,Win-back: 18% off next 3 bookings + free upgrade + personalised re-engagement,1
535003,0.0,0,0.0,1,1,1,3,True,Hibernating,Soft re-engagement: 10% off + new feature notification (minimal investment),5
535007,7.8,5,3667.0,1,3,3,7,False,Do Not Lose,Win-back: 18% off next 3 bookings + free upgrade + personalised re-engagement,1
535024,10.5,2,717.0,1,1,1,3,False,Hibernating,Soft re-engagement: 10% off + new feature notification (minimal investment),5
535035,8.0,4,6224.0,1,3,3,7,False,Do Not Lose,Win-back: 18% off next 3 bookings + free upgrade + personalised re-engagement,1
535047,10.25,4,2625.6,1,3,3,7,False,Do Not Lose,Win-back: 18% off next 3 bookings + free upgrade + personalised re-engagement,1
535051,5.0,4,2325.0,3,3,3,9,False,Champions,Loyalty rewards + quarterly exclusive offers + referral bonus,2
535060,6.75,4,264.0,2,3,1,6,False,Loyal Customers,Free checked bag + 10% loyalty discount + priority service,2
535063,5.666666666666666,4,1557.2,3,3,2,8,False,Champions,Loyalty rewards + quarterly exclusive offers + referral bonus,2
535081,6.5,4,4516.8,2,3,3,8,False,Loyal Customers,Free checked bag + 10% loyalty discount + priority service,2
535099,7.4,5,1532.0,2,3,2,7,False,Loyal Customers,Free checked bag + 10% loyalty discount + priority service,2
535135,7.333333333333333,4,3997.0,2,3,3,8,False,Loyal Customers,Free checked bag + 10% loyalty discount + priority service,2
535136,7.0,3,1220.0,2,2,2,6,False,Need Attention,Engagement bonus: 12% off + free baggage + loyalty enrolment incentive,3
535149,6.0,1,207.4,3,1,1,5,False,Promising (Growth),First-booking incentive: 12% off + free cancellation on first 2 bookings,4
535155,4.0,1,144.0,3,1,1,5,False,Promising (Growth),First-booking incentive: 12% off + free cancellation on first 2 bookings,4
535177,7.5,2,3705.2,2,1,3,6,False,About to Sleep,Re-engagement: 18% off + free hotel voucher + last-chance exclusive,4
535189,6.5,2,884.0,2,1,2,5,False,About to Sleep,Re-engagement: 18% off + free hotel voucher + last-chance exclusive,4
535229,9.0,3,2078.35,1,2,3,6,False,At Risk (High Value),Aggressive win-back: 22% off + lounge access + concierge outreach,1
535266,308.0,2,1192.0,1,1,2,4,False,Hibernating,Soft re-engagement: 10% off + new feature notification (minimal investment),5
535311,5.5,2,2223.0,3,1,3,7,False,Promising (High-Value),Tiered loyalty benefits + early access to sales + free cancellation (2 bookings),1
535341,8.0,3,2559.0,1,2,3,6,False,At Risk (High Value),Aggressive win-back: 22% off + lounge access + concierge outreach,1
535365,9.5,2,594.0,1,1,1,3,False,Hibernating,Soft re-engagement: 10% off + new feature notification (minimal investment),5
535398,9.0,3,1650.0,1,2,2,5,False,At Risk,Basic re-engagement: 12% off + flash sale notification,5
535441,7.25,4,2464.0,2,3,3,8,False,Loyal Customers,Free checked bag + 10% loyalty discount + priority service,2
535447,6.4,5,5550.0,2,3,3,8,False,Loyal Customers,Free checked bag + 10% loyalty discount + priority service,2
535459,5.0,4,1437.0,3,3,2,8,False,Champions,Loyalty rewards + quarterly exclusive offers + referral bonus,2
535473,252.0,1,0.0,1,1,1,3,False,Hibernating,Soft re-engagement: 10% off + new feature notification (minimal investment),5
535495,6.5,3,2352.0,2,2,3,7,False,Need Attention,Engagement bonus: 12% off + free baggage + loyalty enrolment incentive,3
535497,0.0,0,0.0,1,1,1,3,True,Hibernating,Soft re-engagement: 10% off + new feature notification (minimal investment),5
535502,5.0,3,1642.0,3,2,2,7,False,Potential Champions,Frequency incentive: 10% off next 5 bookings + bundle deals + exclusive previews,3
535553,7.5,2,1012.0,2,1,2,5,False,About to Sleep,Re-engagement: 18% off + free hotel voucher + last-chance exclusive,4
535595,115.0,2,1956.0,1,1,2,4,False,Hibernating,Soft re-engagement: 10% off + new feature notification (minimal investment),5
535600,8.0,3,3236.0,1,2,3,6,False,At Risk (High Value),Aggressive win-back: 22% off + lounge access + concierge outreach,1
535610,7.0,3,508.1,2,2,1,5,False,Need Attention,Engagement bonus: 12% off + free baggage + loyalty enrolment incentive,3
535625,41.2,5,1636.0,1,3,2,6,False,Do Not Lose,Win-back: 18% off next 3 bookings + free upgrade + personalised re-engagement,1
535637,10.0,3,939.0,1,2,2,5,False,At Risk,Basic re-engagement: 12% off + flash sale notification,5
535644,7.5,4,1735.2,2,3,2,7,False,Loyal Customers,Free checked bag + 10% loyalty discount + priority service,2
535682,0.0,0,0.0,1,1,1,3,True,Hibernating,Soft re-engagement: 10% off + new feature notification (minimal investment),5
535686,5.666666666666666,3,825.0,3,2,1,6,False,Potential Champions,Frequency incentive: 10% off next 5 bookings + bundle deals + exclusive previews,3
535701,9.0,1,1082.0,1,1,2,4,False,Hibernating,Soft re-engagement: 10% off + new feature notification (minimal investment),5
535702,7.4,5,9929.0,2,3,3,8,False,Loyal Customers,Free checked bag + 10% loyalty discount + priority service,2
535706,8.0,1,153.0,1,1,1,3,False,Hibernating,Soft re-engagement: 10% off + new feature notification (minimal investment),5
535734,6.5,2,298.0,2,1,1,4,False,About to Sleep,Re-engagement: 18% off + free hotel voucher + last-chance exclusive,4
535737,0.0,0,0.0,1,1,1,3,True,Hibernating,Soft re-engagement: 10% off + new feature notification (minimal investment),5
535746,10.0,3,1804.0,1,2,2,5,False,At Risk,Basic re-engagement: 12% off + flash sale notification,5
535747,8.0,2,3310.1,1,1,3,5,False,Hibernating,Soft re-engagement: 10% off + new feature notification (minimal investment),5
535791,4.5,2,325.0,3,1,1,5,False,Promising (Growth),First-booking incentive: 12% off + free cancellation on first 2 bookings,4
535795,4.6,5,2270.8,3,3,3,9,False,Champions,Loyalty rewards + quarterly exclusive offers + referral bonus,2
535878,7.333333333333333,4,7311.0,2,3,3,8,False,Loyal Customers,Free checked bag + 10% loyalty discount + priority service,2
535879,7.25,5,6884.7,2,3,3,8,False,Loyal Customers,Free checked bag + 10% loyalty discount + priority service,2
535885,6.0,3,4828.0,3,2,3,8,False,Potential Champions,Frequency incentive: 10% off next 5 bookings + bundle deals + exclusive previews,3
535896,7.0,2,153.0,2,1,1,4,False,About to Sleep,Re-engagement: 18% off + free hotel voucher + last-chance exclusive,4
535905,6.0,1,1065.0,3,1,2,6,False,Promising (Growth),First-booking incentive: 12% off + free cancellation on first 2 bookings,4
535906,10.666666666666666,5,4873.0,1,3,3,7,False,Do Not Lose,Win-back: 18% off next 3 bookings + free upgrade + personalised re-engagement,1
535912,6.2,5,1879.0,2,3,2,7,False,Loyal Customers,Free checked bag + 10% loyalty discount + priority service,2
535942,9.0,2,857.0,1,1,2,4,False,Hibernating,Soft re-engagement: 10% off + new feature notification (minimal investment),5
535983,5.0,1,0.0,3,1,1,5,False,Promising (Growth),First-booking incentive: 12% off + free cancellation on first 2 bookings,4
535994,0.0,1,1619.75,3,1,2,6,False,Promising (Growth),First-booking incentive: 12% off + free cancellation on first 2 bookings,4
536000,6.0,3,700.0,3,2,1,6,False,Potential Champions,Frequency incentive: 10% off next 5 bookings + bundle deals + exclusive previews,3
536016,6.5,2,2016.0,2,1,2,5,False,About to Sleep,Re-engagement: 18% off + free hotel voucher + last-chance exclusive,4
536034,9.0,2,2349.0,1,1,3,5,False,Hibernating,Soft re-engagement: 10% off + new feature notification (minimal investment),5
536035,5.0,2,326.0,3,1,1,5,False,Promising (Growth),First-booking incentive: 12% off + free cancellation on first 2 bookings,4
536039,6.333333333333333,5,10686.0,2,3,3,8,False,Loyal Customers,Free checked bag + 10% loyalty discount + priority service,2
536050,5.0,3,1142.3,3,2,2,7,False,Potential Champions,Frequency incentive: 10% off next 5 bookings + bundle deals + exclusive previews,3
536058,9.0,2,6372.6,1,1,3,5,False,Hibernating,Soft re-engagement: 10% off + new feature notification (minimal investment),5
536066,6.666666666666666,3,1140.0,2,2,2,6,False,Need Attention,Engagement bonus: 12% off + free baggage + loyalty enrolment incentive,3
536086,6.666666666666666,3,1564.0,2,2,2,6,False,Need Attention,Engagement bonus: 12% off + free baggage + loyalty enrolment incentive,3
536099,9.0,4,3264.0,1,3,3,7,False,Do Not Lose,Win-back: 18% off next 3 bookings + free upgrade + personalised re-engagement,1
536135,0.0,0,0.0,1,1,1,3,True,Hibernating,Soft re-engagement: 10% off + new feature notification (minimal investment),5
536170,0.0,0,0.0,1,1,1,3,True,Hibernating,Soft re-engagement: 10% off + new feature notification (minimal investment),5
536212,0.0,0,0.0,1,1,1,3,True,Hibernating,Soft re-engagement: 10% off + new feature notification (minimal investment),5
536228,0.0,1,1376.0,3,1,2,6,False,Promising (Growth),First-booking incentive: 12% off + free cancellation on first 2 bookings,4
536229,5.0,2,2912.0,3,1,3,7,False,Promising (High-Value),Tiered loyalty benefits + early access to sales + free cancellation (2 bookings),1
536241,7.5,2,1056.0,2,1,2,5,False,About to Sleep,Re-engagement: 18% off + free hotel voucher + last-chance exclusive,4
536275,6.0,1,326.0,3,1,1,5,False,Promising (Growth),First-booking incentive: 12% off + free cancellation on first 2 bookings,4
536278,7.0,3,3960.0,2,2,3,7,False,Need Attention,Engagement bonus: 12% off + free baggage + loyalty enrolment incentive,3
536313,7.0,2,5234.4,2,1,3,6,False,About to Sleep,Re-engagement: 18% off + free hotel voucher + last-chance exclusive,4
536343,2.0,2,1644.0,3,1,2,6,False,Promising (Growth),First-booking incentive: 12% off + free cancellation on first 2 bookings,4
536387,79.0,4,1436.0,1,3,2,6,False,Do Not Lose,Win-back: 18% off next 3 bookings + free upgrade + personalised re-engagement,1
536431,11.0,5,6896.0,1,3,3,7,False,Do Not Lose,Win-back: 18% off next 3 bookings + free upgrade + personalised re-engagement,1
536467,6.5,2,1338.0,2,1,2,5,False,About to Sleep,Re-engagement: 18% off + free hotel voucher + last-chance exclusive,4
536469,7.0,1,928.0,2,1,2,5,False,About to Sleep,Re-engagement: 18% off + free hotel voucher + last-chance exclusive,4
536474,12.0,1,810.0,1,1,1,3,False,Hibernating,Soft re-engagement: 10% off + new feature notification (minimal investment),5
536488,0.0,0,0.0,1,1,1,3,True,Hibernating,Soft re-engagement: 10% off + new feature notification (minimal investment),5
536489,78.4,6,3267.4,1,3,3,7,False,Do Not Lose,Win-back: 18% off next 3 bookings + free upgrade + personalised re-engagement,1
536490,9.0,3,2139.0,1,2,3,6,False,At Risk (High Value),Aggressive win-back: 22% off + lounge access + concierge outreach,1
536532,6.5,3,1749.0,2,2,2,6,False,Need Attention,Engagement bonus: 12% off + free baggage + loyalty enrolment incentive,3
536566,5.5,2,451.0,3,1,1,5,False,Promising (Growth),First-booking incentive: 12% off + free cancellation on first 2 bookings,4
536574,7.0,4,3392.0,2,3,3,8,False,Loyal Customers,Free checked bag + 10% loyalty discount + priority service,2
536594,0.0,2,3619.0,3,1,3,7,False,Promising (High-Value),Tiered loyalty benefits + early access to sales + free cancellation (2 bookings),1
536604,7.0,2,238.0,2,1,1,4,False,About to Sleep,Re-engagement: 18% off + free hotel voucher + last-chance exclusive,4
536622,7.25,4,1013.0,2,3,2,7,False,Loyal Customers,Free checked bag + 10% loyalty discount + priority service,2
536641,6.4,5,1340.0,2,3,2,7,False,Loyal Customers,Free checked bag + 10% loyalty discount + priority service,2
536651,5.333333333333333,3,464.1,3,2,1,6,False,Potential Champions,Frequency incentive: 10% off next 5 bookings + bundle deals + exclusive previews,3
536652,5.333333333333333,4,1800.0,3,3,2,8,False,Champions,Loyalty rewards + quarterly exclusive offers + referral bonus,2
536656,9.0,3,1574.0,1,2,2,5,False,At Risk,Basic re-engagement: 12% off + flash sale notification,5
536658,6.5,2,708.0,2,1,1,4,False,About to Sleep,Re-engagement: 18% off + free hotel voucher + last-chance exclusive,4
536659,7.166666666666666,6,5362.0,2,3,3,8,False,Loyal Customers,Free checked bag + 10% loyalty discount + priority service,2
536672,34.2,5,2132.0,1,3,3,7,False,Do Not Lose,Win-back: 18% off next 3 bookings + free upgrade + personalised re-engagement,1
536675,8.333333333333332,3,382.0,1,2,1,4,False,At Risk,Basic re-engagement: 12% off + flash sale notification,5
536691,7.8,5,2040.0,1,3,3,7,False,Do Not Lose,Win-back: 18% off next 3 bookings + free upgrade + personalised re-engagement,1
536695,5.833333333333333,6,2667.0,3,3,3,9,False,Champions,Loyalty rewards + quarterly exclusive offers + referral bonus,2
536763,6.5,2,222.0,2,1,1,4,False,About to Sleep,Re-engagement: 18% off + free hotel voucher + last-chance exclusive,4
536764,7.0,5,2575.0,2,3,3,8,False,Loyal Customers,Free checked bag + 10% loyalty discount + priority service,2
536782,7.5,4,1381.0,2,3,2,7,False,Loyal Customers,Free checked bag + 10% loyalty discount + priority service,2
536791,7.0,3,864.0,2,2,2,6,False,Need Attention,Engagement bonus: 12% off + free baggage + loyalty enrolment incentive,3
536810,8.0,4,2954.0,1,3,3,7,False,Do Not Lose,Win-back: 18% off next 3 bookings + free upgrade + personalised re-engagement,1
536843,5.333333333333333,4,3136.0,3,3,3,9,False,Champions,Loyalty rewards + quarterly exclusive offers + referral bonus,2
536876,5.0,1,224.0,3,1,1,5,False,Promising (Growth),First-booking incentive: 12% off + free cancellation on first 2 bookings,4
536893,9.0,2,1440.0,1,1,2,4,False,Hibernating,Soft re-engagement: 10% off + new feature notification (minimal investment),5
536951,6.8,5,1056.0,2,3,2,7,False,Loyal Customers,Free checked bag + 10% loyalty discount + priority service,2
536964,10.0,1,81.0,1,1,1,3,False,Hibernating,Soft re-engagement: 10% off + new feature notification (minimal investment),5
536995,114.5,2,1974.0,1,1,2,4,False,Hibernating,Soft re-engagement: 10% off + new feature notification (minimal investment),5
537038,6.0,1,104.0,3,1,1,5,False,Promising (Growth),First-booking incentive: 12% off + free cancellation on first 2 bookings,4
537066,7.6,6,1257.6,1,3,2,6,False,Do Not Lose,Win-back: 18% off next 3 bookings + free upgrade + personalised re-engagement,1
537098,13.0,1,254.0,1,1,1,3,False,Hibernating,Soft re-engagement: 10% off + new feature notification (minimal investment),5
537121,8.0,1,0.0,1,1,1,3,False,Hibernating,Soft re-engagement: 10% off + new feature notification (minimal investment),5
537123,7.333333333333333,3,11974.0,2,2,3,7,False,Need Attention,Engagement bonus: 12% off + free baggage + loyalty enrolment incentive,3
537177,6.0,1,0.0,3,1,1,5,False,Promising (Growth),First-booking incentive: 12% off + free cancellation on first 2 bookings,4
537181,7.0,5,3704.95,2,3,3,8,False,Loyal Customers,Free checked bag + 10% loyalty discount + priority service,2
537212,4.0,2,303.45,3,1,1,5,False,Promising (Growth),First-booking incentive: 12% off + free cancellation on first 2 bookings,4
537227,7.0,1,131.0,2,1,1,4,False,About to Sleep,Re-engagement: 18% off + free hotel voucher + last-chance exclusive,4
537289,7.333333333333333,4,2277.0,2,3,3,8,False,Loyal Customers,Free checked bag + 10% loyalty discount + priority service,2
537317,7.0,4,2474.0,2,3,3,8,False,Loyal Customers,Free checked bag + 10% loyalty discount + priority service,2
537373,6.8,5,2595.1,2,3,3,8,False,Loyal Customers,Free checked bag + 10% loyalty discount + priority service,2
537393,6.25,4,1564.5,2,3,2,7,False,Loyal Customers,Free checked bag + 10% loyalty discount + priority service,2
537400,0.0,2,5120.0,3,1,3,7,False,Promising (High-Value),Tiered loyalty benefits + early access to sales + free cancellation (2 bookings),1
537412,8.333333333333332,4,2727.0,1,3,3,7,False,Do Not Lose,Win-back: 18% off next 3 bookings + free upgrade + personalised re-engagement,1
537413,6.0,3,340.0,3,2,1,6,False,Potential Champions,Frequency incentive: 10% off next 5 bookings + bundle deals + exclusive previews,3
537414,7.0,3,2517.0,2,2,3,7,False,Need Attention,Engagement bonus: 12% off + free baggage + loyalty enrolment incentive,3
537470,0.0,2,599.9,3,1,1,5,False,Promising (Growth),First-booking incentive: 12% off + free cancellation on first 2 bookings,4
537481,0.0,1,406.6,3,1,1,5,False,Promising (Growth),First-booking incentive: 12% off + free cancellation on first 2 bookings,4
537507,280.0,3,4992.0,1,2,3,6,False,At Risk (High Value),Aggressive win-back: 22% off + lounge access + concierge outreach,1
537560,7.2,6,1463.6,2,3,2,7,False,Loyal Customers,Free checked bag + 10% loyalty discount + priority service,2
537580,5.0,4,5628.6,3,3,3,9,False,Champions,Loyalty rewards + quarterly exclusive offers + referral bonus,2
537586,6.666666666666666,3,849.6,2,2,2,6,False,Need Attention,Engagement bonus: 12% off + free baggage + loyalty enrolment incentive,3
537595,7.25,4,518.1,2,3,1,6,False,Loyal Customers,Free checked bag + 10% loyalty discount + priority service,2
537659,0.0,1,286.0,3,1,1,5,False,Promising (Growth),First-booking incentive: 12% off + free cancellation on first 2 bookings,4
537671,6.666666666666666,3,1206.2,2,2,2,6,False,Need Attention,Engagement bonus: 12% off + free baggage + loyalty enrolment incentive,3
537676,9.33333333333333,4,2326.0,1,3,3,7,False,Do Not Lose,Win-back: 18% off next 3 bookings + free upgrade + personalised re-engagement,1
537688,9.0,1,197.0,1,1,1,3,False,Hibernating,Soft re-engagement: 10% off + new feature notification (minimal investment),5
537723,6.0,1,200.0,3,1,1,5,False,Promising (Growth),First-booking incentive: 12% off + free cancellation on first 2 bookings,4
537725,11.0,2,390.5,1,1,1,3,False,Hibernating,Soft re-engagement: 10% off + new feature notification (minimal investment),5
537748,7.8,6,5663.0,1,3,3,7,False,Do Not Lose,Win-back: 18% off next 3 bookings + free upgrade + personalised re-engagement,1
537770,6.666666666666666,4,1448.6,2,3,2,7,False,Loyal Customers,Free checked bag + 10% loyalty discount + priority service,2
537776,0.0,2,2768.0,3,1,3,7,False,Promising (High-Value),Tiered loyalty benefits + early access to sales + free cancellation (2 bookings),1
537795,11.0,1,0.0,1,1,1,3,False,Hibernating,Soft re-engagement: 10% off + new feature notification (minimal investment),5
537804,4.0,1,248.0,3,1,1,5,False,Promising (Growth),First-booking incentive: 12% off + free cancellation on first 2 bookings,4
537818,7.0,3,4698.0,2,2,3,7,False,Need Attention,Engagement bonus: 12% off + free baggage + loyalty enrolment incentive,3
537819,7.666666666666665,4,3174.6,1,3,3,7,False,Do Not Lose,Win-back: 18% off next 3 bookings + free upgrade + personalised re-engagement,1
537834,5.5,2,160.0,3,1,1,5,False,Promising (Growth),First-booking incentive: 12% off + free cancellation on first 2 bookings,4
537860,6.0,1,190.0,3,1,1,5,False,Promising (Growth),First-booking incentive: 12% off + free cancellation on first 2 bookings,4
537861,6.0,3,1490.0,3,2,2,7,False,Potential Champions,Frequency incentive: 10% off next 5 bookings + bundle deals + exclusive previews,3
537904,7.25,5,4319.0,2,3,3,8,False,Loyal Customers,Free checked bag + 10% loyalty discount + priority service,2
537922,6.5,3,2486.0,2,2,3,7,False,Need Attention,Engagement bonus: 12% off + free baggage + loyalty enrolment incentive,3
537926,0.0,2,2926.0,3,1,3,7,False,Promising (High-Value),Tiered loyalty benefits + early access to sales + free cancellation (2 bookings),1
537975,0.0,1,360.0,3,1,1,5,False,Promising (Growth),First-booking incentive: 12% off + free cancellation on first 2 bookings,4
538069,7.0,2,2842.0,2,1,3,6,False,About to Sleep,Re-engagement: 18% off + free hotel voucher + last-chance exclusive,4
538074,7.0,5,5890.6,2,3,3,8,False,Loyal Customers,Free checked bag + 10% loyalty discount + priority service,2
538084,5.75,5,3630.0,3,3,3,9,False,Champions,Loyalty rewards + quarterly exclusive offers + referral bonus,2
538108,9.5,2,0.0,1,1,1,3,False,Hibernating,Soft re-engagement: 10% off + new feature notification (minimal investment),5
538112,9.5,2,1014.0,1,1,2,4,False,Hibernating,Soft re-engagement: 10% off + new feature notification (minimal investment),5
538131,9.0,2,592.0,1,1,1,3,False,Hibernating,Soft re-engagement: 10% off + new feature notification (minimal investment),5
538134,9.0,3,3172.0,1,2,3,6,False,At Risk (High Value),Aggressive win-back: 22% off + lounge access + concierge outreach,1
538139,12.0,1,482.4,1,1,1,3,False,Hibernating,Soft re-engagement: 10% off + new feature notification (minimal investment),5
538147,5.666666666666666,3,2481.0,3,2,3,8,False,Potential Champions,Frequency incentive: 10% off next 5 bookings + bundle deals + exclusive previews,3
538167,6.333333333333333,3,1354.0,2,2,2,6,False,Need Attention,Engagement bonus: 12% off + free baggage + loyalty enrolment incentive,3
538188,7.0,4,3397.0,2,3,3,8,False,Loyal Customers,Free checked bag + 10% loyalty discount + priority service,2
538197,7.25,4,818.8,2,3,1,6,False,Loyal Customers,Free checked bag + 10% loyalty discount + priority service,2
538214,7.0,3,1136.0,2,2,2,6,False,Need Attention,Engagement bonus: 12% off + free baggage + loyalty enrolment incentive,3
538216,8.666666666666666,3,850.0,1,2,2,5,False,At Risk,Basic re-engagement: 12% off + flash sale notification,5
538260,6.5,3,3897.0,2,2,3,7,False,Need Attention,Engagement bonus: 12% off + free baggage + loyalty enrolment incentive,3
538270,12.5,2,289.0,1,1,1,3,False,Hibernating,Soft re-engagement: 10% off + new feature notification (minimal investment),5
538274,11.0,1,325.0,1,1,1,3,False,Hibernating,Soft re-engagement: 10% off + new feature notification (minimal investment),5
538279,8.333333333333332,3,2390.65,1,2,3,6,False,At Risk (High Value),Aggressive win-back: 22% off + lounge access + concierge outreach,1
538306,7.0,2,635.0,2,1,1,4,False,About to Sleep,Re-engagement: 18% off + free hotel voucher + last-chance exclusive,4
538319,5.0,3,1886.4,3,2,2,7,False,Potential Champions,Frequency incentive: 10% off next 5 bookings + bundle deals + exclusive previews,3
538321,3.0,2,2835.0,3,1,3,7,False,Promising (High-Value),Tiered loyalty benefits + early access to sales + free cancellation (2 bookings),1
538331,6.5,5,6509.0,2,3,3,8,False,Loyal Customers,Free checked bag + 10% loyalty discount + priority service,2
538349,7.0,5,1903.7,2,3,2,7,False,Loyal Customers,Free checked bag + 10% loyalty discount + priority service,2
538350,5.0,1,528.0,3,1,1,5,False,Promising (Growth),First-booking incentive: 12% off + free cancellation on first 2 bookings,4
538388,6.8,5,1186.0,2,3,2,7,False,Loyal Customers,Free checked bag + 10% loyalty discount + priority service,2
538413,0.0,0,0.0,1,1,1,3,True,Hibernating,Soft re-engagement: 10% off + new feature notification (minimal investment),5
538426,5.0,1,0.0,3,1,1,5,False,Promising (Growth),First-booking incentive: 12% off + free cancellation on first 2 bookings,4
538432,9.5,4,1256.0,1,3,2,6,False,Do Not Lose,Win-back: 18% off next 3 bookings + free upgrade + personalised re-engagement,1
538438,6.333333333333333,3,375.0,2,2,1,5,False,Need Attention,Engagement bonus: 12% off + free baggage + loyalty enrolment incentive,3
538441,5.0,2,1622.0,3,1,2,6,False,Promising (Growth),First-booking incentive: 12% off + free cancellation on first 2 bookings,4
538454,7.5,3,840.0,2,2,2,6,False,Need Attention,Engagement bonus: 12% off + free baggage + loyalty enrolment incentive,3
538457,6.666666666666666,3,1082.2,2,2,2,6,False,Need Attention,Engagement bonus: 12% off + free baggage + loyalty enrolment incentive,3
538458,9.5,4,1213.0,1,3,2,6,False,Do Not Lose,Win-back: 18% off next 3 bookings + free upgrade + personalised re-engagement,1
538463,0.0,0,0.0,1,1,1,3,True,Hibernating,Soft re-engagement: 10% off + new feature notification (minimal investment),5
538489,5.5,3,2348.4,3,2,3,8,False,Potential Champions,Frequency incentive: 10% off next 5 bookings + bundle deals + exclusive previews,3
538511,0.0,0,0.0,1,1,1,3,True,Hibernating,Soft re-engagement: 10% off + new feature notification (minimal investment),5
538522,4.75,4,2633.0,3,3,3,9,False,Champions,Loyalty rewards + quarterly exclusive offers + referral bonus,2
538529,7.666666666666665,3,922.0,1,2,2,5,False,At Risk,Basic re-engagement: 12% off + flash sale notification,5
538538,6.666666666666666,3,1108.0,2,2,2,6,False,Need Attention,Engagement bonus: 12% off + free baggage + loyalty enrolment incentive,3
538608,7.25,4,1155.0,2,3,2,7,False,Loyal Customers,Free checked bag + 10% loyalty discount + priority service,2
538638,6.5,2,1259.0,2,1,2,5,False,About to Sleep,Re-engagement: 18% off + free hotel voucher + last-chance exclusive,4
538641,8.0,1,618.0,1,1,1,3,False,Hibernating,Soft re-engagement: 10% off + new feature notification (minimal investment),5
538666,6.5,2,109.0,2,1,1,4,False,About to Sleep,Re-engagement: 18% off + free hotel voucher + last-chance exclusive,4
538677,9.0,1,0.0,1,1,1,3,False,Hibernating,Soft re-engagement: 10% off + new feature notification (minimal investment),5
538680,7.666666666666665,3,217.0,1,2,1,4,False,At Risk,Basic re-engagement: 12% off + flash sale notification,5
538681,11.0,1,0.0,1,1,1,3,False,Hibernating,Soft re-engagement: 10% off + new feature notification (minimal investment),5
538691,5.666666666666666,4,2540.0,3,3,3,9,False,Champions,Loyalty rewards + quarterly exclusive offers + referral bonus,2
538696,0.0,2,282.0,3,1,1,5,False,Promising (Growth),First-booking incentive: 12% off + free cancellation on first 2 bookings,4
538703,6.0,3,483.0,3,2,1,6,False,Potential Champions,Frequency incentive: 10% off next 5 bookings + bundle deals + exclusive previews,3
538714,11.0,3,1700.0,1,2,2,5,False,At Risk,Basic re-engagement: 12% off + flash sale notification,5
538780,9.33333333333333,3,2236.0,1,2,3,6,False,At Risk (High Value),Aggressive win-back: 22% off + lounge access + concierge outreach,1
538788,4.0,2,540.4,3,1,1,5,False,Promising (Growth),First-booking incentive: 12% off + free cancellation on first 2 bookings,4
538814,6.0,2,55.8,3,1,1,5,False,Promising (Growth),First-booking incentive: 12% off + free cancellation on first 2 bookings,4
538883,5.0,2,816.0,3,1,1,5,False,Promising (Growth),First-booking incentive: 12% off + free cancellation on first 2 bookings,4
538915,9.0,4,187.0,1,3,1,5,False,Do Not Lose,Win-back: 18% off next 3 bookings + free upgrade + personalised re-engagement,1
538919,0.0,0,0.0,1,1,1,3,True,Hibernating,Soft re-engagement: 10% off + new feature notification (minimal investment),5
538944,7.0,5,2617.0,2,3,3,8,False,Loyal Customers,Free checked bag + 10% loyalty discount + priority service,2
538976,6.666666666666666,5,2074.0,2,3,3,8,False,Loyal Customers,Free checked bag + 10% loyalty discount + priority service,2
539008,8.0,3,1252.0,1,2,2,5,False,At Risk,Basic re-engagement: 12% off + flash sale notification,5
539010,12.5,3,4044.0,1,2,3,6,False,At Risk (High Value),Aggressive win-back: 22% off + lounge access + concierge outreach,1
539012,8.0,3,2903.9,1,2,3,6,False,At Risk (High Value),Aggressive win-back: 22% off + lounge access + concierge outreach,1
539093,7.333333333333333,3,1319.65,2,2,2,6,False,Need Attention,Engagement bonus: 12% off + free baggage + loyalty enrolment incentive,3
539105,9.0,1,64.0,1,1,1,3,False,Hibernating,Soft re-engagement: 10% off + new feature notification (minimal investment),5
539135,6.2,5,1118.4,2,3,2,7,False,Loyal Customers,Free checked bag + 10% loyalty discount + priority service,2
539140,6.0,3,818.0,3,2,1,6,False,Potential Champions,Frequency incentive: 10% off next 5 bookings + bundle deals + exclusive previews,3
539146,6.0,1,404.0,3,1,1,5,False,Promising (Growth),First-booking incentive: 12% off + free cancellation on first 2 bookings,4
539209,7.75,4,1572.7,1,3,2,6,False,Do Not Lose,Win-back: 18% off next 3 bookings + free upgrade + personalised re-engagement,1
539221,6.666666666666666,6,10327.0,2,3,3,8,False,Loyal Customers,Free checked bag + 10% loyalty discount + priority service,2
539243,117.33333333333331,3,2915.0,1,2,3,6,False,At Risk (High Value),Aggressive win-back: 22% off + lounge access + concierge outreach,1
539267,6.5,2,228.0,2,1,1,4,False,About to Sleep,Re-engagement: 18% off + free hotel voucher + last-chance exclusive,4
539283,6.0,2,1338.0,3,1,2,6,False,Promising (Growth),First-booking incentive: 12% off + free cancellation on first 2 bookings,4
539300,5.333333333333333,3,161.0,3,2,1,6,False,Potential Champions,Frequency incentive: 10% off next 5 bookings + bundle deals + exclusive previews,3
539304,0.0,2,2232.0,3,1,3,7,False,Promising (High-Value),Tiered loyalty benefits + early access to sales + free cancellation (2 bookings),1
539307,0.0,0,0.0,1,1,1,3,True,Hibernating,Soft re-engagement: 10% off + new feature notification (minimal investment),5
539315,5.333333333333333,3,1530.0,3,2,2,7,False,Potential Champions,Frequency incentive: 10% off next 5 bookings + bundle deals + exclusive previews,3
539317,6.75,5,3707.7,2,3,3,8,False,Loyal Customers,Free checked bag + 10% loyalty discount + priority service,2
539320,10.333333333333332,5,4100.0,1,3,3,7,False,Do Not Lose,Win-back: 18% off next 3 bookings + free upgrade + personalised re-engagement,1
539337,7.0,3,3015.0,2,2,3,7,False,Need Attention,Engagement bonus: 12% off + free baggage + loyalty enrolment incentive,3
539338,6.666666666666666,3,687.0,2,2,1,5,False,Need Attention,Engagement bonus: 12% off + free baggage + loyalty enrolment incentive,3
539384,8.5,2,470.0,1,1,1,3,False,Hibernating,Soft re-engagement: 10% off + new feature notification (minimal investment),5
539414,11.0,3,3428.5,1,2,3,6,False,At Risk (High Value),Aggressive win-back: 22% off + lounge access + concierge outreach,1
539426,8.0,3,3062.0,1,2,3,6,False,At Risk (High Value),Aggressive win-back: 22% off + lounge access + concierge outreach,1
539453,0.0,1,1024.0,3,1,2,6,False,Promising (Growth),First-booking incentive: 12% off + free cancellation on first 2 bookings,4
539460,9.33333333333333,3,263.0,1,2,1,4,False,At Risk,Basic re-engagement: 12% off + flash sale notification,5
539493,0.0,0,0.0,1,1,1,3,True,Hibernating,Soft re-engagement: 10% off + new feature notification (minimal investment),5
539510,6.333333333333333,4,2389.4,2,3,3,8,False,Loyal Customers,Free checked bag + 10% loyalty discount + priority service,2
539519,6.0,3,1215.0,3,2,2,7,False,Potential Champions,Frequency incentive: 10% off next 5 bookings + bundle deals + exclusive previews,3
539528,6.0,3,1532.0,3,2,2,7,False,Potential Champions,Frequency incentive: 10% off next 5 bookings + bundle deals + exclusive previews,3
539542,196.0,2,6996.0,1,1,3,5,False,Hibernating,Soft re-engagement: 10% off + new feature notification (minimal investment),5
539558,7.5,4,2361.0,2,3,3,8,False,Loyal Customers,Free checked bag + 10% loyalty discount + priority service,2
539566,129.0,2,800.0,1,1,1,3,False,Hibernating,Soft re-engagement: 10% off + new feature notification (minimal investment),5
539611,8.0,3,835.0,1,2,2,5,False,At Risk,Basic re-engagement: 12% off + flash sale notification,5
539625,5.0,2,442.0,3,1,1,5,False,Promising (Growth),First-booking incentive: 12% off + free cancellation on first 2 bookings,4
539627,7.5,2,474.0,2,1,1,4,False,About to Sleep,Re-engagement: 18% off + free hotel voucher + last-chance exclusive,4
539637,7.5,4,4902.75,2,3,3,8,False,Loyal Customers,Free checked bag + 10% loyalty discount + priority service,2
539648,3.6666666666666665,4,1880.0,3,3,2,8,False,Champions,Loyalty rewards + quarterly exclusive offers + referral bonus,2
539656,0.0,1,680.0,3,1,1,5,False,Promising (Growth),First-booking incentive: 12% off + free cancellation on first 2 bookings,4
539669,6.0,2,914.4,3,1,2,6,False,Promising (Growth),First-booking incentive: 12% off + free cancellation on first 2 bookings,4
539671,4.0,1,312.0,3,1,1,5,False,Promising (Growth),First-booking incentive: 12% off + free cancellation on first 2 bookings,4
539710,6.25,4,22610.4,2,3,3,8,False,Loyal Customers,Free checked bag + 10% loyalty discount + priority service,2
539729,5.0,1,1520.0,3,1,2,6,False,Promising (Growth),First-booking incentive: 12% off + free cancellation on first 2 bookings,4
539782,6.0,1,0.0,3,1,1,5,False,Promising (Growth),First-booking incentive: 12% off + free cancellation on first 2 bookings,4
539794,7.25,4,3139.0,2,3,3,8,False,Loyal Customers,Free checked bag + 10% loyalty discount + priority service,2
539855,7.0,2,831.0,2,1,1,4,False,About to Sleep,Re-engagement: 18% off + free hotel voucher + last-chance exclusive,4
539864,6.0,4,4508.0,3,3,3,9,False,Champions,Loyalty rewards + quarterly exclusive offers + referral bonus,2
539866,0.0,0,0.0,1,1,1,3,True,Hibernating,Soft re-engagement: 10% off + new feature notification (minimal investment),5
539868,8.666666666666666,3,780.0,1,2,1,4,False,At Risk,Basic re-engagement: 12% off + flash sale notification,5
539883,9.5,5,1873.0,1,3,2,6,False,Do Not Lose,Win-back: 18% off next 3 bookings + free upgrade + personalised re-engagement,1
539888,0.0,1,1288.0,3,1,2,6,False,Promising (Growth),First-booking incentive: 12% off + free cancellation on first 2 bookings,4
539899,196.0,1,0.0,1,1,1,3,False,Hibernating,Soft re-engagement: 10% off + new feature notification (minimal investment),5
539912,6.4,5,2160.0,2,3,3,8,False,Loyal Customers,Free checked bag + 10% loyalty discount + priority service,2
539916,7.5,3,1848.0,2,2,2,6,False,Need Attention,Engagement bonus: 12% off + free baggage + loyalty enrolment incentive,3
539917,7.75,4,816.0,1,3,1,5,False,Do Not Lose,Win-back: 18% off next 3 bookings + free upgrade + personalised re-engagement,1
539919,0.0,2,2262.0,3,1,3,7,False,Promising (High-Value),Tiered loyalty benefits + early access to sales + free cancellation (2 bookings),1
539936,5.0,2,901.0,3,1,2,6,False,Promising (Growth),First-booking incentive: 12% off + free cancellation on first 2 bookings,4
539953,7.5,2,920.0,2,1,2,5,False,About to Sleep,Re-engagement: 18% off + free hotel voucher + last-chance exclusive,4
539962,0.0,0,0.0,1,1,1,3,True,Hibernating,Soft re-engagement: 10% off + new feature notification (minimal investment),5
540014,6.666666666666666,3,142.0,2,2,1,5,False,Need Attention,Engagement bonus: 12% off + free baggage + loyalty enrolment incentive,3
540029,115.0,2,2820.0,1,1,3,5,False,Hibernating,Soft re-engagement: 10% off + new feature notification (minimal investment),5
540043,0.0,0,0.0,1,1,1,3,True,Hibernating,Soft re-engagement: 10% off + new feature notification (minimal investment),5
540094,9.0,3,198.0,1,2,1,4,False,At Risk,Basic re-engagement: 12% off + flash sale notification,5
540138,0.0,1,988.2,3,1,2,6,False,Promising (Growth),First-booking incentive: 12% off + free cancellation on first 2 bookings,4
540147,6.2,5,3682.4,2,3,3,8,False,Loyal Customers,Free checked bag + 10% loyalty discount + priority service,2
540150,5.5,2,924.0,3,1,2,6,False,Promising (Growth),First-booking incentive: 12% off + free cancellation on first 2 bookings,4
540180,7.0,5,4269.0,2,3,3,8,False,Loyal Customers,Free checked bag + 10% loyalty discount + priority service,2
540199,7.0,3,798.8,2,2,1,5,False,Need Attention,Engagement bonus: 12% off + free baggage + loyalty enrolment incentive,3
540226,0.0,0,0.0,1,1,1,3,True,Hibernating,Soft re-engagement: 10% off + new feature notification (minimal investment),5
540244,7.0,4,1027.6,2,3,2,7,False,Loyal Customers,Free checked bag + 10% loyalty discount + priority service,2
540252,8.0,2,2400.0,1,1,3,5,False,Hibernating,Soft re-engagement: 10% off + new feature notification (minimal investment),5
540253,5.0,1,568.0,3,1,1,5,False,Promising (Growth),First-booking incentive: 12% off + free cancellation on first 2 bookings,4
540260,5.0,3,778.0,3,2,1,6,False,Potential Champions,Frequency incentive: 10% off next 5 bookings + bundle deals + exclusive previews,3
540302,5.25,5,2155.85,3,3,3,9,False,Champions,Loyalty rewards + quarterly exclusive offers + referral bonus,2
540306,4.333333333333333,3,919.0,3,2,2,7,False,Potential Champions,Frequency incentive: 10% off next 5 bookings + bundle deals + exclusive previews,3
540308,4.0,1,0.0,3,1,1,5,False,Promising (Growth),First-booking incentive: 12% off + free cancellation on first 2 bookings,4
540319,7.333333333333333,3,73.0,2,2,1,5,False,Need Attention,Engagement bonus: 12% off + free baggage + loyalty enrolment incentive,3
540347,7.166666666666666,6,2088.9,2,3,3,8,False,Loyal Customers,Free checked bag + 10% loyalty discount + priority service,2
540348,6.0,2,280.0,3,1,1,5,False,Promising (Growth),First-booking incentive: 12% off + free cancellation on first 2 bookings,4
540413,8.0,2,402.0,1,1,1,3,False,Hibernating,Soft re-engagement: 10% off + new feature notification (minimal investment),5
540415,5.5,2,785.0,3,1,1,5,False,Promising (Growth),First-booking incentive: 12% off + free cancellation on first 2 bookings,4
540444,8.333333333333332,4,2496.8,1,3,3,7,False,Do Not Lose,Win-back: 18% off next 3 bookings + free upgrade + personalised re-engagement,1
540455,5.5,2,1366.2,3,1,2,6,False,Promising (Growth),First-booking incentive: 12% off + free cancellation on first 2 bookings,4
540475,6.0,2,3880.4,3,1,3,7,False,Promising (High-Value),Tiered loyalty benefits + early access to sales + free cancellation (2 bookings),1
540502,6.666666666666666,4,2322.0,2,3,3,8,False,Loyal Customers,Free checked bag + 10% loyalty discount + priority service,2
540527,7.25,4,884.0,2,3,2,7,False,Loyal Customers,Free checked bag + 10% loyalty discount + priority service,2
540557,6.0,4,1206.2,3,3,2,8,False,Champions,Loyalty rewards + quarterly exclusive offers + referral bonus,2
540572,40.0,6,11597.0,1,3,3,7,False,Do Not Lose,Win-back: 18% off next 3 bookings + free upgrade + personalised re-engagement,1
540580,5.666666666666666,4,1410.0,3,3,2,8,False,Champions,Loyalty rewards + quarterly exclusive offers + referral bonus,2
540597,6.5,2,416.0,2,1,1,4,False,About to Sleep,Re-engagement: 18% off + free hotel voucher + last-chance exclusive,4
540605,12.0,1,977.55,1,1,2,4,False,Hibernating,Soft re-engagement: 10% off + new feature notification (minimal investment),5
540614,5.666666666666666,3,1245.2,3,2,2,7,False,Potential Champions,Frequency incentive: 10% off next 5 bookings + bundle deals + exclusive previews,3
540622,5.333333333333333,3,2750.0,3,2,3,8,False,Potential Champions,Frequency incentive: 10% off next 5 bookings + bundle deals + exclusive previews,3
540642,0.0,1,756.0,3,1,1,5,False,Promising (Growth),First-booking incentive: 12% off + free cancellation on first 2 bookings,4
540652,0.0,0,0.0,1,1,1,3,True,Hibernating,Soft re-engagement: 10% off + new feature notification (minimal investment),5
540653,0.0,1,1385.0,3,1,2,6,False,Promising (Growth),First-booking incentive: 12% off + free cancellation on first 2 bookings,4
540654,8.5,4,2389.0,1,3,3,7,False,Do Not Lose,Win-back: 18% off next 3 bookings + free upgrade + personalised re-engagement,1
540656,6.6,6,4344.6,2,3,3,8,False,Loyal Customers,Free checked bag + 10% loyalty discount + priority service,2
540664,7.0,2,705.0,2,1,1,4,False,About to Sleep,Re-engagement: 18% off + free hotel voucher + last-chance exclusive,4
540666,8.5,2,435.0,1,1,1,3,False,Hibernating,Soft re-engagement: 10% off + new feature notification (minimal investment),5
540698,8.0,3,947.05,1,2,2,5,False,At Risk,Basic re-engagement: 12% off + flash sale notification,5
540708,7.666666666666665,4,3035.0,1,3,3,7,False,Do Not Lose,Win-back: 18% off next 3 bookings + free upgrade + personalised re-engagement,1
540718,7.5,3,2408.0,2,2,3,7,False,Need Attention,Engagement bonus: 12% off + free baggage + loyalty enrolment incentive,3
540733,5.666666666666666,4,2489.5,3,3,3,9,False,Champions,Loyalty rewards + quarterly exclusive offers + referral bonus,2
540777,0.0,1,2822.4,3,1,3,7,False,Promising (High-Value),Tiered loyalty benefits + early access to sales + free cancellation (2 bookings),1
540819,5.333333333333333,3,624.5,3,2,1,6,False,Potential Champions,Frequency incentive: 10% off next 5 bookings + bundle deals + exclusive previews,3
540837,5.0,1,106.0,3,1,1,5,False,Promising (Growth),First-booking incentive: 12% off + free cancellation on first 2 bookings,4
540857,0.0,0,0.0,1,1,1,3,True,Hibernating,Soft re-engagement: 10% off + new feature notification (minimal investment),5
540863,280.0,2,1880.0,1,1,2,4,False,Hibernating,Soft re-engagement: 10% off + new feature notification (minimal investment),5
540924,0.0,3,4157.0,3,2,3,8,False,Potential Champions,Frequency incentive: 10% off next 5 bookings + bundle deals + exclusive previews,3
540941,365.0,2,239.0,1,1,1,3,False,Hibernating,Soft re-engagement: 10% off + new feature notification (minimal investment),5
540966,0.0,0,0.0,1,1,1,3,True,Hibernating,Soft re-engagement: 10% off + new feature notification (minimal investment),5
540973,6.333333333333333,3,153.0,2,2,1,5,False,Need Attention,Engagement bonus: 12% off + free baggage + loyalty enrolment incentive,3
540974,6.0,2,609.0,3,1,1,5,False,Promising (Growth),First-booking incentive: 12% off + free cancellation on first 2 bookings,4
541001,6.5,2,282.0,2,1,1,4,False,About to Sleep,Re-engagement: 18% off + free hotel voucher + last-chance exclusive,4
541034,0.0,1,1021.5,3,1,2,6,False,Promising (Growth),First-booking incentive: 12% off + free cancellation on first 2 bookings,4
541040,8.0,2,1133.0,1,1,2,4,False,Hibernating,Soft re-engagement: 10% off + new feature notification (minimal investment),5
541041,5.0,1,1650.0,3,1,2,6,False,Promising (Growth),First-booking incentive: 12% off + free cancellation on first 2 bookings,4
541047,0.0,1,3744.0,3,1,3,7,False,Promising (High-Value),Tiered loyalty benefits + early access to sales + free cancellation (2 bookings),1
541061,6.0,2,1544.0,3,1,2,6,False,Promising (Growth),First-booking incentive: 12% off + free cancellation on first 2 bookings,4
541083,6.0,1,205.7,3,1,1,5,False,Promising (Growth),First-booking incentive: 12% off + free cancellation on first 2 bookings,4
541084,8.0,5,5399.4,1,3,3,7,False,Do Not Lose,Win-back: 18% off next 3 bookings + free upgrade + personalised re-engagement,1
541112,7.0,4,2108.0,2,3,3,8,False,Loyal Customers,Free checked bag + 10% loyalty discount + priority service,2
541132,0.0,0,0.0,1,1,1,3,True,Hibernating,Soft re-engagement: 10% off + new feature notification (minimal investment),5
541150,8.5,3,2731.0,1,2,3,6,False,At Risk (High Value),Aggressive win-back: 22% off + lounge access + concierge outreach,1
541162,9.75,4,632.0,1,3,1,5,False,Do Not Lose,Win-back: 18% off next 3 bookings + free upgrade + personalised re-engagement,1
541168,6.6,6,2033.0,2,3,2,7,False,Loyal Customers,Free checked bag + 10% loyalty discount + priority service,2
541176,5.0,3,1107.3,3,2,2,7,False,Potential Champions,Frequency incentive: 10% off next 5 bookings + bundle deals + exclusive previews,3
541193,0.0,0,0.0,1,1,1,3,True,Hibernating,Soft re-engagement: 10% off + new feature notification (minimal investment),5
541216,6.0,1,258.0,3,1,1,5,False,Promising (Growth),First-booking incentive: 12% off + free cancellation on first 2 bookings,4
541224,8.5,2,498.0,1,1,1,3,False,Hibernating,Soft re-engagement: 10% off + new feature notification (minimal investment),5
541235,6.4,5,1735.9,2,3,2,7,False,Loyal Customers,Free checked bag + 10% loyalty discount + priority service,2
541236,0.0,0,0.0,1,1,1,3,True,Hibernating,Soft re-engagement: 10% off + new feature notification (minimal investment),5
541240,11.0,2,588.8,1,1,1,3,False,Hibernating,Soft re-engagement: 10% off + new feature notification (minimal investment),5
541249,7.5,3,5548.0,2,2,3,7,False,Need Attention,Engagement bonus: 12% off + free baggage + loyalty enrolment incentive,3
541259,6.25,5,2568.8,2,3,3,8,False,Loyal Customers,Free checked bag + 10% loyalty discount + priority service,2
541262,8.333333333333332,3,912.4,1,2,2,5,False,At Risk,Basic re-engagement: 12% off + flash sale notification,5
541282,0.0,1,1232.0,3,1,2,6,False,Promising (Growth),First-booking incentive: 12% off + free cancellation on first 2 bookings,4
541289,6.25,4,2704.8,2,3,3,8,False,Loyal Customers,Free checked bag + 10% loyalty discount + priority service,2
541326,9.5,2,413.0,1,1,1,3,False,Hibernating,Soft re-engagement: 10% off + new feature notification (minimal investment),5
541352,6.0,2,2622.0,3,1,3,7,False,Promising (High-Value),Tiered loyalty benefits + early access to sales + free cancellation (2 bookings),1
541357,40.5,4,1054.4,1,3,2,6,False,Do Not Lose,Win-back: 18% off next 3 bookings + free upgrade + personalised re-engagement,1
541382,8.2,5,1330.6,1,3,2,6,False,Do Not Lose,Win-back: 18% off next 3 bookings + free upgrade + personalised re-engagement,1
541389,7.4,5,1068.0,2,3,2,7,False,Loyal Customers,Free checked bag + 10% loyalty discount + priority service,2
541438,7.0,2,520.0,2,1,1,4,False,About to Sleep,Re-engagement: 18% off + free hotel voucher + last-chance exclusive,4
541454,6.8,5,3012.0,2,3,3,8,False,Loyal Customers,Free checked bag + 10% loyalty discount + priority service,2
541497,0.0,0,0.0,1,1,1,3,True,Hibernating,Soft re-engagement: 10% off + new feature notification (minimal investment),5
541505,8.333333333333332,3,997.0,1,2,2,5,False,At Risk,Basic re-engagement: 12% off + flash sale notification,5
541516,6.0,3,1760.0,3,2,2,7,False,Potential Champions,Frequency incentive: 10% off next 5 bookings + bundle deals + exclusive previews,3
541539,0.0,0,0.0,1,1,1,3,True,Hibernating,Soft re-engagement: 10% off + new feature notification (minimal investment),5
541540,6.75,4,2961.0,2,3,3,8,False,Loyal Customers,Free checked bag + 10% loyalty discount + priority service,2
541612,7.2,5,746.0,2,3,1,6,False,Loyal Customers,Free checked bag + 10% loyalty discount + priority service,2
541649,4.0,6,2182.6,3,3,3,9,False,Champions,Loyalty rewards + quarterly exclusive offers + referral bonus,2
541672,6.25,4,2035.0,2,3,2,7,False,Loyal Customers,Free checked bag + 10% loyalty discount + priority service,2
541699,7.6,6,10211.3,1,3,3,7,False,Do Not Lose,Win-back: 18% off next 3 bookings + free upgrade + personalised re-engagement,1
541700,8.0,2,1416.0,1,1,2,4,False,Hibernating,Soft re-engagement: 10% off + new feature notification (minimal investment),5
541734,5.0,3,822.8,3,2,1,6,False,Potential Champions,Frequency incentive: 10% off next 5 bookings + bundle deals + exclusive previews,3
541735,0.0,1,2624.0,3,1,3,7,False,Promising (High-Value),Tiered loyalty benefits + early access to sales + free cancellation (2 bookings),1
541752,7.5,4,2155.0,2,3,3,8,False,Loyal Customers,Free checked bag + 10% loyalty discount + priority service,2
541764,5.0,3,1743.0,3,2,2,7,False,Potential Champions,Frequency incentive: 10% off next 5 bookings + bundle deals + exclusive previews,3
541812,7.4,6,3963.0,2,3,3,8,False,Loyal Customers,Free checked bag + 10% loyalty discount + priority service,2
541878,10.0,2,3099.0,1,1,3,5,False,Hibernating,Soft re-engagement: 10% off + new feature notification (minimal investment),5
541901,7.6,6,7158.1,1,3,3,7,False,Do Not Lose,Win-back: 18% off next 3 bookings + free upgrade + personalised re-engagement,1
541906,6.0,3,816.0,3,2,1,6,False,Potential Champions,Frequency incentive: 10% off next 5 bookings + bundle deals + exclusive previews,3
541921,4.0,2,225.0,3,1,1,5,False,Promising (Growth),First-booking incentive: 12% off + free cancellation on first 2 bookings,4
541923,5.0,3,3580.8,3,2,3,8,False,Potential Champions,Frequency incentive: 10% off next 5 bookings + bundle deals + exclusive previews,3
541931,7.0,4,3814.0,2,3,3,8,False,Loyal Customers,Free checked bag + 10% loyalty discount + priority service,2
541939,7.0,4,2628.0,2,3,3,8,False,Loyal Customers,Free checked bag + 10% loyalty discount + priority service,2
541967,6.75,4,1832.0,2,3,2,7,False,Loyal Customers,Free checked bag + 10% loyalty discount + priority service,2
541972,6.5,2,4514.0,2,1,3,6,False,About to Sleep,Re-engagement: 18% off + free hotel voucher + last-chance exclusive,4
541980,6.0,1,763.8,3,1,1,5,False,Promising (Growth),First-booking incentive: 12% off + free cancellation on first 2 bookings,4
541988,0.0,0,0.0,1,1,1,3,True,Hibernating,Soft re-engagement: 10% off + new feature notification (minimal investment),5
541998,4.0,3,1004.0,3,2,2,7,False,Potential Champions,Frequency incentive: 10% off next 5 bookings + bundle deals + exclusive previews,3
541999,0.0,2,5241.0,3,1,3,7,False,Promising (High-Value),Tiered loyalty benefits + early access to sales + free cancellation (2 bookings),1
542012,7.0,3,1655.0,2,2,2,6,False,Need Attention,Engagement bonus: 12% off + free baggage + loyalty enrolment incentive,3
542015,6.25,6,4362.6,2,3,3,8,False,Loyal Customers,Free checked bag + 10% loyalty discount + priority service,2
542027,6.333333333333333,4,2528.0,2,3,3,8,False,Loyal Customers,Free checked bag + 10% loyalty discount + priority service,2
542036,6.5,2,402.0,2,1,1,4,False,About to Sleep,Re-engagement: 18% off + free hotel voucher + last-chance exclusive,4
542056,0.0,1,2365.0,3,1,3,7,False,Promising (High-Value),Tiered loyalty benefits + early access to sales + free cancellation (2 bookings),1
542059,6.666666666666666,3,195.0,2,2,1,5,False,Need Attention,Engagement bonus: 12% off + free baggage + loyalty enrolment incentive,3
542065,4.0,1,723.6,3,1,1,5,False,Promising (Growth),First-booking incentive: 12% off + free cancellation on first 2 bookings,4
542080,5.666666666666666,3,2272.0,3,2,3,8,False,Potential Champions,Frequency incentive: 10% off next 5 bookings + bundle deals + exclusive previews,3
542095,0.0,0,0.0,1,1,1,3,True,Hibernating,Soft re-engagement: 10% off + new feature notification (minimal investment),5
542142,75.75,5,9519.0,1,3,3,7,False,Do Not Lose,Win-back: 18% off next 3 bookings + free upgrade + personalised re-engagement,1
542153,6.5,2,1123.0,2,1,2,5,False,About to Sleep,Re-engagement: 18% off + free hotel voucher + last-chance exclusive,4
542189,6.0,1,268.2,3,1,1,5,False,Promising (Growth),First-booking incentive: 12% off + free cancellation on first 2 bookings,4
542194,7.666666666666665,3,210.0,1,2,1,4,False,At Risk,Basic re-engagement: 12% off + flash sale notification,5
542196,8.0,2,1536.0,1,1,2,4,False,Hibernating,Soft re-engagement: 10% off + new feature notification (minimal investment),5
542208,6.8,5,2864.0,2,3,3,8,False,Loyal Customers,Free checked bag + 10% loyalty discount + priority service,2
542230,8.0,1,3000.0,1,1,3,5,False,Hibernating,Soft re-engagement: 10% off + new feature notification (minimal investment),5
542254,6.0,2,486.0,3,1,1,5,False,Promising (Growth),First-booking incentive: 12% off + free cancellation on first 2 bookings,4
542267,0.0,0,0.0,1,1,1,3,True,Hibernating,Soft re-engagement: 10% off + new feature notification (minimal investment),5
542270,7.0,3,2058.0,2,2,3,7,False,Need Attention,Engagement bonus: 12% off + free baggage + loyalty enrolment incentive,3
542277,7.0,2,1478.0,2,1,2,5,False,About to Sleep,Re-engagement: 18% off + free hotel voucher + last-chance exclusive,4
542282,8.0,4,615.7,1,3,1,5,False,Do Not Lose,Win-back: 18% off next 3 bookings + free upgrade + personalised re-engagement,1
542303,11.0,1,828.0,1,1,1,3,False,Hibernating,Soft re-engagement: 10% off + new feature notification (minimal investment),5
542316,0.0,2,1662.0,3,1,2,6,False,Promising (Growth),First-booking incentive: 12% off + free cancellation on first 2 bookings,4
542326,7.666666666666665,3,833.0,1,2,2,5,False,At Risk,Basic re-engagement: 12% off + flash sale notification,5
542334,7.0,2,8543.0,2,1,3,6,False,About to Sleep,Re-engagement: 18% off + free hotel voucher + last-chance exclusive,4
542358,7.5,3,4335.0,2,2,3,7,False,Need Attention,Engagement bonus: 12% off + free baggage + loyalty enrolment incentive,3
542366,5.666666666666666,3,699.4,3,2,1,6,False,Potential Champions,Frequency incentive: 10% off next 5 bookings + bundle deals + exclusive previews,3
542383,11.333333333333332,3,658.0,1,2,1,4,False,At Risk,Basic re-engagement: 12% off + flash sale notification,5
542418,5.666666666666666,3,989.2,3,2,2,7,False,Potential Champions,Frequency incentive: 10% off next 5 bookings + bundle deals + exclusive previews,3
542451,8.5,2,380.0,1,1,1,3,False,Hibernating,Soft re-engagement: 10% off + new feature notification (minimal investment),5
542471,9.25,4,3440.95,1,3,3,7,False,Do Not Lose,Win-back: 18% off next 3 bookings + free upgrade + personalised re-engagement,1
542482,11.0,1,0.0,1,1,1,3,False,Hibernating,Soft re-engagement: 10% off + new feature notification (minimal investment),5
542570,5.0,1,252.0,3,1,1,5,False,Promising (Growth),First-booking incentive: 12% off + free cancellation on first 2 bookings,4
542585,5.5,3,1674.4,3,2,2,7,False,Potential Champions,Frequency incentive: 10% off next 5 bookings + bundle deals + exclusive previews,3
542605,7.0,1,588.0,2,1,1,4,False,About to Sleep,Re-engagement: 18% off + free hotel voucher + last-chance exclusive,4
542638,0.0,0,0.0,1,1,1,3,True,Hibernating,Soft re-engagement: 10% off + new feature notification (minimal investment),5
542657,6.75,4,417.0,2,3,1,6,False,Loyal Customers,Free checked bag + 10% loyalty discount + priority service,2
542658,8.666666666666666,3,0.0,1,2,1,4,False,At Risk,Basic re-engagement: 12% off + flash sale notification,5
542663,8.8,5,2082.6,1,3,3,7,False,Do Not Lose,Win-back: 18% off next 3 bookings + free upgrade + personalised re-engagement,1
542670,9.5,3,21672.0,1,2,3,6,False,At Risk (High Value),Aggressive win-back: 22% off + lounge access + concierge outreach,1
542706,0.0,1,930.0,3,1,2,6,False,Promising (Growth),First-booking incentive: 12% off + free cancellation on first 2 bookings,4
542752,7.333333333333333,3,959.0,2,2,2,6,False,Need Attention,Engagement bonus: 12% off + free baggage + loyalty enrolment incentive,3
542760,7.25,5,8010.0,2,3,3,8,False,Loyal Customers,Free checked bag + 10% loyalty discount + priority service,2
542767,86.5,2,1587.9,1,1,2,4,False,Hibernating,Soft re-engagement: 10% off + new feature notification (minimal investment),5
542795,7.0,4,857.0,2,3,2,7,False,Loyal Customers,Free checked bag + 10% loyalty discount + priority service,2
542796,4.5,4,95.0,3,3,1,7,False,Champions,Loyalty rewards + quarterly exclusive offers + referral bonus,2
542805,5.25,4,1846.0,3,3,2,8,False,Champions,Loyalty rewards + quarterly exclusive offers + referral bonus,2
542812,0.0,1,908.8,3,1,2,6,False,Promising (Growth),First-booking incentive: 12% off + free cancellation on first 2 bookings,4
542815,0.0,0,0.0,1,1,1,3,True,Hibernating,Soft re-engagement: 10% off + new feature notification (minimal investment),5
542825,5.75,4,1506.0,3,3,2,8,False,Champions,Loyalty rewards + quarterly exclusive offers + referral bonus,2
542843,7.5,2,5118.0,2,1,3,6,False,About to Sleep,Re-engagement: 18% off + free hotel voucher + last-chance exclusive,4
542850,7.75,4,3296.0,1,3,3,7,False,Do Not Lose,Win-back: 18% off next 3 bookings + free upgrade + personalised re-engagement,1
542857,0.0,0,0.0,1,1,1,3,True,Hibernating,Soft re-engagement: 10% off + new feature notification (minimal investment),5
542874,0.0,0,0.0,1,1,1,3,True,Hibernating,Soft re-engagement: 10% off + new feature notification (minimal investment),5
542914,8.5,3,4224.0,1,2,3,6,False,At Risk (High Value),Aggressive win-back: 22% off + lounge access + concierge outreach,1
542918,60.75,4,1916.0,1,3,2,6,False,Do Not Lose,Win-back: 18% off next 3 bookings + free upgrade + personalised re-engagement,1
542937,5.8,5,3707.0,3,3,3,9,False,Champions,Loyalty rewards + quarterly exclusive offers + referral bonus,2
542965,0.0,1,330.0,3,1,1,5,False,Promising (Growth),First-booking incentive: 12% off + free cancellation on first 2 bookings,4
542976,8.0,3,1328.2,1,2,2,5,False,At Risk,Basic re-engagement: 12% off + flash sale notification,5
543008,8.0,1,365.0,1,1,1,3,False,Hibernating,Soft re-engagement: 10% off + new feature notification (minimal investment),5
543038,7.666666666666665,3,652.0,1,2,1,4,False,At Risk,Basic re-engagement: 12% off + flash sale notification,5
543052,5.6,5,565.0,3,3,1,7,False,Champions,Loyalty rewards + quarterly exclusive offers + referral bonus,2
543074,8.0,1,268.0,1,1,1,3,False,Hibernating,Soft re-engagement: 10% off + new feature notification (minimal investment),5
543075,5.0,1,534.0,3,1,1,5,False,Promising (Growth),First-booking incentive: 12% off + free cancellation on first 2 bookings,4
543081,10.0,4,6262.6,1,3,3,7,False,Do Not Lose,Win-back: 18% off next 3 bookings + free upgrade + personalised re-engagement,1
543114,5.75,5,4142.9,3,3,3,9,False,Champions,Loyalty rewards + quarterly exclusive offers + referral bonus,2
543126,5.5,3,1078.5,3,2,2,7,False,Potential Champions,Frequency incentive: 10% off next 5 bookings + bundle deals + exclusive previews,3
543165,7.666666666666665,3,324.9,1,2,1,4,False,At Risk,Basic re-engagement: 12% off + flash sale notification,5
543222,7.5,2,260.0,2,1,1,4,False,About to Sleep,Re-engagement: 18% off + free hotel voucher + last-chance exclusive,4
543237,9.33333333333333,3,1422.0,1,2,2,5,False,At Risk,Basic re-engagement: 12% off + flash sale notification,5
543240,6.0,3,3744.0,3,2,3,8,False,Potential Champions,Frequency incentive: 10% off next 5 bookings + bundle deals + exclusive previews,3
543271,8.0,2,858.0,1,1,2,4,False,Hibernating,Soft re-engagement: 10% off + new feature notification (minimal investment),5
543273,5.666666666666666,5,20158.0,3,3,3,9,False,Champions,Loyalty rewards + quarterly exclusive offers + referral bonus,2
543304,10.0,3,2355.3,1,2,3,6,False,At Risk (High Value),Aggressive win-back: 22% off + lounge access + concierge outreach,1
543306,6.5,3,1273.2,2,2,2,6,False,Need Attention,Engagement bonus: 12% off + free baggage + loyalty enrolment incentive,3
543327,7.5,4,1391.0,2,3,2,7,False,Loyal Customers,Free checked bag + 10% loyalty discount + priority service,2
543339,7.0,3,2774.0,2,2,3,7,False,Need Attention,Engagement bonus: 12% off + free baggage + loyalty enrolment incentive,3
543352,5.666666666666666,4,2521.0,3,3,3,9,False,Champions,Loyalty rewards + quarterly exclusive offers + referral bonus,2
543375,8.75,4,1600.0,1,3,2,6,False,Do Not Lose,Win-back: 18% off next 3 bookings + free upgrade + personalised re-engagement,1
543385,8.8,6,3895.0,1,3,3,7,False,Do Not Lose,Win-back: 18% off next 3 bookings + free upgrade + personalised re-engagement,1
543428,0.0,2,1839.0,3,1,2,6,False,Promising (Growth),First-booking incentive: 12% off + free cancellation on first 2 bookings,4
543437,6.0,2,622.1,3,1,1,5,False,Promising (Growth),First-booking incentive: 12% off + free cancellation on first 2 bookings,4
543476,0.0,1,462.4,3,1,1,5,False,Promising (Growth),First-booking incentive: 12% off + free cancellation on first 2 bookings,4
543497,6.6,5,1618.0,2,3,2,7,False,Loyal Customers,Free checked bag + 10% loyalty discount + priority service,2
543557,7.5,2,594.0,2,1,1,4,False,About to Sleep,Re-engagement: 18% off + free hotel voucher + last-chance exclusive,4
543559,7.0,2,562.2,2,1,1,4,False,About to Sleep,Re-engagement: 18% off + free hotel voucher + last-chance exclusive,4
543618,7.0,1,0.0,2,1,1,4,False,About to Sleep,Re-engagement: 18% off + free hotel voucher + last-chance exclusive,4
543620,0.0,0,0.0,1,1,1,3,True,Hibernating,Soft re-engagement: 10% off + new feature notification (minimal investment),5
543659,6.0,5,1011.0,3,3,2,8,False,Champions,Loyalty rewards + quarterly exclusive offers + referral bonus,2
543660,309.0,2,3757.0,1,1,3,5,False,Hibernating,Soft re-engagement: 10% off + new feature notification (minimal investment),5
543666,5.75,4,1799.0,3,3,2,8,False,Champions,Loyalty rewards + quarterly exclusive offers + referral bonus,2
543668,7.4,5,1598.6,2,3,2,7,False,Loyal Customers,Free checked bag + 10% loyalty discount + priority service,2
543671,8.0,2,1108.8,1,1,2,4,False,Hibernating,Soft re-engagement: 10% off + new feature notification (minimal investment),5
543694,8.0,1,120.0,1,1,1,3,False,Hibernating,Soft re-engagement: 10% off + new feature notification (minimal investment),5
543696,0.0,0,0.0,1,1,1,3,True,Hibernating,Soft re-engagement: 10% off + new feature notification (minimal investment),5
543713,8.5,3,3847.0,1,2,3,6,False,At Risk (High Value),Aggressive win-back: 22% off + lounge access + concierge outreach,1
543716,8.5,4,1744.0,1,3,2,6,False,Do Not Lose,Win-back: 18% off next 3 bookings + free upgrade + personalised re-engagement,1
543723,0.0,0,0.0,1,1,1,3,True,Hibernating,Soft re-engagement: 10% off + new feature notification (minimal investment),5
543728,7.2,5,1938.0,2,3,2,7,False,Loyal Customers,Free checked bag + 10% loyalty discount + priority service,2
543778,5.333333333333333,4,1234.8,3,3,2,8,False,Champions,Loyalty rewards + quarterly exclusive offers + referral bonus,2
543810,8.6,6,1587.9,1,3,2,6,False,Do Not Lose,Win-back: 18% off next 3 bookings + free upgrade + personalised re-engagement,1
543816,0.0,0,0.0,1,1,1,3,True,Hibernating,Soft re-engagement: 10% off + new feature notification (minimal investment),5
543817,11.0,1,112.0,1,1,1,3,False,Hibernating,Soft re-engagement: 10% off + new feature notification (minimal investment),5
543826,6.5,3,1511.0,2,2,2,6,False,Need Attention,Engagement bonus: 12% off + free baggage + loyalty enrolment incentive,3
543885,0.0,1,936.0,3,1,2,6,False,Promising (Growth),First-booking incentive: 12% off + free cancellation on first 2 bookings,4
543900,5.0,2,2878.2,3,1,3,7,False,Promising (High-Value),Tiered loyalty benefits + early access to sales + free cancellation (2 bookings),1
543927,4.666666666666666,3,984.0,3,2,2,7,False,Potential Champions,Frequency incentive: 10% off next 5 bookings + bundle deals + exclusive previews,3
543928,8.0,2,1090.0,1,1,2,4,False,Hibernating,Soft re-engagement: 10% off + new feature notification (minimal investment),5
543937,7.0,3,2299.0,2,2,3,7,False,Need Attention,Engagement bonus: 12% off + free baggage + loyalty enrolment incentive,3
543952,78.0,5,1372.5,1,3,2,6,False,Do Not Lose,Win-back: 18% off next 3 bookings + free upgrade + personalised re-engagement,1
543968,6.166666666666666,6,3565.1,2,3,3,8,False,Loyal Customers,Free checked bag + 10% loyalty discount + priority service,2
543976,6.5,3,1754.0,2,2,2,6,False,Need Attention,Engagement bonus: 12% off + free baggage + loyalty enrolment incentive,3
544002,8.666666666666666,3,578.0,1,2,1,4,False,At Risk,Basic re-engagement: 12% off + flash sale notification,5
544008,7.333333333333333,3,1495.0,2,2,2,6,False,Need Attention,Engagement bonus: 12% off + free baggage + loyalty enrolment incentive,3
544012,9.33333333333333,4,3015.0,1,3,3,7,False,Do Not Lose,Win-back: 18% off next 3 bookings + free upgrade + personalised re-engagement,1
544015,9.0,1,285.0,1,1,1,3,False,Hibernating,Soft re-engagement: 10% off + new feature notification (minimal investment),5
544043,6.0,4,1079.55,3,3,2,8,False,Champions,Loyalty rewards + quarterly exclusive offers + referral bonus,2
544163,6.5,4,6195.0,2,3,3,8,False,Loyal Customers,Free checked bag + 10% loyalty discount + priority service,2
544207,6.666666666666666,4,1693.0,2,3,2,7,False,Loyal Customers,Free checked bag + 10% loyalty discount + priority service,2
544254,9.25,4,2810.0,1,3,3,7,False,Do Not Lose,Win-back: 18% off next 3 bookings + free upgrade + personalised re-engagement,1
544256,13.0,1,288.0,1,1,1,3,False,Hibernating,Soft re-engagement: 10% off + new feature notification (minimal investment),5
544271,10.0,1,0.0,1,1,1,3,False,Hibernating,Soft re-engagement: 10% off + new feature notification (minimal investment),5
544333,0.0,0,0.0,1,1,1,3,True,Hibernating,Soft re-engagement: 10% off + new feature notification (minimal investment),5
544364,0.0,0,0.0,1,1,1,3,True,Hibernating,Soft re-engagement: 10% off + new feature notification (minimal investment),5
544367,7.0,3,692.0,2,2,1,5,False,Need Attention,Engagement bonus: 12% off + free baggage + loyalty enrolment incentive,3
544391,7.0,3,2953.8,2,2,3,7,False,Need Attention,Engagement bonus: 12% off + free baggage + loyalty enrolment incentive,3
544406,9.0,3,1638.0,1,2,2,5,False,At Risk,Basic re-engagement: 12% off + flash sale notification,5
544414,6.333333333333333,3,3496.0,2,2,3,7,False,Need Attention,Engagement bonus: 12% off + free baggage + loyalty enrolment incentive,3
544425,0.0,0,0.0,1,1,1,3,True,Hibernating,Soft re-engagement: 10% off + new feature notification (minimal investment),5
544444,7.5,2,1182.0,2,1,2,5,False,About to Sleep,Re-engagement: 18% off + free hotel voucher + last-chance exclusive,4
544447,10.0,2,134.9,1,1,1,3,False,Hibernating,Soft re-engagement: 10% off + new feature notification (minimal investment),5
544449,7.0,4,6275.8,2,3,3,8,False,Loyal Customers,Free checked bag + 10% loyalty discount + priority service,2
544469,7.666666666666665,3,2116.0,1,2,3,6,False,At Risk (High Value),Aggressive win-back: 22% off + lounge access + concierge outreach,1
544472,0.0,0,0.0,1,1,1,3,True,Hibernating,Soft re-engagement: 10% off + new feature notification (minimal investment),5
544476,8.0,1,124.0,1,1,1,3,False,Hibernating,Soft re-engagement: 10% off + new feature notification (minimal investment),5
544480,8.0,3,411.75,1,2,1,4,False,At Risk,Basic re-engagement: 12% off + flash sale notification,5
544495,7.0,2,1238.0,2,1,2,5,False,About to Sleep,Re-engagement: 18% off + free hotel voucher + last-chance exclusive,4
544497,0.0,1,1328.0,3,1,2,6,False,Promising (Growth),First-booking incentive: 12% off + free cancellation on first 2 bookings,4
544507,0.0,0,0.0,1,1,1,3,True,Hibernating,Soft re-engagement: 10% off + new feature notification (minimal investment),5
544513,6.25,4,961.2,2,3,2,7,False,Loyal Customers,Free checked bag + 10% loyalty discount + priority service,2
544536,0.0,1,882.0,3,1,2,6,False,Promising (Growth),First-booking incentive: 12% off + free cancellation on first 2 bookings,4
544549,6.5,4,2610.0,2,3,3,8,False,Loyal Customers,Free checked bag + 10% loyalty discount + priority service,2
544595,7.0,4,1929.45,2,3,2,7,False,Loyal Customers,Free checked bag + 10% loyalty discount + priority service,2
544604,8.5,2,462.0,1,1,1,3,False,Hibernating,Soft re-engagement: 10% off + new feature notification (minimal investment),5
544627,6.25,4,1039.0,2,3,2,7,False,Loyal Customers,Free checked bag + 10% loyalty discount + priority service,2
544640,7.6,5,3411.0,1,3,3,7,False,Do Not Lose,Win-back: 18% off next 3 bookings + free upgrade + personalised re-engagement,1
544647,0.0,1,602.0,3,1,1,5,False,Promising (Growth),First-booking incentive: 12% off + free cancellation on first 2 bookings,4
544680,6.25,4,5156.0,2,3,3,8,False,Loyal Customers,Free checked bag + 10% loyalty discount + priority service,2
544683,6.5,4,1540.0,2,3,2,7,False,Loyal Customers,Free checked bag + 10% loyalty discount + priority service,2
544685,6.0,1,348.0,3,1,1,5,False,Promising (Growth),First-booking incentive: 12% off + free cancellation on first 2 bookings,4
544694,5.5,2,720.7,3,1,1,5,False,Promising (Growth),First-booking incentive: 12% off + free cancellation on first 2 bookings,4
544698,0.0,1,635.0,3,1,1,5,False,Promising (Growth),First-booking incentive: 12% off + free cancellation on first 2 bookings,4
544747,6.0,4,2137.5,3,3,3,9,False,Champions,Loyalty rewards + quarterly exclusive offers + referral bonus,2
544749,10.0,1,526.0,1,1,1,3,False,Hibernating,Soft re-engagement: 10% off + new feature notification (minimal investment),5
544818,6.5,2,269.0,2,1,1,4,False,About to Sleep,Re-engagement: 18% off + free hotel voucher + last-chance exclusive,4
544839,6.666666666666666,3,283.0,2,2,1,5,False,Need Attention,Engagement bonus: 12% off + free baggage + loyalty enrolment incentive,3
544868,9.0,2,112.0,1,1,1,3,False,Hibernating,Soft re-engagement: 10% off + new feature notification (minimal investment),5
544926,6.666666666666666,3,1015.5,2,2,2,6,False,Need Attention,Engagement bonus: 12% off + free baggage + loyalty enrolment incentive,3
545010,6.666666666666666,3,688.0,2,2,1,5,False,Need Attention,Engagement bonus: 12% off + free baggage + loyalty enrolment incentive,3
545011,6.5,4,3400.7,2,3,3,8,False,Loyal Customers,Free checked bag + 10% loyalty discount + priority service,2
545012,8.0,3,2432.0,1,2,3,6,False,At Risk (High Value),Aggressive win-back: 22% off + lounge access + concierge outreach,1
545063,0.0,0,0.0,1,1,1,3,True,Hibernating,Soft re-engagement: 10% off + new feature notification (minimal investment),5
545070,6.0,3,3562.0,3,2,3,8,False,Potential Champions,Frequency incentive: 10% off next 5 bookings + bundle deals + exclusive previews,3
545089,0.0,0,0.0,1,1,1,3,True,Hibernating,Soft re-engagement: 10% off + new feature notification (minimal investment),5
545109,4.5,2,1062.0,3,1,2,6,False,Promising (Growth),First-booking incentive: 12% off + free cancellation on first 2 bookings,4
545115,8.0,1,762.0,1,1,1,3,False,Hibernating,Soft re-engagement: 10% off + new feature notification (minimal investment),5
545132,5.0,1,144.9,3,1,1,5,False,Promising (Growth),First-booking incentive: 12% off + free cancellation on first 2 bookings,4
545208,6.0,1,256.0,3,1,1,5,False,Promising (Growth),First-booking incentive: 12% off + free cancellation on first 2 bookings,4
545209,11.5,2,2801.0,1,1,3,5,False,Hibernating,Soft re-engagement: 10% off + new feature notification (minimal investment),5
545226,5.5,3,1935.0,3,2,2,7,False,Potential Champions,Frequency incentive: 10% off next 5 bookings + bundle deals + exclusive previews,3
545247,0.0,1,4908.0,3,1,3,7,False,Promising (High-Value),Tiered loyalty benefits + early access to sales + free cancellation (2 bookings),1
545249,7.0,5,2667.7,2,3,3,8,False,Loyal Customers,Free checked bag + 10% loyalty discount + priority service,2
545264,0.0,0,0.0,1,1,1,3,True,Hibernating,Soft re-engagement: 10% off + new feature notification (minimal investment),5
545272,8.0,1,2698.0,1,1,3,5,False,Hibernating,Soft re-engagement: 10% off + new feature notification (minimal investment),5
545281,0.0,0,0.0,1,1,1,3,True,Hibernating,Soft re-engagement: 10% off + new feature notification (minimal investment),5
545290,5.0,4,796.25,3,3,1,7,False,Champions,Loyalty rewards + quarterly exclusive offers + referral bonus,2
545300,7.4,5,3742.9,2,3,3,8,False,Loyal Customers,Free checked bag + 10% loyalty discount + priority service,2
545317,8.166666666666666,6,2644.6,1,3,3,7,False,Do Not Lose,Win-back: 18% off next 3 bookings + free upgrade + personalised re-engagement,1
545318,6.0,3,2660.0,3,2,3,8,False,Potential Champions,Frequency incentive: 10% off next 5 bookings + bundle deals + exclusive previews,3
545327,5.333333333333333,4,903.0,3,3,2,8,False,Champions,Loyalty rewards + quarterly exclusive offers + referral bonus,2
545344,0.0,1,930.0,3,1,2,6,False,Promising (Growth),First-booking incentive: 12% off + free cancellation on first 2 bookings,4
545345,6.0,1,430.0,3,1,1,5,False,Promising (Growth),First-booking incentive: 12% off + free cancellation on first 2 bookings,4
545360,4.0,2,672.0,3,1,1,5,False,Promising (Growth),First-booking incentive: 12% off + free cancellation on first 2 bookings,4
545375,8.0,2,736.0,1,1,1,3,False,Hibernating,Soft re-engagement: 10% off + new feature notification (minimal investment),5
545399,8.0,1,1386.0,1,1,2,4,False,Hibernating,Soft re-engagement: 10% off + new feature notification (minimal investment),5
545404,6.6,5,1499.0,2,3,2,7,False,Loyal Customers,Free checked bag + 10% loyalty discount + priority service,2
545446,6.0,3,1547.0,3,2,2,7,False,Potential Champions,Frequency incentive: 10% off next 5 bookings + bundle deals + exclusive previews,3
545465,6.0,1,210.0,3,1,1,5,False,Promising (Growth),First-booking incentive: 12% off + free cancellation on first 2 bookings,4
545510,8.5,3,2134.8,1,2,3,6,False,At Risk (High Value),Aggressive win-back: 22% off + lounge access + concierge outreach,1
545518,9.666666666666666,3,1847.0,1,2,2,5,False,At Risk,Basic re-engagement: 12% off + flash sale notification,5
545551,6.25,4,3539.0,2,3,3,8,False,Loyal Customers,Free checked bag + 10% loyalty discount + priority service,2
545577,6.4,5,1523.0,2,3,2,7,False,Loyal Customers,Free checked bag + 10% loyalty discount + priority service,2
545629,7.2,5,1264.0,2,3,2,7,False,Loyal Customers,Free checked bag + 10% loyalty discount + priority service,2
545633,7.333333333333333,3,691.8,2,2,1,5,False,Need Attention,Engagement bonus: 12% off + free baggage + loyalty enrolment incentive,3
545634,9.33333333333333,3,2106.0,1,2,3,6,False,At Risk (High Value),Aggressive win-back: 22% off + lounge access + concierge outreach,1
545652,7.0,3,829.0,2,2,1,5,False,Need Attention,Engagement bonus: 12% off + free baggage + loyalty enrolment incentive,3
545684,4.0,1,178.0,3,1,1,5,False,Promising (Growth),First-booking incentive: 12% off + free cancellation on first 2 bookings,4
545736,9.0,2,1952.0,1,1,2,4,False,Hibernating,Soft re-engagement: 10% off + new feature notification (minimal investment),5
545745,6.5,2,0.0,2,1,1,4,False,About to Sleep,Re-engagement: 18% off + free hotel voucher + last-chance exclusive,4
545748,13.0,2,1205.0,1,1,2,4,False,Hibernating,Soft re-engagement: 10% off + new feature notification (minimal investment),5
545754,0.0,0,0.0,1,1,1,3,True,Hibernating,Soft re-engagement: 10% off + new feature notification (minimal investment),5
545755,6.5,5,7268.2,2,3,3,8,False,Loyal Customers,Free checked bag + 10% loyalty discount + priority service,2
545758,5.5,2,952.0,3,1,2,6,False,Promising (Growth),First-booking incentive: 12% off + free cancellation on first 2 bookings,4
545763,0.0,1,1490.4,3,1,2,6,False,Promising (Growth),First-booking incentive: 12% off + free cancellation on first 2 bookings,4
545770,7.5,4,2988.0,2,3,3,8,False,Loyal Customers,Free checked bag + 10% loyalty discount + priority service,2
545771,11.5,2,450.0,1,1,1,3,False,Hibernating,Soft re-engagement: 10% off + new feature notification (minimal investment),5
545803,7.666666666666665,3,1246.0,1,2,2,5,False,At Risk,Basic re-engagement: 12% off + flash sale notification,5
545805,12.666666666666666,4,7180.2,1,3,3,7,False,Do Not Lose,Win-back: 18% off next 3 bookings + free upgrade + personalised re-engagement,1
545810,0.0,1,1236.9,3,1,2,6,False,Promising (Growth),First-booking incentive: 12% off + free cancellation on first 2 bookings,4
545848,0.0,1,738.0,3,1,1,5,False,Promising (Growth),First-booking incentive: 12% off + free cancellation on first 2 bookings,4
545865,6.0,4,1753.6,3,3,2,8,False,Champions,Loyalty rewards + quarterly exclusive offers + referral bonus,2
545879,5.0,2,645.0,3,1,1,5,False,Promising (Growth),First-booking incentive: 12% off + free cancellation on first 2 bookings,4
545936,6.0,3,1583.9,3,2,2,7,False,Potential Champions,Frequency incentive: 10% off next 5 bookings + bundle deals + exclusive previews,3
545939,8.75,4,1262.0,1,3,2,6,False,Do Not Lose,Win-back: 18% off next 3 bookings + free upgrade + personalised re-engagement,1
545958,5.0,1,0.0,3,1,1,5,False,Promising (Growth),First-booking incentive: 12% off + free cancellation on first 2 bookings,4
545981,11.0,5,4474.0,1,3,3,7,False,Do Not Lose,Win-back: 18% off next 3 bookings + free upgrade + personalised re-engagement,1
546008,6.0,4,3934.6,3,3,3,9,False,Champions,Loyalty rewards + quarterly exclusive offers + referral bonus,2
546050,5.5,2,244.0,3,1,1,5,False,Promising (Growth),First-booking incentive: 12% off + free cancellation on first 2 bookings,4
546061,6.25,4,578.4,2,3,1,6,False,Loyal Customers,Free checked bag + 10% loyalty discount + priority service,2
546064,8.2,5,4243.0,1,3,3,7,False,Do Not Lose,Win-back: 18% off next 3 bookings + free upgrade + personalised re-engagement,1
546065,5.0,3,901.0,3,2,2,7,False,Potential Champions,Frequency incentive: 10% off next 5 bookings + bundle deals + exclusive previews,3
546072,11.666666666666666,4,2905.0,1,3,3,7,False,Do Not Lose,Win-back: 18% off next 3 bookings + free upgrade + personalised re-engagement,1
546121,5.0,1,0.0,3,1,1,5,False,Promising (Growth),First-booking incentive: 12% off + free cancellation on first 2 bookings,4
546127,7.25,4,1570.0,2,3,2,7,False,Loyal Customers,Free checked bag + 10% loyalty discount + priority service,2
546130,5.5,2,822.0,3,1,1,5,False,Promising (Growth),First-booking incentive: 12% off + free cancellation on first 2 bookings,4
546131,7.5,3,4675.0,2,2,3,7,False,Need Attention,Engagement bonus: 12% off + free baggage + loyalty enrolment incentive,3
546161,8.666666666666666,3,3514.0,1,2,3,6,False,At Risk (High Value),Aggressive win-back: 22% off + lounge access + concierge outreach,1
546164,0.0,1,1960.0,3,1,2,6,False,Promising (Growth),First-booking incentive: 12% off + free cancellation on first 2 bookings,4
546190,8.333333333333332,3,3203.0,1,2,3,6,False,At Risk (High Value),Aggressive win-back: 22% off + lounge access + concierge outreach,1
546224,9.0,2,190.0,1,1,1,3,False,Hibernating,Soft re-engagement: 10% off + new feature notification (minimal investment),5
546256,7.0,5,8309.0,2,3,3,8,False,Loyal Customers,Free checked bag + 10% loyalty discount + priority service,2
546280,9.0,2,634.05,1,1,1,3,False,Hibernating,Soft re-engagement: 10% off + new feature notification (minimal investment),5
546282,7.0,2,828.0,2,1,1,4,False,About to Sleep,Re-engagement: 18% off + free hotel voucher + last-chance exclusive,4
546307,5.333333333333333,4,2401.0,3,3,3,9,False,Champions,Loyalty rewards + quarterly exclusive offers + referral bonus,2
546334,6.0,1,138.0,3,1,1,5,False,Promising (Growth),First-booking incentive: 12% off + free cancellation on first 2 bookings,4
546395,6.333333333333333,3,617.0,2,2,1,5,False,Need Attention,Engagement bonus: 12% off + free baggage + loyalty enrolment incentive,3
546399,3.0,1,0.0,3,1,1,5,False,Promising (Growth),First-booking incentive: 12% off + free cancellation on first 2 bookings,4
546419,8.666666666666666,3,921.55,1,2,2,5,False,At Risk,Basic re-engagement: 12% off + flash sale notification,5
546437,7.8,5,2974.4,1,3,3,7,False,Do Not Lose,Win-back: 18% off next 3 bookings + free upgrade + personalised re-engagement,1
546462,0.0,2,2900.2,3,1,3,7,False,Promising (High-Value),Tiered loyalty benefits + early access to sales + free cancellation (2 bookings),1
546470,6.0,1,0.0,3,1,1,5,False,Promising (Growth),First-booking incentive: 12% off + free cancellation on first 2 bookings,4
546485,9.75,4,1624.0,1,3,2,6,False,Do Not Lose,Win-back: 18% off next 3 bookings + free upgrade + personalised re-engagement,1
546509,7.0,3,853.6,2,2,2,6,False,Need Attention,Engagement bonus: 12% off + free baggage + loyalty enrolment incentive,3
546529,106.33333333333331,3,126.0,1,2,1,4,False,At Risk,Basic re-engagement: 12% off + flash sale notification,5
546587,7.5,4,288.0,2,3,1,6,False,Loyal Customers,Free checked bag + 10% loyalty discount + priority service,2
546612,6.0,1,560.0,3,1,1,5,False,Promising (Growth),First-booking incentive: 12% off + free cancellation on first 2 bookings,4
546648,9.0,4,3982.0,1,3,3,7,False,Do Not Lose,Win-back: 18% off next 3 bookings + free upgrade + personalised re-engagement,1
546664,13.0,1,803.7,1,1,1,3,False,Hibernating,Soft re-engagement: 10% off + new feature notification (minimal investment),5
546671,6.0,1,396.0,3,1,1,5,False,Promising (Growth),First-booking incentive: 12% off + free cancellation on first 2 bookings,4
546679,7.666666666666665,4,1085.0,1,3,2,6,False,Do Not Lose,Win-back: 18% off next 3 bookings + free upgrade + personalised re-engagement,1
546688,9.5,2,1020.0,1,1,2,4,False,Hibernating,Soft re-engagement: 10% off + new feature notification (minimal investment),5
546702,5.666666666666666,3,2412.0,3,2,3,8,False,Potential Champions,Frequency incentive: 10% off next 5 bookings + bundle deals + exclusive previews,3
546728,159.0,2,1553.0,1,1,2,4,False,Hibernating,Soft re-engagement: 10% off + new feature notification (minimal investment),5
546740,6.5,2,342.0,2,1,1,4,False,About to Sleep,Re-engagement: 18% off + free hotel voucher + last-chance exclusive,4
546756,8.0,2,1912.0,1,1,2,4,False,Hibernating,Soft re-engagement: 10% off + new feature notification (minimal investment),5
546774,7.0,3,3666.0,2,2,3,7,False,Need Attention,Engagement bonus: 12% off + free baggage + loyalty enrolment incentive,3
546842,0.0,1,404.7,3,1,1,5,False,Promising (Growth),First-booking incentive: 12% off + free cancellation on first 2 bookings,4
546844,8.8,5,1207.0,1,3,2,6,False,Do Not Lose,Win-back: 18% off next 3 bookings + free upgrade + personalised re-engagement,1
546847,7.333333333333333,4,5695.0,2,3,3,8,False,Loyal Customers,Free checked bag + 10% loyalty discount + priority service,2
546857,0.0,1,5184.0,3,1,3,7,False,Promising (High-Value),Tiered loyalty benefits + early access to sales + free cancellation (2 bookings),1
546864,10.0,1,1155.0,1,1,2,4,False,Hibernating,Soft re-engagement: 10% off + new feature notification (minimal investment),5
546867,7.333333333333333,3,3512.4,2,2,3,7,False,Need Attention,Engagement bonus: 12% off + free baggage + loyalty enrolment incentive,3
546881,10.5,2,680.0,1,1,1,3,False,Hibernating,Soft re-engagement: 10% off + new feature notification (minimal investment),5
546882,102.0,2,7792.0,1,1,3,5,False,Hibernating,Soft re-engagement: 10% off + new feature notification (minimal investment),5
546884,0.0,1,564.0,3,1,1,5,False,Promising (Growth),First-booking incentive: 12% off + free cancellation on first 2 bookings,4
546888,6.0,1,4330.8,3,1,3,7,False,Promising (High-Value),Tiered loyalty benefits + early access to sales + free cancellation (2 bookings),1
546900,7.333333333333333,3,2392.0,2,2,3,7,False,Need Attention,Engagement bonus: 12% off + free baggage + loyalty enrolment incentive,3
546937,0.0,0,0.0,1,1,1,3,True,Hibernating,Soft re-engagement: 10% off + new feature notification (minimal investment),5
546964,6.833333333333333,6,1469.0,2,3,2,7,False,Loyal Customers,Free checked bag + 10% loyalty discount + priority service,2
546972,10.0,3,1294.0,1,2,2,5,False,At Risk,Basic re-engagement: 12% off + flash sale notification,5
547006,0.0,0,0.0,1,1,1,3,True,Hibernating,Soft re-engagement: 10% off + new feature notification (minimal investment),5
547007,6.75,5,5127.0,2,3,3,8,False,Loyal Customers,Free checked bag + 10% loyalty discount + priority service,2
547037,7.5,3,1561.0,2,2,2,6,False,Need Attention,Engagement bonus: 12% off + free baggage + loyalty enrolment incentive,3
547070,7.0,6,4305.8,2,3,3,8,False,Loyal Customers,Free checked bag + 10% loyalty discount + priority service,2
547100,6.5,2,1162.0,2,1,2,5,False,About to Sleep,Re-engagement: 18% off + free hotel voucher + last-chance exclusive,4
547130,0.0,1,590.0,3,1,1,5,False,Promising (Growth),First-booking incentive: 12% off + free cancellation on first 2 bookings,4
547150,4.5,2,709.3,3,1,1,5,False,Promising (Growth),First-booking incentive: 12% off + free cancellation on first 2 bookings,4
547164,9.0,1,3425.0,1,1,3,5,False,Hibernating,Soft re-engagement: 10% off + new feature notification (minimal investment),5
547175,9.0,2,1729.5,1,1,2,4,False,Hibernating,Soft re-engagement: 10% off + new feature notification (minimal investment),5
547180,7.0,2,800.3,2,1,1,4,False,About to Sleep,Re-engagement: 18% off + free hotel voucher + last-chance exclusive,4
547181,6.0,3,867.0,3,2,2,7,False,Potential Champions,Frequency incentive: 10% off next 5 bookings + bundle deals + exclusive previews,3
547201,0.0,1,2208.0,3,1,3,7,False,Promising (High-Value),Tiered loyalty benefits + early access to sales + free cancellation (2 bookings),1
547266,11.5,3,981.6,1,2,2,5,False,At Risk,Basic re-engagement: 12% off + flash sale notification,5
547301,12.0,2,1449.0,1,1,2,4,False,Hibernating,Soft re-engagement: 10% off + new feature notification (minimal investment),5
547320,0.0,1,1273.95,3,1,2,6,False,Promising (Growth),First-booking incentive: 12% off + free cancellation on first 2 bookings,4
547325,7.0,2,602.0,2,1,1,4,False,About to Sleep,Re-engagement: 18% off + free hotel voucher + last-chance exclusive,4
547336,6.0,1,116.0,3,1,1,5,False,Promising (Growth),First-booking incentive: 12% off + free cancellation on first 2 bookings,4
547342,6.0,1,700.0,3,1,1,5,False,Promising (Growth),First-booking incentive: 12% off + free cancellation on first 2 bookings,4
547412,4.5,2,3532.0,3,1,3,7,False,Promising (High-Value),Tiered loyalty benefits + early access to sales + free cancellation (2 bookings),1
547453,7.5,3,962.5,2,2,2,6,False,Need Attention,Engagement bonus: 12% off + free baggage + loyalty enrolment incentive,3
547458,7.0,4,4814.0,2,3,3,8,False,Loyal Customers,Free checked bag + 10% loyalty discount + priority service,2
547459,103.5,4,8687.2,1,3,3,7,False,Do Not Lose,Win-back: 18% off next 3 bookings + free upgrade + personalised re-engagement,1
547483,7.5,2,2165.0,2,1,3,6,False,About to Sleep,Re-engagement: 18% off + free hotel voucher + last-chance exclusive,4
547512,5.5,4,5355.8,3,3,3,9,False,Champions,Loyalty rewards + quarterly exclusive offers + referral bonus,2
547555,7.25,4,344.0,2,3,1,6,False,Loyal Customers,Free checked bag + 10% loyalty discount + priority service,2
547559,51.166666666666664,6,4053.0,1,3,3,7,False,Do Not Lose,Win-back: 18% off next 3 bookings + free upgrade + personalised re-engagement,1
547568,5.0,2,9441.0,3,1,3,7,False,Promising (High-Value),Tiered loyalty benefits + early access to sales + free cancellation (2 bookings),1
547594,0.0,0,0.0,1,1,1,3,True,Hibernating,Soft re-engagement: 10% off + new feature notification (minimal investment),5
547606,6.0,3,906.0,3,2,2,7,False,Potential Champions,Frequency incentive: 10% off next 5 bookings + bundle deals + exclusive previews,3
547613,6.333333333333333,4,1133.0,2,3,2,7,False,Loyal Customers,Free checked bag + 10% loyalty discount + priority service,2
547617,10.5,3,1000.0,1,2,2,5,False,At Risk,Basic re-engagement: 12% off + flash sale notification,5
547663,6.0,2,1044.3,3,1,2,6,False,Promising (Growth),First-booking incentive: 12% off + free cancellation on first 2 bookings,4
547664,6.0,4,152.0,3,3,1,7,False,Champions,Loyalty rewards + quarterly exclusive offers + referral bonus,2
547693,0.0,0,0.0,1,1,1,3,True,Hibernating,Soft re-engagement: 10% off + new feature notification (minimal investment),5
547761,5.5,2,783.0,3,1,1,5,False,Promising (Growth),First-booking incentive: 12% off + free cancellation on first 2 bookings,4
547776,8.666666666666666,3,1794.35,1,2,2,5,False,At Risk,Basic re-engagement: 12% off + flash sale notification,5
547779,6.333333333333333,3,2866.0,2,2,3,7,False,Need Attention,Engagement bonus: 12% off + free baggage + loyalty enrolment incentive,3
547792,5.5,5,2350.0,3,3,3,9,False,Champions,Loyalty rewards + quarterly exclusive offers + referral bonus,2
547817,9.0,3,8326.0,1,2,3,6,False,At Risk (High Value),Aggressive win-back: 22% off + lounge access + concierge outreach,1
547823,7.25,5,3579.0,2,3,3,8,False,Loyal Customers,Free checked bag + 10% loyalty discount + priority service,2
547825,7.0,2,1480.3,2,1,2,5,False,About to Sleep,Re-engagement: 18% off + free hotel voucher + last-chance exclusive,4
547834,0.0,0,0.0,1,1,1,3,True,Hibernating,Soft re-engagement: 10% off + new feature notification (minimal investment),5
547836,8.0,3,2401.0,1,2,3,6,False,At Risk (High Value),Aggressive win-back: 22% off + lounge access + concierge outreach,1
547857,9.0,1,436.0,1,1,1,3,False,Hibernating,Soft re-engagement: 10% off + new feature notification (minimal investment),5
547862,6.333333333333333,4,3819.0,2,3,3,8,False,Loyal Customers,Free checked bag + 10% loyalty discount + priority service,2
547878,0.0,2,2290.0,3,1,3,7,False,Promising (High-Value),Tiered loyalty benefits + early access to sales + free cancellation (2 bookings),1
547911,8.5,2,344.0,1,1,1,3,False,Hibernating,Soft re-engagement: 10% off + new feature notification (minimal investment),5
547938,251.0,1,0.0,1,1,1,3,False,Hibernating,Soft re-engagement: 10% off + new feature notification (minimal investment),5
547951,9.75,4,1130.0,1,3,2,6,False,Do Not Lose,Win-back: 18% off next 3 bookings + free upgrade + personalised re-engagement,1
547966,6.0,2,6011.0,3,1,3,7,False,Promising (High-Value),Tiered loyalty benefits + early access to sales + free cancellation (2 bookings),1
547997,7.0,1,0.0,2,1,1,4,False,About to Sleep,Re-engagement: 18% off + free hotel voucher + last-chance exclusive,4
548006,6.5,2,316.0,2,1,1,4,False,About to Sleep,Re-engagement: 18% off + free hotel voucher + last-chance exclusive,4
548022,6.75,4,3330.0,2,3,3,8,False,Loyal Customers,Free checked bag + 10% loyalty discount + priority service,2
548032,6.666666666666666,3,1322.0,2,2,2,6,False,Need Attention,Engagement bonus: 12% off + free baggage + loyalty enrolment incentive,3
548037,6.5,2,387.0,2,1,1,4,False,About to Sleep,Re-engagement: 18% off + free hotel voucher + last-chance exclusive,4
548040,5.0,3,1036.0,3,2,2,7,False,Potential Champions,Frequency incentive: 10% off next 5 bookings + bundle deals + exclusive previews,3
548093,0.0,1,1188.0,3,1,2,6,False,Promising (Growth),First-booking incentive: 12% off + free cancellation on first 2 bookings,4
548109,7.4,5,1157.0,2,3,2,7,False,Loyal Customers,Free checked bag + 10% loyalty discount + priority service,2
548113,9.5,4,928.0,1,3,2,6,False,Do Not Lose,Win-back: 18% off next 3 bookings + free upgrade + personalised re-engagement,1
548120,5.0,3,317.1,3,2,1,6,False,Potential Champions,Frequency incentive: 10% off next 5 bookings + bundle deals + exclusive previews,3
548123,0.0,0,0.0,1,1,1,3,True,Hibernating,Soft re-engagement: 10% off + new feature notification (minimal investment),5
548185,0.0,2,2916.0,3,1,3,7,False,Promising (High-Value),Tiered loyalty benefits + early access to sales + free cancellation (2 bookings),1
548189,5.0,3,4467.4,3,2,3,8,False,Potential Champions,Frequency incentive: 10% off next 5 bookings + bundle deals + exclusive previews,3
548190,8.0,3,3042.0,1,2,3,6,False,At Risk (High Value),Aggressive win-back: 22% off + lounge access + concierge outreach,1
548193,8.0,1,0.0,1,1,1,3,False,Hibernating,Soft re-engagement: 10% off + new feature notification (minimal investment),5
548222,97.33333333333331,4,3464.0,1,3,3,7,False,Do Not Lose,Win-back: 18% off next 3 bookings + free upgrade + personalised re-engagement,1
548228,0.0,1,1090.0,3,1,2,6,False,Promising (Growth),First-booking incentive: 12% off + free cancellation on first 2 bookings,4
548230,5.0,3,5130.25,3,2,3,8,False,Potential Champions,Frequency incentive: 10% off next 5 bookings + bundle deals + exclusive previews,3
548256,7.0,4,1570.0,2,3,2,7,False,Loyal Customers,Free checked bag + 10% loyalty discount + priority service,2
548258,8.666666666666666,6,2121.4,1,3,3,7,False,Do Not Lose,Win-back: 18% off next 3 bookings + free upgrade + personalised re-engagement,1
548272,8.666666666666666,3,5715.0,1,2,3,6,False,At Risk (High Value),Aggressive win-back: 22% off + lounge access + concierge outreach,1
548307,8.0,2,770.0,1,1,1,3,False,Hibernating,Soft re-engagement: 10% off + new feature notification (minimal investment),5
548310,5.0,1,298.0,3,1,1,5,False,Promising (Growth),First-booking incentive: 12% off + free cancellation on first 2 bookings,4
548391,4.0,1,506.0,3,1,1,5,False,Promising (Growth),First-booking incentive: 12% off + free cancellation on first 2 bookings,4
548408,8.4,5,3701.75,1,3,3,7,False,Do Not Lose,Win-back: 18% off next 3 bookings + free upgrade + personalised re-engagement,1
548422,7.25,4,2690.0,2,3,3,8,False,Loyal Customers,Free checked bag + 10% loyalty discount + priority service,2
548434,7.0,3,4719.6,2,2,3,7,False,Need Attention,Engagement bonus: 12% off + free baggage + loyalty enrolment incentive,3
548448,8.0,3,8271.0,1,2,3,6,False,At Risk (High Value),Aggressive win-back: 22% off + lounge access + concierge outreach,1
548474,7.0,3,3529.0,2,2,3,7,False,Need Attention,Engagement bonus: 12% off + free baggage + loyalty enrolment incentive,3
548488,9.0,3,1042.0,1,2,2,5,False,At Risk,Basic re-engagement: 12% off + flash sale notification,5
548490,8.0,2,1221.0,1,1,2,4,False,Hibernating,Soft re-engagement: 10% off + new feature notification (minimal investment),5
548504,37.285714285714285,7,2075.0,1,3,3,7,False,Do Not Lose,Win-back: 18% off next 3 bookings + free upgrade + personalised re-engagement,1
548560,11.0,1,471.0,1,1,1,3,False,Hibernating,Soft re-engagement: 10% off + new feature notification (minimal investment),5
548568,8.75,4,5275.0,1,3,3,7,False,Do Not Lose,Win-back: 18% off next 3 bookings + free upgrade + personalised re-engagement,1
548587,7.5,2,2105.0,2,1,3,6,False,About to Sleep,Re-engagement: 18% off + free hotel voucher + last-chance exclusive,4
548635,6.25,4,1910.0,2,3,2,7,False,Loyal Customers,Free checked bag + 10% loyalty discount + priority service,2
548651,5.8,5,1536.6,3,3,2,8,False,Champions,Loyalty rewards + quarterly exclusive offers + referral bonus,2
548653,6.0,5,4082.4,3,3,3,9,False,Champions,Loyalty rewards + quarterly exclusive offers + referral bonus,2
548672,7.5,4,1188.0,2,3,2,7,False,Loyal Customers,Free checked bag + 10% loyalty discount + priority service,2
548708,4.5,3,6009.5,3,2,3,8,False,Potential Champions,Frequency incentive: 10% off next 5 bookings + bundle deals + exclusive previews,3
548743,8.0,2,477.75,1,1,1,3,False,Hibernating,Soft re-engagement: 10% off + new feature notification (minimal investment),5
548853,5.0,3,1554.0,3,2,2,7,False,Potential Champions,Frequency incentive: 10% off next 5 bookings + bundle deals + exclusive previews,3
548859,7.666666666666665,3,2058.7,1,2,3,6,False,At Risk (High Value),Aggressive win-back: 22% off + lounge access + concierge outreach,1
548872,0.0,1,664.0,3,1,1,5,False,Promising (Growth),First-booking incentive: 12% off + free cancellation on first 2 bookings,4
548961,6.5,3,2695.0,2,2,3,7,False,Need Attention,Engagement bonus: 12% off + free baggage + loyalty enrolment incentive,3
548967,9.33333333333333,6,6223.0,1,3,3,7,False,Do Not Lose,Win-back: 18% off next 3 bookings + free upgrade + personalised re-engagement,1
548978,10.0,4,8493.2,1,3,3,7,False,Do Not Lose,Win-back: 18% off next 3 bookings + free upgrade + personalised re-engagement,1
548988,8.666666666666666,4,1529.2,1,3,2,6,False,Do Not Lose,Win-back: 18% off next 3 bookings + free upgrade + personalised re-engagement,1
548990,5.0,2,434.4,3,1,1,5,False,Promising (Growth),First-booking incentive: 12% off + free cancellation on first 2 bookings,4
549058,185.0,2,3812.0,1,1,3,5,False,Hibernating,Soft re-engagement: 10% off + new feature notification (minimal investment),5
549115,252.0,1,4188.0,1,1,3,5,False,Hibernating,Soft re-engagement: 10% off + new feature notification (minimal investment),5
549116,4.666666666666666,3,6773.0,3,2,3,8,False,Potential Champions,Frequency incentive: 10% off next 5 bookings + bundle deals + exclusive previews,3
549121,6.0,1,462.0,3,1,1,5,False,Promising (Growth),First-booking incentive: 12% off + free cancellation on first 2 bookings,4
549141,0.0,2,11041.8,3,1,3,7,False,Promising (High-Value),Tiered loyalty benefits + early access to sales + free cancellation (2 bookings),1
549152,6.0,3,2180.0,3,2,3,8,False,Potential Champions,Frequency incentive: 10% off next 5 bookings + bundle deals + exclusive previews,3
549154,3.6666666666666665,5,4261.6,3,3,3,9,False,Champions,Loyalty rewards + quarterly exclusive offers + referral bonus,2
549190,0.0,1,738.0,3,1,1,5,False,Promising (Growth),First-booking incentive: 12% off + free cancellation on first 2 bookings,4
549202,8.333333333333332,5,3769.6,1,3,3,7,False,Do Not Lose,Win-back: 18% off next 3 bookings + free upgrade + personalised re-engagement,1
549235,0.0,2,4042.0,3,1,3,7,False,Promising (High-Value),Tiered loyalty benefits + early access to sales + free cancellation (2 bookings),1
549251,130.5,2,492.0,1,1,1,3,False,Hibernating,Soft re-engagement: 10% off + new feature notification (minimal investment),5
549274,6.0,1,81.0,3,1,1,5,False,Promising (Growth),First-booking incentive: 12% off + free cancellation on first 2 bookings,4
549281,8.6,5,4018.0,1,3,3,7,False,Do Not Lose,Win-back: 18% off next 3 bookings + free upgrade + personalised re-engagement,1
549290,0.0,1,1782.0,3,1,2,6,False,Promising (Growth),First-booking incentive: 12% off + free cancellation on first 2 bookings,4
549292,7.666666666666665,3,3306.0,1,2,3,6,False,At Risk (High Value),Aggressive win-back: 22% off + lounge access + concierge outreach,1
549293,0.0,0,0.0,1,1,1,3,True,Hibernating,Soft re-engagement: 10% off + new feature notification (minimal investment),5
549303,5.333333333333333,3,1205.0,3,2,2,7,False,Potential Champions,Frequency incentive: 10% off next 5 bookings + bundle deals + exclusive previews,3
549313,7.5,2,469.0,2,1,1,4,False,About to Sleep,Re-engagement: 18% off + free hotel voucher + last-chance exclusive,4
549320,0.0,2,1704.0,3,1,2,6,False,Promising (Growth),First-booking incentive: 12% off + free cancellation on first 2 bookings,4
549357,10.0,2,655.5,1,1,1,3,False,Hibernating,Soft re-engagement: 10% off + new feature notification (minimal investment),5
549359,6.666666666666666,3,2632.0,2,2,3,7,False,Need Attention,Engagement bonus: 12% off + free baggage + loyalty enrolment incentive,3
549361,7.0,4,1889.0,2,3,2,7,False,Loyal Customers,Free checked bag + 10% loyalty discount + priority service,2
549366,0.0,0,0.0,1,1,1,3,True,Hibernating,Soft re-engagement: 10% off + new feature notification (minimal investment),5
549367,7.666666666666665,4,3736.0,1,3,3,7,False,Do Not Lose,Win-back: 18% off next 3 bookings + free upgrade + personalised re-engagement,1
549377,5.0,3,1250.0,3,2,2,7,False,Potential Champions,Frequency incentive: 10% off next 5 bookings + bundle deals + exclusive previews,3
549389,0.0,2,4572.25,3,1,3,7,False,Promising (High-Value),Tiered loyalty benefits + early access to sales + free cancellation (2 bookings),1
549390,0.0,3,4495.6,3,2,3,8,False,Potential Champions,Frequency incentive: 10% off next 5 bookings + bundle deals + exclusive previews,3
549450,0.0,0,0.0,1,1,1,3,True,Hibernating,Soft re-engagement: 10% off + new feature notification (minimal investment),5
549466,5.666666666666666,3,0.0,3,2,1,6,False,Potential Champions,Frequency incentive: 10% off next 5 bookings + bundle deals + exclusive previews,3
549472,11.0,1,0.0,1,1,1,3,False,Hibernating,Soft re-engagement: 10% off + new feature notification (minimal investment),5
549482,6.8,5,3357.35,2,3,3,8,False,Loyal Customers,Free checked bag + 10% loyalty discount + priority service,2
549515,6.25,5,2410.4,2,3,3,8,False,Loyal Customers,Free checked bag + 10% loyalty discount + priority service,2
549569,69.33333333333333,3,970.8,1,2,2,5,False,At Risk,Basic re-engagement: 12% off + flash sale notification,5
549572,6.25,4,1938.6,2,3,2,7,False,Loyal Customers,Free checked bag + 10% loyalty discount + priority service,2
549579,8.0,1,232.0,1,1,1,3,False,Hibernating,Soft re-engagement: 10% off + new feature notification (minimal investment),5
549580,9.5,6,2722.4,1,3,3,7,False,Do Not Lose,Win-back: 18% off next 3 bookings + free upgrade + personalised re-engagement,1
549584,6.0,2,1048.0,3,1,2,6,False,Promising (Growth),First-booking incentive: 12% off + free cancellation on first 2 bookings,4
549608,0.0,0,0.0,1,1,1,3,True,Hibernating,Soft re-engagement: 10% off + new feature notification (minimal investment),5
549611,5.833333333333333,6,1829.6,3,3,2,8,False,Champions,Loyalty rewards + quarterly exclusive offers + referral bonus,2
549623,6.25,4,1140.2,2,3,2,7,False,Loyal Customers,Free checked bag + 10% loyalty discount + priority service,2
549631,5.5,4,2461.05,3,3,3,9,False,Champions,Loyalty rewards + quarterly exclusive offers + referral bonus,2
549710,6.75,5,3232.4,2,3,3,8,False,Loyal Customers,Free checked bag + 10% loyalty discount + priority service,2
549714,5.0,2,704.0,3,1,1,5,False,Promising (Growth),First-booking incentive: 12% off + free cancellation on first 2 bookings,4
549733,143.5,2,1775.0,1,1,2,4,False,Hibernating,Soft re-engagement: 10% off + new feature notification (minimal investment),5
549746,6.4,6,3319.6,2,3,3,8,False,Loyal Customers,Free checked bag + 10% loyalty discount + priority service,2
549759,0.0,0,0.0,1,1,1,3,True,Hibernating,Soft re-engagement: 10% off + new feature notification (minimal investment),5
549764,6.0,3,1650.0,3,2,2,7,False,Potential Champions,Frequency incentive: 10% off next 5 bookings + bundle deals + exclusive previews,3
549777,5.0,1,81.0,3,1,1,5,False,Promising (Growth),First-booking incentive: 12% off + free cancellation on first 2 bookings,4
549797,6.75,5,7167.0,2,3,3,8,False,Loyal Customers,Free checked bag + 10% loyalty discount + priority service,2
549800,7.5,2,140.0,2,1,1,4,False,About to Sleep,Re-engagement: 18% off + free hotel voucher + last-chance exclusive,4
549850,53.25,4,1181.0,1,3,2,6,False,Do Not Lose,Win-back: 18% off next 3 bookings + free upgrade + personalised re-engagement,1
549894,15.0,1,0.0,1,1,1,3,False,Hibernating,Soft re-engagement: 10% off + new feature notification (minimal investment),5
549938,7.0,2,931.0,2,1,2,5,False,About to Sleep,Re-engagement: 18% off + free hotel voucher + last-chance exclusive,4
549988,7.0,1,0.0,2,1,1,4,False,About to Sleep,Re-engagement: 18% off + free hotel voucher + last-chance exclusive,4
549992,9.5,2,0.0,1,1,1,3,False,Hibernating,Soft re-engagement: 10% off + new feature notification (minimal investment),5
550017,7.666666666666665,5,4678.8,1,3,3,7,False,Do Not Lose,Win-back: 18% off next 3 bookings + free upgrade + personalised re-engagement,1
550019,7.5,4,2765.4,2,3,3,8,False,Loyal Customers,Free checked bag + 10% loyalty discount + priority service,2
550022,0.0,0,0.0,1,1,1,3,True,Hibernating,Soft re-engagement: 10% off + new feature notification (minimal investment),5
550028,8.0,1,0.0,1,1,1,3,False,Hibernating,Soft re-engagement: 10% off + new feature notification (minimal investment),5
550068,7.0,4,6375.0,2,3,3,8,False,Loyal Customers,Free checked bag + 10% loyalty discount + priority service,2
550071,6.2,5,1240.0,2,3,2,7,False,Loyal Customers,Free checked bag + 10% loyalty discount + priority service,2
550077,10.0,2,209.4,1,1,1,3,False,Hibernating,Soft re-engagement: 10% off + new feature notification (minimal investment),5
550105,6.0,2,1590.0,3,1,2,6,False,Promising (Growth),First-booking incentive: 12% off + free cancellation on first 2 bookings,4
550110,7.0,2,1658.0,2,1,2,5,False,About to Sleep,Re-engagement: 18% off + free hotel voucher + last-chance exclusive,4
550134,6.0,2,430.7,3,1,1,5,False,Promising (Growth),First-booking incentive: 12% off + free cancellation on first 2 bookings,4
550193,0.0,1,115.2,3,1,1,5,False,Promising (Growth),First-booking incentive: 12% off + free cancellation on first 2 bookings,4
550200,6.5,2,4022.0,2,1,3,6,False,About to Sleep,Re-engagement: 18% off + free hotel voucher + last-chance exclusive,4
550202,68.8,5,1429.0,1,3,2,6,False,Do Not Lose,Win-back: 18% off next 3 bookings + free upgrade + personalised re-engagement,1
550221,8.333333333333332,3,1008.0,1,2,2,5,False,At Risk,Basic re-engagement: 12% off + flash sale notification,5
550222,9.0,3,2478.0,1,2,3,6,False,At Risk (High Value),Aggressive win-back: 22% off + lounge access + concierge outreach,1
550229,7.666666666666665,3,794.0,1,2,1,4,False,At Risk,Basic re-engagement: 12% off + flash sale notification,5
550233,5.75,4,4126.0,3,3,3,9,False,Champions,Loyalty rewards + quarterly exclusive offers + referral bonus,2
550298,0.0,1,528.0,3,1,1,5,False,Promising (Growth),First-booking incentive: 12% off + free cancellation on first 2 bookings,4
550300,6.75,4,726.0,2,3,1,6,False,Loyal Customers,Free checked bag + 10% loyalty discount + priority service,2
550317,11.0,3,4432.0,1,2,3,6,False,At Risk (High Value),Aggressive win-back: 22% off + lounge access + concierge outreach,1
550400,6.0,1,1449.0,3,1,2,6,False,Promising (Growth),First-booking incentive: 12% off + free cancellation on first 2 bookings,4
550421,11.0,1,292.0,1,1,1,3,False,Hibernating,Soft re-engagement: 10% off + new feature notification (minimal investment),5
550426,6.666666666666666,4,6109.0,2,3,3,8,False,Loyal Customers,Free checked bag + 10% loyalty discount + priority service,2
550442,6.0,2,1052.0,3,1,2,6,False,Promising (Growth),First-booking incentive: 12% off + free cancellation on first 2 bookings,4
550455,6.0,2,1660.0,3,1,2,6,False,Promising (Growth),First-booking incentive: 12% off + free cancellation on first 2 bookings,4
550459,7.0,4,1550.0,2,3,2,7,False,Loyal Customers,Free checked bag + 10% loyalty discount + priority service,2
550460,6.666666666666666,4,2309.8,2,3,3,8,False,Loyal Customers,Free checked bag + 10% loyalty discount + priority service,2
550482,0.0,0,0.0,1,1,1,3,True,Hibernating,Soft re-engagement: 10% off + new feature notification (minimal investment),5
550506,6.0,2,8595.0,3,1,3,7,False,Promising (High-Value),Tiered loyalty benefits + early access to sales + free cancellation (2 bookings),1
550514,0.0,1,1296.0,3,1,2,6,False,Promising (Growth),First-booking incentive: 12% off + free cancellation on first 2 bookings,4
550572,8.5,3,941.8,1,2,2,5,False,At Risk,Basic re-engagement: 12% off + flash sale notification,5
550579,57.6,5,2885.0,1,3,3,7,False,Do Not Lose,Win-back: 18% off next 3 bookings + free upgrade + personalised re-engagement,1
550599,6.0,2,0.0,3,1,1,5,False,Promising (Growth),First-booking incentive: 12% off + free cancellation on first 2 bookings,4
550627,253.0,1,0.0,1,1,1,3,False,Hibernating,Soft re-engagement: 10% off + new feature notification (minimal investment),5
550703,0.0,2,7762.0,3,1,3,7,False,Promising (High-Value),Tiered loyalty benefits + early access to sales + free cancellation (2 bookings),1
550711,5.0,1,503.0,3,1,1,5,False,Promising (Growth),First-booking incentive: 12% off + free cancellation on first 2 bookings,4
550752,5.0,2,282.0,3,1,1,5,False,Promising (Growth),First-booking incentive: 12% off + free cancellation on first 2 bookings,4
550754,6.0,3,3476.0,3,2,3,8,False,Potential Champions,Frequency incentive: 10% off next 5 bookings + bundle deals + exclusive previews,3
550796,280.0,4,5208.6,1,3,3,7,False,Do Not Lose,Win-back: 18% off next 3 bookings + free upgrade + personalised re-engagement,1
550804,6.0,1,180.0,3,1,1,5,False,Promising (Growth),First-booking incentive: 12% off + free cancellation on first 2 bookings,4
550805,6.6,6,2074.0,2,3,3,8,False,Loyal Customers,Free checked bag + 10% loyalty discount + priority service,2
550830,0.0,0,0.0,1,1,1,3,True,Hibernating,Soft re-engagement: 10% off + new feature notification (minimal investment),5
550868,5.0,1,314.0,3,1,1,5,False,Promising (Growth),First-booking incentive: 12% off + free cancellation on first 2 bookings,4
550871,9.0,3,854.0,1,2,2,5,False,At Risk,Basic re-engagement: 12% off + flash sale notification,5
550887,0.0,2,5145.0,3,1,3,7,False,Promising (High-Value),Tiered loyalty benefits + early access to sales + free cancellation (2 bookings),1
550904,6.4,5,1898.0,2,3,2,7,False,Loyal Customers,Free checked bag + 10% loyalty discount + priority service,2
550973,7.0,4,322.0,2,3,1,6,False,Loyal Customers,Free checked bag + 10% loyalty discount + priority service,2
550985,6.5,2,511.65,2,1,1,4,False,About to Sleep,Re-engagement: 18% off + free hotel voucher + last-chance exclusive,4
551023,9.0,3,904.0,1,2,2,5,False,At Risk,Basic re-engagement: 12% off + flash sale notification,5
551032,6.333333333333333,3,1970.8,2,2,2,6,False,Need Attention,Engagement bonus: 12% off + free baggage + loyalty enrolment incentive,3
551042,9.666666666666666,5,1985.4,1,3,2,6,False,Do Not Lose,Win-back: 18% off next 3 bookings + free upgrade + personalised re-engagement,1
551051,0.0,1,567.0,3,1,1,5,False,Promising (Growth),First-booking incentive: 12% off + free cancellation on first 2 bookings,4
551088,9.33333333333333,5,6836.0,1,3,3,7,False,Do Not Lose,Win-back: 18% off next 3 bookings + free upgrade + personalised re-engagement,1
551116,8.5,2,2544.0,1,1,3,5,False,Hibernating,Soft re-engagement: 10% off + new feature notification (minimal investment),5
551166,5.0,2,1925.0,3,1,2,6,False,Promising (Growth),First-booking incentive: 12% off + free cancellation on first 2 bookings,4
551210,0.0,0,0.0,1,1,1,3,True,Hibernating,Soft re-engagement: 10% off + new feature notification (minimal investment),5
551211,0.0,0,0.0,1,1,1,3,True,Hibernating,Soft re-engagement: 10% off + new feature notification (minimal investment),5
551217,6.0,4,2915.0,3,3,3,9,False,Champions,Loyalty rewards + quarterly exclusive offers + referral bonus,2
551237,4.5,2,113.0,3,1,1,5,False,Promising (Growth),First-booking incentive: 12% off + free cancellation on first 2 bookings,4
551241,7.5,3,1269.0,2,2,2,6,False,Need Attention,Engagement bonus: 12% off + free baggage + loyalty enrolment incentive,3
551245,0.0,0,0.0,1,1,1,3,True,Hibernating,Soft re-engagement: 10% off + new feature notification (minimal investment),5
551278,6.5,2,150.0,2,1,1,4,False,About to Sleep,Re-engagement: 18% off + free hotel voucher + last-chance exclusive,4
551282,6.5,4,971.1,2,3,2,7,False,Loyal Customers,Free checked bag + 10% loyalty discount + priority service,2
551331,8.333333333333332,3,2006.2,1,2,2,5,False,At Risk,Basic re-engagement: 12% off + flash sale notification,5
551340,196.0,2,2690.0,1,1,3,5,False,Hibernating,Soft re-engagement: 10% off + new feature notification (minimal investment),5
551359,8.0,5,5770.0,1,3,3,7,False,Do Not Lose,Win-back: 18% off next 3 bookings + free upgrade + personalised re-engagement,1
551430,7.0,2,1021.0,2,1,2,5,False,About to Sleep,Re-engagement: 18% off + free hotel voucher + last-chance exclusive,4
551431,0.0,0,0.0,1,1,1,3,True,Hibernating,Soft re-engagement: 10% off + new feature notification (minimal investment),5
551448,9.33333333333333,3,222.1,1,2,1,4,False,At Risk,Basic re-engagement: 12% off + flash sale notification,5
551468,6.75,4,3514.0,2,3,3,8,False,Loyal Customers,Free checked bag + 10% loyalty discount + priority service,2
551473,0.0,1,259.2,3,1,1,5,False,Promising (Growth),First-booking incentive: 12% off + free cancellation on first 2 bookings,4
551486,8.0,1,448.0,1,1,1,3,False,Hibernating,Soft re-engagement: 10% off + new feature notification (minimal investment),5
551488,0.0,2,9608.0,3,1,3,7,False,Promising (High-Value),Tiered loyalty benefits + early access to sales + free cancellation (2 bookings),1
551501,0.0,0,0.0,1,1,1,3,True,Hibernating,Soft re-engagement: 10% off + new feature notification (minimal investment),5
551549,7.0,3,252.0,2,2,1,5,False,Need Attention,Engagement bonus: 12% off + free baggage + loyalty enrolment incentive,3
551560,8.0,1,146.3,1,1,1,3,False,Hibernating,Soft re-engagement: 10% off + new feature notification (minimal investment),5
551567,7.833333333333333,6,3270.0,1,3,3,7,False,Do Not Lose,Win-back: 18% off next 3 bookings + free upgrade + personalised re-engagement,1
551576,6.0,1,249.0,3,1,1,5,False,Promising (Growth),First-booking incentive: 12% off + free cancellation on first 2 bookings,4
551600,5.0,1,5124.0,3,1,3,7,False,Promising (High-Value),Tiered loyalty benefits + early access to sales + free cancellation (2 bookings),1
551615,9.0,2,464.0,1,1,1,3,False,Hibernating,Soft re-engagement: 10% off + new feature notification (minimal investment),5
551620,6.0,3,662.25,3,2,1,6,False,Potential Champions,Frequency incentive: 10% off next 5 bookings + bundle deals + exclusive previews,3
551622,0.0,0,0.0,1,1,1,3,True,Hibernating,Soft re-engagement: 10% off + new feature notification (minimal investment),5
551627,6.5,2,460.0,2,1,1,4,False,About to Sleep,Re-engagement: 18% off + free hotel voucher + last-chance exclusive,4
551662,7.0,1,297.0,2,1,1,4,False,About to Sleep,Re-engagement: 18% off + free hotel voucher + last-chance exclusive,4
551665,6.0,4,1778.0,3,3,2,8,False,Champions,Loyalty rewards + quarterly exclusive offers + referral bonus,2
551671,0.0,0,0.0,1,1,1,3,True,Hibernating,Soft re-engagement: 10% off + new feature notification (minimal investment),5
551681,6.5,2,549.0,2,1,1,4,False,About to Sleep,Re-engagement: 18% off + free hotel voucher + last-chance exclusive,4
551685,5.0,1,675.0,3,1,1,5,False,Promising (Growth),First-booking incentive: 12% off + free cancellation on first 2 bookings,4
551718,9.0,3,6297.0,1,2,3,6,False,At Risk (High Value),Aggressive win-back: 22% off + lounge access + concierge outreach,1
551729,7.0,1,138.7,2,1,1,4,False,About to Sleep,Re-engagement: 18% off + free hotel voucher + last-chance exclusive,4
551804,7.25,5,9486.0,2,3,3,8,False,Loyal Customers,Free checked bag + 10% loyalty discount + priority service,2
551834,6.5,3,1365.0,2,2,2,6,False,Need Attention,Engagement bonus: 12% off + free baggage + loyalty enrolment incentive,3
551847,5.0,2,2422.0,3,1,3,7,False,Promising (High-Value),Tiered loyalty benefits + early access to sales + free cancellation (2 bookings),1
551890,10.666666666666666,4,3194.0,1,3,3,7,False,Do Not Lose,Win-back: 18% off next 3 bookings + free upgrade + personalised re-engagement,1
551908,0.0,0,0.0,1,1,1,3,True,Hibernating,Soft re-engagement: 10% off + new feature notification (minimal investment),5
551914,5.5,2,187.0,3,1,1,5,False,Promising (Growth),First-booking incentive: 12% off + free cancellation on first 2 bookings,4
551935,0.0,1,2160.0,3,1,3,7,False,Promising (High-Value),Tiered loyalty benefits + early access to sales + free cancellation (2 bookings),1
551963,6.75,4,476.0,2,3,1,6,False,Loyal Customers,Free checked bag + 10% loyalty discount + priority service,2
551967,4.5,3,2940.0,3,2,3,8,False,Potential Champions,Frequency incentive: 10% off next 5 bookings + bundle deals + exclusive previews,3
551978,6.0,2,904.0,3,1,2,6,False,Promising (Growth),First-booking incentive: 12% off + free cancellation on first 2 bookings,4
551990,7.0,3,3523.0,2,2,3,7,False,Need Attention,Engagement bonus: 12% off + free baggage + loyalty enrolment incentive,3
552036,7.0,1,2244.0,2,1,3,6,False,About to Sleep,Re-engagement: 18% off + free hotel voucher + last-chance exclusive,4
552088,8.0,3,479.0,1,2,1,4,False,At Risk,Basic re-engagement: 12% off + flash sale notification,5
552165,0.0,0,0.0,1,1,1,3,True,Hibernating,Soft re-engagement: 10% off + new feature notification (minimal investment),5
552172,6.5,3,1541.0,2,2,2,6,False,Need Attention,Engagement bonus: 12% off + free baggage + loyalty enrolment incentive,3
552192,6.5,5,791.0,2,3,1,6,False,Loyal Customers,Free checked bag + 10% loyalty discount + priority service,2
552209,8.0,1,0.0,1,1,1,3,False,Hibernating,Soft re-engagement: 10% off + new feature notification (minimal investment),5
552302,0.0,0,0.0,1,1,1,3,True,Hibernating,Soft re-engagement: 10% off + new feature notification (minimal investment),5
552303,5.333333333333333,4,3881.0,3,3,3,9,False,Champions,Loyalty rewards + quarterly exclusive offers + referral bonus,2
552313,6.833333333333333,6,5420.0,2,3,3,8,False,Loyal Customers,Free checked bag + 10% loyalty discount + priority service,2
552314,7.333333333333333,4,738.0,2,3,1,6,False,Loyal Customers,Free checked bag + 10% loyalty discount + priority service,2
552345,5.333333333333333,3,844.0,3,2,2,7,False,Potential Champions,Frequency incentive: 10% off next 5 bookings + bundle deals + exclusive previews,3
552348,6.25,4,1367.8,2,3,2,7,False,Loyal Customers,Free checked bag + 10% loyalty discount + priority service,2
552363,7.666666666666665,3,988.2,1,2,2,5,False,At Risk,Basic re-engagement: 12% off + flash sale notification,5
552364,0.0,1,1596.0,3,1,2,6,False,Promising (Growth),First-booking incentive: 12% off + free cancellation on first 2 bookings,4
552366,8.666666666666666,4,2590.6,1,3,3,7,False,Do Not Lose,Win-back: 18% off next 3 bookings + free upgrade + personalised re-engagement,1
552372,10.5,2,169.0,1,1,1,3,False,Hibernating,Soft re-engagement: 10% off + new feature notification (minimal investment),5
552384,5.666666666666666,3,1370.0,3,2,2,7,False,Potential Champions,Frequency incentive: 10% off next 5 bookings + bundle deals + exclusive previews,3
552414,7.5,4,2291.9,2,3,3,8,False,Loyal Customers,Free checked bag + 10% loyalty discount + priority service,2
552432,81.5,4,2598.0,1,3,3,7,False,Do Not Lose,Win-back: 18% off next 3 bookings + free upgrade + personalised re-engagement,1
552440,7.5,2,102.0,2,1,1,4,False,About to Sleep,Re-engagement: 18% off + free hotel voucher + last-chance exclusive,4
552473,6.666666666666666,3,0.0,2,2,1,5,False,Need Attention,Engagement bonus: 12% off + free baggage + loyalty enrolment incentive,3
552487,6.0,2,591.1,3,1,1,5,False,Promising (Growth),First-booking incentive: 12% off + free cancellation on first 2 bookings,4
552506,7.0,1,0.0,2,1,1,4,False,About to Sleep,Re-engagement: 18% off + free hotel voucher + last-chance exclusive,4
552532,6.5,2,1670.0,2,1,2,5,False,About to Sleep,Re-engagement: 18% off + free hotel voucher + last-chance exclusive,4
552535,9.75,4,1722.0,1,3,2,6,False,Do Not Lose,Win-back: 18% off next 3 bookings + free upgrade + personalised re-engagement,1
552558,8.0,4,2132.2,1,3,3,7,False,Do Not Lose,Win-back: 18% off next 3 bookings + free upgrade + personalised re-engagement,1
552573,100.5,2,262.0,1,1,1,3,False,Hibernating,Soft re-engagement: 10% off + new feature notification (minimal investment),5
552597,5.333333333333333,3,2415.6,3,2,3,8,False,Potential Champions,Frequency incentive: 10% off next 5 bookings + bundle deals + exclusive previews,3
552598,6.666666666666666,3,238.0,2,2,1,5,False,Need Attention,Engagement bonus: 12% off + free baggage + loyalty enrolment incentive,3
552613,8.25,4,1869.0,1,3,2,6,False,Do Not Lose,Win-back: 18% off next 3 bookings + free upgrade + personalised re-engagement,1
552623,308.0,1,495.0,1,1,1,3,False,Hibernating,Soft re-engagement: 10% off + new feature notification (minimal investment),5
552642,5.666666666666666,3,1445.25,3,2,2,7,False,Potential Champions,Frequency incentive: 10% off next 5 bookings + bundle deals + exclusive previews,3
552643,7.0,3,697.0,2,2,1,5,False,Need Attention,Engagement bonus: 12% off + free baggage + loyalty enrolment incentive,3
552649,7.0,2,300.0,2,1,1,4,False,About to Sleep,Re-engagement: 18% off + free hotel voucher + last-chance exclusive,4
552653,13.0,1,180.0,1,1,1,3,False,Hibernating,Soft re-engagement: 10% off + new feature notification (minimal investment),5
552661,6.333333333333333,3,1136.5,2,2,2,6,False,Need Attention,Engagement bonus: 12% off + free baggage + loyalty enrolment incentive,3
552726,0.0,1,816.0,3,1,1,5,False,Promising (Growth),First-booking incentive: 12% off + free cancellation on first 2 bookings,4
552732,8.0,2,2863.0,1,1,3,5,False,Hibernating,Soft re-engagement: 10% off + new feature notification (minimal investment),5
552734,7.75,4,978.0,1,3,2,6,False,Do Not Lose,Win-back: 18% off next 3 bookings + free upgrade + personalised re-engagement,1
552760,5.333333333333333,3,382.0,3,2,1,6,False,Potential Champions,Frequency incentive: 10% off next 5 bookings + bundle deals + exclusive previews,3
552763,6.0,3,183.0,3,2,1,6,False,Potential Champions,Frequency incentive: 10% off next 5 bookings + bundle deals + exclusive previews,3
552775,9.0,3,2451.0,1,2,3,6,False,At Risk (High Value),Aggressive win-back: 22% off + lounge access + concierge outreach,1
552809,7.333333333333333,4,1883.2,2,3,2,7,False,Loyal Customers,Free checked bag + 10% loyalty discount + priority service,2
552861,5.0,1,312.0,3,1,1,5,False,Promising (Growth),First-booking incentive: 12% off + free cancellation on first 2 bookings,4
552904,6.75,4,1875.9,2,3,2,7,False,Loyal Customers,Free checked bag + 10% loyalty discount + priority service,2
552929,9.666666666666666,4,5321.0,1,3,3,7,False,Do Not Lose,Win-back: 18% off next 3 bookings + free upgrade + personalised re-engagement,1
552944,5.333333333333333,3,3836.2,3,2,3,8,False,Potential Champions,Frequency incentive: 10% off next 5 bookings + bundle deals + exclusive previews,3
552945,8.25,5,6078.0,1,3,3,7,False,Do Not Lose,Win-back: 18% off next 3 bookings + free upgrade + personalised re-engagement,1
553017,5.0,5,8656.0,3,3,3,9,False,Champions,Loyalty rewards + quarterly exclusive offers + referral bonus,2
553054,0.0,0,0.0,1,1,1,3,True,Hibernating,Soft re-engagement: 10% off + new feature notification (minimal investment),5
553139,6.5,4,3338.0,2,3,3,8,False,Loyal Customers,Free checked bag + 10% loyalty discount + priority service,2
553151,6.666666666666666,4,795.0,2,3,1,6,False,Loyal Customers,Free checked bag + 10% loyalty discount + priority service,2
553208,0.0,1,531.0,3,1,1,5,False,Promising (Growth),First-booking incentive: 12% off + free cancellation on first 2 bookings,4
553219,7.25,5,3008.7,2,3,3,8,False,Loyal Customers,Free checked bag + 10% loyalty discount + priority service,2
553220,2.5,3,2602.0,3,2,3,8,False,Potential Champions,Frequency incentive: 10% off next 5 bookings + bundle deals + exclusive previews,3
553231,6.0,3,1130.4,3,2,2,7,False,Potential Champions,Frequency incentive: 10% off next 5 bookings + bundle deals + exclusive previews,3
553245,9.0,1,2068.0,1,1,3,5,False,Hibernating,Soft re-engagement: 10% off + new feature notification (minimal investment),5
553339,6.25,4,4782.0,2,3,3,8,False,Loyal Customers,Free checked bag + 10% loyalty discount + priority service,2
553361,7.333333333333333,4,2131.6,2,3,3,8,False,Loyal Customers,Free checked bag + 10% loyalty discount + priority service,2
553456,6.666666666666666,3,1494.0,2,2,2,6,False,Need Attention,Engagement bonus: 12% off + free baggage + loyalty enrolment incentive,3
553533,7.0,1,87.0,2,1,1,4,False,About to Sleep,Re-engagement: 18% off + free hotel voucher + last-chance exclusive,4
553559,4.0,2,1539.0,3,1,2,6,False,Promising (Growth),First-booking incentive: 12% off + free cancellation on first 2 bookings,4
553568,6.5,4,1487.0,2,3,2,7,False,Loyal Customers,Free checked bag + 10% loyalty discount + priority service,2
553607,5.666666666666666,3,3296.55,3,2,3,8,False,Potential Champions,Frequency incentive: 10% off next 5 bookings + bundle deals + exclusive previews,3
553631,0.0,0,0.0,1,1,1,3,True,Hibernating,Soft re-engagement: 10% off + new feature notification (minimal investment),5
553633,0.0,0,0.0,1,1,1,3,True,Hibernating,Soft re-engagement: 10% off + new feature notification (minimal investment),5
553645,7.333333333333333,4,2781.0,2,3,3,8,False,Loyal Customers,Free checked bag + 10% loyalty discount + priority service,2
553664,9.0,2,1091.7,1,1,2,4,False,Hibernating,Soft re-engagement: 10% off + new feature notification (minimal investment),5
553690,0.0,0,0.0,1,1,1,3,True,Hibernating,Soft re-engagement: 10% off + new feature notification (minimal investment),5
553704,5.0,2,1168.0,3,1,2,6,False,Promising (Growth),First-booking incentive: 12% off + free cancellation on first 2 bookings,4
553743,12.0,1,0.0,1,1,1,3,False,Hibernating,Soft re-engagement: 10% off + new feature notification (minimal investment),5
553751,7.333333333333333,3,2158.55,2,2,3,7,False,Need Attention,Engagement bonus: 12% off + free baggage + loyalty enrolment incentive,3
553754,6.0,3,1142.0,3,2,2,7,False,Potential Champions,Frequency incentive: 10% off next 5 bookings + bundle deals + exclusive previews,3
553773,6.666666666666666,3,2802.0,2,2,3,7,False,Need Attention,Engagement bonus: 12% off + free baggage + loyalty enrolment incentive,3
553783,5.0,1,351.0,3,1,1,5,False,Promising (Growth),First-booking incentive: 12% off + free cancellation on first 2 bookings,4
553791,5.0,3,2076.0,3,2,3,8,False,Potential Champions,Frequency incentive: 10% off next 5 bookings + bundle deals + exclusive previews,3
553805,10.0,2,81.0,1,1,1,3,False,Hibernating,Soft re-engagement: 10% off + new feature notification (minimal investment),5
553876,7.0,3,2210.0,2,2,3,7,False,Need Attention,Engagement bonus: 12% off + free baggage + loyalty enrolment incentive,3
553901,185.5,3,5470.0,1,2,3,6,False,At Risk (High Value),Aggressive win-back: 22% off + lounge access + concierge outreach,1
553904,115.5,2,2618.0,1,1,3,5,False,Hibernating,Soft re-engagement: 10% off + new feature notification (minimal investment),5
553938,6.5,2,496.0,2,2,1,5,False,Need Attention,Engagement bonus: 12% off + free baggage + loyalty enrolment incentive,3
553943,6.25,4,1317.0,2,3,2,7,False,Loyal Customers,Free checked bag + 10% loyalty discount + priority service,2
553955,6.5,6,1266.0,2,3,2,7,False,Loyal Customers,Free checked bag + 10% loyalty discount + priority service,2
553967,7.0,2,496.0,2,2,1,5,False,Need Attention,Engagement bonus: 12% off + free baggage + loyalty enrolment incentive,3
553984,8.0,1,700.0,1,1,1,3,False,Hibernating,Soft re-engagement: 10% off + new feature notification (minimal investment),5
553985,8.5,2,207.0,1,2,1,4,False,At Risk,Basic re-engagement: 12% off + flash sale notification,5
554026,7.5,4,1935.2,2,3,2,7,False,Loyal Customers,Free checked bag + 10% loyalty discount + priority service,2
554079,6.333333333333333,5,3253.3,2,3,3,8,False,Loyal Customers,Free checked bag + 10% loyalty discount + priority service,2
554141,6.333333333333333,4,1808.45,2,3,2,7,False,Loyal Customers,Free checked bag + 10% loyalty discount + priority service,2
554155,5.0,2,2570.0,3,2,3,8,False,Potential Champions,Frequency incentive: 10% off next 5 bookings + bundle deals + exclusive previews,3
554163,6.5,6,1479.0,2,3,2,7,False,Loyal Customers,Free checked bag + 10% loyalty discount + priority service,2
554175,9.666666666666666,3,1543.0,1,2,2,5,False,At Risk,Basic re-engagement: 12% off + flash sale notification,5
554202,9.0,2,657.9,1,2,1,4,False,At Risk,Basic re-engagement: 12% off + flash sale notification,5
554213,7.0,2,360.0,2,2,1,5,False,Need Attention,Engagement bonus: 12% off + free baggage + loyalty enrolment incentive,3
554217,5.5,2,870.0,3,2,2,7,False,Potential Champions,Frequency incentive: 10% off next 5 bookings + bundle deals + exclusive previews,3
554269,6.666666666666666,3,533.0,2,2,1,5,False,Need Attention,Engagement bonus: 12% off + free baggage + loyalty enrolment incentive,3
554284,15.0,2,445.0,1,2,1,4,False,At Risk,Basic re-engagement: 12% off + flash sale notification,5
554289,0.0,1,1296.0,3,1,2,6,False,Promising (Growth),First-booking incentive: 12% off + free cancellation on first 2 bookings,4
554299,0.0,0,0.0,1,1,1,3,True,Hibernating,Soft re-engagement: 10% off + new feature notification (minimal investment),5
554357,0.0,0,0.0,1,1,1,3,True,Hibernating,Soft re-engagement: 10% off + new feature notification (minimal investment),5
554413,6.75,4,2776.0,2,3,3,8,False,Loyal Customers,Free checked bag + 10% loyalty discount + priority service,2
554444,6.0,3,804.0,3,2,1,6,False,Potential Champions,Frequency incentive: 10% off next 5 bookings + bundle deals + exclusive previews,3
554450,0.0,0,0.0,1,1,1,3,True,Hibernating,Soft re-engagement: 10% off + new feature notification (minimal investment),5
554507,10.0,3,708.0,1,2,1,4,False,At Risk,Basic re-engagement: 12% off + flash sale notification,5
554532,7.0,3,1650.0,2,2,2,6,False,Need Attention,Engagement bonus: 12% off + free baggage + loyalty enrolment incentive,3
554560,7.0,1,906.3,2,1,2,5,False,About to Sleep,Re-engagement: 18% off + free hotel voucher + last-chance exclusive,4
554609,6.0,2,1102.0,3,2,2,7,False,Potential Champions,Frequency incentive: 10% off next 5 bookings + bundle deals + exclusive previews,3
554632,0.0,1,91.8,3,1,1,5,False,Promising (Growth),First-booking incentive: 12% off + free cancellation on first 2 bookings,4
554670,7.0,2,96.0,2,2,1,5,False,Need Attention,Engagement bonus: 12% off + free baggage + loyalty enrolment incentive,3
554681,0.0,1,3500.0,3,1,3,7,False,Promising (High-Value),Tiered loyalty benefits + early access to sales + free cancellation (2 bookings),1
554724,0.0,1,1090.0,3,1,2,6,False,Promising (Growth),First-booking incentive: 12% off + free cancellation on first 2 bookings,4
554753,67.25,4,1485.2,1,3,2,6,False,Do Not Lose,Win-back: 18% off next 3 bookings + free upgrade + personalised re-engagement,1
554801,117.33333333333331,3,2634.0,1,2,3,6,False,At Risk (High Value),Aggressive win-back: 22% off + lounge access + concierge outreach,1
554853,9.0,2,5865.0,1,2,3,6,False,At Risk (High Value),Aggressive win-back: 22% off + lounge access + concierge outreach,1
554866,0.0,0,0.0,1,1,1,3,True,Hibernating,Soft re-engagement: 10% off + new feature notification (minimal investment),5
554885,6.6,5,3355.2,2,3,3,8,False,Loyal Customers,Free checked bag + 10% loyalty discount + priority service,2
554922,3.0,1,272.0,3,1,1,5,False,Promising (Growth),First-booking incentive: 12% off + free cancellation on first 2 bookings,4
554939,0.0,0,0.0,1,1,1,3,True,Hibernating,Soft re-engagement: 10% off + new feature notification (minimal investment),5
554949,0.0,0,0.0,1,1,1,3,True,Hibernating,Soft re-engagement: 10% off + new feature notification (minimal investment),5
554956,7.0,5,2253.0,2,3,3,8,False,Loyal Customers,Free checked bag + 10% loyalty discount + priority service,2
554961,5.0,4,5343.0,3,3,3,9,False,Champions,Loyalty rewards + quarterly exclusive offers + referral bonus,2
555030,0.0,0,0.0,1,1,1,3,True,Hibernating,Soft re-engagement: 10% off + new feature notification (minimal investment),5
555058,130.0,2,855.0,1,2,2,5,False,At Risk,Basic re-engagement: 12% off + flash sale notification,5
555075,0.0,0,0.0,1,1,1,3,True,Hibernating,Soft re-engagement: 10% off + new feature notification (minimal investment),5
555083,6.0,2,4068.0,3,2,3,8,False,Potential Champions,Frequency incentive: 10% off next 5 bookings + bundle deals + exclusive previews,3
555108,6.666666666666666,3,1112.0,2,2,2,6,False,Need Attention,Engagement bonus: 12% off + free baggage + loyalty enrolment incentive,3
555135,9.666666666666666,6,4233.7,1,3,3,7,False,Do Not Lose,Win-back: 18% off next 3 bookings + free upgrade + personalised re-engagement,1
555147,5.0,1,104.0,3,1,1,5,False,Promising (Growth),First-booking incentive: 12% off + free cancellation on first 2 bookings,4
555151,76.5,6,1891.8,1,3,2,6,False,Do Not Lose,Win-back: 18% off next 3 bookings + free upgrade + personalised re-engagement,1
555180,10.0,2,3042.0,1,2,3,6,False,At Risk (High Value),Aggressive win-back: 22% off + lounge access + concierge outreach,1
555186,7.0,4,1757.6,2,3,2,7,False,Loyal Customers,Free checked bag + 10% loyalty discount + priority service,2
555187,0.0,0,0.0,1,1,1,3,True,Hibernating,Soft re-engagement: 10% off + new feature notification (minimal investment),5
555191,9.0,2,1557.0,1,2,2,5,False,At Risk,Basic re-engagement: 12% off + flash sale notification,5
555193,8.5,2,264.2,1,2,1,4,False,At Risk,Basic re-engagement: 12% off + flash sale notification,5
555203,0.0,2,3741.0,3,2,3,8,False,Potential Champions,Frequency incentive: 10% off next 5 bookings + bundle deals + exclusive previews,3
555206,5.5,5,2622.0,3,3,3,9,False,Champions,Loyalty rewards + quarterly exclusive offers + referral bonus,2
555250,5.0,1,0.0,3,1,1,5,False,Promising (Growth),First-booking incentive: 12% off + free cancellation on first 2 bookings,4
555257,8.333333333333332,3,934.0,1,2,2,5,False,At Risk,Basic re-engagement: 12% off + flash sale notification,5
555275,4.5,2,544.0,3,2,1,6,False,Potential Champions,Frequency incentive: 10% off next 5 bookings + bundle deals + exclusive previews,3
555277,7.0,1,428.0,2,1,1,4,False,About to Sleep,Re-engagement: 18% off + free hotel voucher + last-chance exclusive,4
555299,9.0,1,272.0,1,1,1,3,False,Hibernating,Soft re-engagement: 10% off + new feature notification (minimal investment),5
555301,6.333333333333333,4,2409.0,2,3,3,8,False,Loyal Customers,Free checked bag + 10% loyalty discount + priority service,2
555310,9.5,5,2508.25,1,3,3,7,False,Do Not Lose,Win-back: 18% off next 3 bookings + free upgrade + personalised re-engagement,1
555326,4.5,2,821.0,3,2,1,6,False,Potential Champions,Frequency incentive: 10% off next 5 bookings + bundle deals + exclusive previews,3
555334,6.0,1,0.0,3,1,1,5,False,Promising (Growth),First-booking incentive: 12% off + free cancellation on first 2 bookings,4
555418,0.0,0,0.0,1,1,1,3,True,Hibernating,Soft re-engagement: 10% off + new feature notification (minimal investment),5
555428,4.5,3,2417.0,3,2,3,8,False,Potential Champions,Frequency incentive: 10% off next 5 bookings + bundle deals + exclusive previews,3
555478,106.66666666666666,3,3627.0,1,2,3,6,False,At Risk (High Value),Aggressive win-back: 22% off + lounge access + concierge outreach,1
555484,7.5,5,6023.0,2,3,3,8,False,Loyal Customers,Free checked bag + 10% loyalty discount + priority service,2
555492,8.0,2,0.0,1,2,1,4,False,At Risk,Basic re-engagement: 12% off + flash sale notification,5
555499,6.666666666666666,4,2315.0,2,3,3,8,False,Loyal Customers,Free checked bag + 10% loyalty discount + priority service,2
555521,5.5,2,7655.0,3,2,3,8,False,Potential Champions,Frequency incentive: 10% off next 5 bookings + bundle deals + exclusive previews,3
555563,6.666666666666666,4,2952.0,2,3,3,8,False,Loyal Customers,Free checked bag + 10% loyalty discount + priority service,2
555587,7.0,4,2522.4,2,3,3,8,False,Loyal Customers,Free checked bag + 10% loyalty discount + priority service,2
555600,6.5,2,4481.05,2,2,3,7,False,Need Attention,Engagement bonus: 12% off + free baggage + loyalty enrolment incentive,3
555648,8.0,5,2475.6,1,3,3,7,False,Do Not Lose,Win-back: 18% off next 3 bookings + free upgrade + personalised re-engagement,1
555656,0.0,0,0.0,1,1,1,3,True,Hibernating,Soft re-engagement: 10% off + new feature notification (minimal investment),5
555698,5.0,2,337.0,3,2,1,6,False,Potential Champions,Frequency incentive: 10% off next 5 bookings + bundle deals + exclusive previews,3
555710,5.5,3,4348.0,3,2,3,8,False,Potential Champions,Frequency incentive: 10% off next 5 bookings + bundle deals + exclusive previews,3
555712,0.0,0,0.0,1,1,1,3,True,Hibernating,Soft re-engagement: 10% off + new feature notification (minimal investment),5
555751,6.5,2,160.0,2,2,1,5,False,Need Attention,Engagement bonus: 12% off + free baggage + loyalty enrolment incentive,3
555770,8.5,4,2329.1,1,3,3,7,False,Do Not Lose,Win-back: 18% off next 3 bookings + free upgrade + personalised re-engagement,1
555773,0.0,0,0.0,1,1,1,3,True,Hibernating,Soft re-engagement: 10% off + new feature notification (minimal investment),5
555782,5.0,2,793.0,3,2,1,6,False,Potential Champions,Frequency incentive: 10% off next 5 bookings + bundle deals + exclusive previews,3
555784,6.0,3,4738.0,3,2,3,8,False,Potential Champions,Frequency incentive: 10% off next 5 bookings + bundle deals + exclusive previews,3
555796,6.333333333333333,4,2832.0,2,3,3,8,False,Loyal Customers,Free checked bag + 10% loyalty discount + priority service,2
555818,0.0,0,0.0,1,1,1,3,True,Hibernating,Soft re-engagement: 10% off + new feature notification (minimal investment),5
555850,8.5,2,942.0,1,2,2,5,False,At Risk,Basic re-engagement: 12% off + flash sale notification,5
555852,7.5,4,7396.0,2,3,3,8,False,Loyal Customers,Free checked bag + 10% loyalty discount + priority service,2
555894,6.0,4,450.4,3,3,1,7,False,Champions,Loyalty rewards + quarterly exclusive offers + referral bonus,2
555934,6.333333333333333,3,1205.0,2,2,2,6,False,Need Attention,Engagement bonus: 12% off + free baggage + loyalty enrolment incentive,3
555960,0.0,0,0.0,1,1,1,3,True,Hibernating,Soft re-engagement: 10% off + new feature notification (minimal investment),5
555990,0.0,1,548.0,3,1,1,5,False,Promising (Growth),First-booking incentive: 12% off + free cancellation on first 2 bookings,4
555997,7.285714285714285,7,3852.1,2,3,3,8,False,Loyal Customers,Free checked bag + 10% loyalty discount + priority service,2
556015,9.33333333333333,3,1222.0,1,2,2,5,False,At Risk,Basic re-engagement: 12% off + flash sale notification,5
556019,5.0,3,1018.0,3,2,2,7,False,Potential Champions,Frequency incentive: 10% off next 5 bookings + bundle deals + exclusive previews,3
556043,8.0,1,0.0,1,1,1,3,False,Hibernating,Soft re-engagement: 10% off + new feature notification (minimal investment),5
556052,8.333333333333332,3,888.0,1,2,2,5,False,At Risk,Basic re-engagement: 12% off + flash sale notification,5
556067,7.8,5,4797.0,1,3,3,7,False,Do Not Lose,Win-back: 18% off next 3 bookings + free upgrade + personalised re-engagement,1
556111,4.666666666666666,3,7991.7,3,2,3,8,False,Potential Champions,Frequency incentive: 10% off next 5 bookings + bundle deals + exclusive previews,3
556119,9.0,2,560.4,1,2,1,4,False,At Risk,Basic re-engagement: 12% off + flash sale notification,5
556127,8.0,3,1194.0,1,2,2,5,False,At Risk,Basic re-engagement: 12% off + flash sale notification,5
556138,7.0,4,1565.0,2,3,2,7,False,Loyal Customers,Free checked bag + 10% loyalty discount + priority service,2
556199,0.0,0,0.0,1,1,1,3,True,Hibernating,Soft re-engagement: 10% off + new feature notification (minimal investment),5
556214,6.5,2,580.5,2,2,1,5,False,Need Attention,Engagement bonus: 12% off + free baggage + loyalty enrolment incentive,3
556215,9.5,2,252.0,1,2,1,4,False,At Risk,Basic re-engagement: 12% off + flash sale notification,5
556268,10.5,2,157.0,1,2,1,4,False,At Risk,Basic re-engagement: 12% off + flash sale notification,5
556274,336.0,2,1136.0,1,2,2,5,False,At Risk,Basic re-engagement: 12% off + flash sale notification,5
556314,100.5,2,4290.0,1,2,3,6,False,At Risk (High Value),Aggressive win-back: 22% off + lounge access + concierge outreach,1
556347,9.25,4,951.0,1,3,2,6,False,Do Not Lose,Win-back: 18% off next 3 bookings + free upgrade + personalised re-engagement,1
556391,6.0,1,340.0,3,1,1,5,False,Promising (Growth),First-booking incentive: 12% off + free cancellation on first 2 bookings,4
556395,0.0,0,0.0,1,1,1,3,True,Hibernating,Soft re-engagement: 10% off + new feature notification (minimal investment),5
556417,0.0,0,0.0,1,1,1,3,True,Hibernating,Soft re-engagement: 10% off + new feature notification (minimal investment),5
556533,7.0,3,2645.0,2,2,3,7,False,Need Attention,Engagement bonus: 12% off + free baggage + loyalty enrolment incentive,3
556579,0.0,2,1070.0,3,2,2,7,False,Potential Champions,Frequency incentive: 10% off next 5 bookings + bundle deals + exclusive previews,3
556621,0.0,1,2736.0,3,1,3,7,False,Promising (High-Value),Tiered loyalty benefits + early access to sales + free cancellation (2 bookings),1
556622,5.75,4,2172.0,3,3,3,9,False,Champions,Loyalty rewards + quarterly exclusive offers + referral bonus,2
556623,8.0,1,177.0,1,1,1,3,False,Hibernating,Soft re-engagement: 10% off + new feature notification (minimal investment),5
556647,5.5,2,2347.0,3,2,3,8,False,Potential Champions,Frequency incentive: 10% off next 5 bookings + bundle deals + exclusive previews,3
556673,7.0,3,2405.0,2,2,3,7,False,Need Attention,Engagement bonus: 12% off + free baggage + loyalty enrolment incentive,3
556714,6.5,2,441.0,2,2,1,5,False,Need Attention,Engagement bonus: 12% off + free baggage + loyalty enrolment incentive,3
556744,5.666666666666666,3,3910.0,3,2,3,8,False,Potential Champions,Frequency incentive: 10% off next 5 bookings + bundle deals + exclusive previews,3
556824,6.5,4,695.0,2,3,1,6,False,Loyal Customers,Free checked bag + 10% loyalty discount + priority service,2
556827,8.0,3,2088.0,1,2,3,6,False,At Risk (High Value),Aggressive win-back: 22% off + lounge access + concierge outreach,1
556830,6.0,3,3568.9,3,2,3,8,False,Potential Champions,Frequency incentive: 10% off next 5 bookings + bundle deals + exclusive previews,3
556841,6.0,3,396.0,3,2,1,6,False,Potential Champions,Frequency incentive: 10% off next 5 bookings + bundle deals + exclusive previews,3
556887,89.25,4,6797.2,1,3,3,7,False,Do Not Lose,Win-back: 18% off next 3 bookings + free upgrade + personalised re-engagement,1
556900,0.0,1,153.6,3,1,1,5,False,Promising (Growth),First-booking incentive: 12% off + free cancellation on first 2 bookings,4
556904,6.666666666666666,3,2838.0,2,2,3,7,False,Need Attention,Engagement bonus: 12% off + free baggage + loyalty enrolment incentive,3
556906,8.5,3,1257.0,1,2,2,5,False,At Risk,Basic re-engagement: 12% off + flash sale notification,5
557005,69.0,4,5569.0,1,3,3,7,False,Do Not Lose,Win-back: 18% off next 3 bookings + free upgrade + personalised re-engagement,1
557010,0.0,0,0.0,1,1,1,3,True,Hibernating,Soft re-engagement: 10% off + new feature notification (minimal investment),5
557033,7.666666666666665,3,1954.0,1,2,2,5,False,At Risk,Basic re-engagement: 12% off + flash sale notification,5
557036,108.33333333333331,3,106.0,1,2,1,4,False,At Risk,Basic re-engagement: 12% off + flash sale notification,5
557055,13.0,2,1566.0,1,2,2,5,False,At Risk,Basic re-engagement: 12% off + flash sale notification,5
557107,7.5,5,3455.2,2,3,3,8,False,Loyal Customers,Free checked bag + 10% loyalty discount + priority service,2
557108,4.0,1,153.0,3,1,1,5,False,Promising (Growth),First-booking incentive: 12% off + free cancellation on first 2 bookings,4
557118,7.8,5,1436.2,1,3,2,6,False,Do Not Lose,Win-back: 18% off next 3 bookings + free upgrade + personalised re-engagement,1
557134,6.5,5,13624.0,2,3,3,8,False,Loyal Customers,Free checked bag + 10% loyalty discount + priority service,2
557236,6.5,4,1361.0,2,3,2,7,False,Loyal Customers,Free checked bag + 10% loyalty discount + priority service,2
557248,0.0,0,0.0,1,1,1,3,True,Hibernating,Soft re-engagement: 10% off + new feature notification (minimal investment),5
557262,9.0,3,3094.0,1,2,3,6,False,At Risk (High Value),Aggressive win-back: 22% off + lounge access + concierge outreach,1
557282,6.5,2,2458.3,2,2,3,7,False,Need Attention,Engagement bonus: 12% off + free baggage + loyalty enrolment incentive,3
557298,5.5,2,1056.0,3,2,2,7,False,Potential Champions,Frequency incentive: 10% off next 5 bookings + bundle deals + exclusive previews,3
557307,8.0,1,226.0,1,1,1,3,False,Hibernating,Soft re-engagement: 10% off + new feature notification (minimal investment),5
557314,7.75,4,4256.0,1,3,3,7,False,Do Not Lose,Win-back: 18% off next 3 bookings + free upgrade + personalised re-engagement,1
557343,12.0,1,73.95,1,1,1,3,False,Hibernating,Soft re-engagement: 10% off + new feature notification (minimal investment),5
557402,8.0,1,326.0,1,1,1,3,False,Hibernating,Soft re-engagement: 10% off + new feature notification (minimal investment),5
557449,7.0,1,126.0,2,1,1,4,False,About to Sleep,Re-engagement: 18% off + free hotel voucher + last-chance exclusive,4
557476,11.333333333333332,3,2834.0,1,2,3,6,False,At Risk (High Value),Aggressive win-back: 22% off + lounge access + concierge outreach,1
557492,8.0,2,7444.0,1,2,3,6,False,At Risk (High Value),Aggressive win-back: 22% off + lounge access + concierge outreach,1
557496,8.0,1,450.0,1,1,1,3,False,Hibernating,Soft re-engagement: 10% off + new feature notification (minimal investment),5
557508,8.5,4,1278.4,1,3,2,6,False,Do Not Lose,Win-back: 18% off next 3 bookings + free upgrade + personalised re-engagement,1
557525,5.666666666666666,3,383.0,3,2,1,6,False,Potential Champions,Frequency incentive: 10% off next 5 bookings + bundle deals + exclusive previews,3
557562,7.333333333333333,5,7865.1,2,3,3,8,False,Loyal Customers,Free checked bag + 10% loyalty discount + priority service,2
557569,0.0,1,4650.0,3,1,3,7,False,Promising (High-Value),Tiered loyalty benefits + early access to sales + free cancellation (2 bookings),1
557643,6.666666666666666,3,1882.0,2,2,2,6,False,Need Attention,Engagement bonus: 12% off + free baggage + loyalty enrolment incentive,3
557672,7.333333333333333,3,564.0,2,2,1,5,False,Need Attention,Engagement bonus: 12% off + free baggage + loyalty enrolment incentive,3
557692,7.5,3,5642.0,2,2,3,7,False,Need Attention,Engagement bonus: 12% off + free baggage + loyalty enrolment incentive,3
557726,10.0,1,0.0,1,1,1,3,False,Hibernating,Soft re-engagement: 10% off + new feature notification (minimal investment),5
557762,0.0,1,1104.0,3,1,2,6,False,Promising (Growth),First-booking incentive: 12% off + free cancellation on first 2 bookings,4
557794,7.25,4,2144.0,2,3,3,8,False,Loyal Customers,Free checked bag + 10% loyalty discount + priority service,2
557799,0.0,1,546.0,3,1,1,5,False,Promising (Growth),First-booking incentive: 12% off + free cancellation on first 2 bookings,4
557815,8.5,3,2029.1,1,2,2,5,False,At Risk,Basic re-engagement: 12% off + flash sale notification,5
557834,4.0,1,146.0,3,1,1,5,False,Promising (Growth),First-booking incentive: 12% off + free cancellation on first 2 bookings,4
557851,5.0,4,4262.85,3,3,3,9,False,Champions,Loyalty rewards + quarterly exclusive offers + referral bonus,2
557875,9.5,2,1456.0,1,2,2,5,False,At Risk,Basic re-engagement: 12% off + flash sale notification,5
557876,7.0,3,681.5,2,2,1,5,False,Need Attention,Engagement bonus: 12% off + free baggage + loyalty enrolment incentive,3
557879,0.0,0,0.0,1,1,1,3,True,Hibernating,Soft re-engagement: 10% off + new feature notification (minimal investment),5
557887,6.0,3,5744.0,3,2,3,8,False,Potential Champions,Frequency incentive: 10% off next 5 bookings + bundle deals + exclusive previews,3
557921,7.75,4,1676.0,1,3,2,6,False,Do Not Lose,Win-back: 18% off next 3 bookings + free upgrade + personalised re-engagement,1
557932,9.0,4,1790.3,1,3,2,6,False,Do Not Lose,Win-back: 18% off next 3 bookings + free upgrade + personalised re-engagement,1
557956,6.0,3,4464.0,3,2,3,8,False,Potential Champions,Frequency incentive: 10% off next 5 bookings + bundle deals + exclusive previews,3
557957,4.5,2,2075.0,3,2,3,8,False,Potential Champions,Frequency incentive: 10% off next 5 bookings + bundle deals + exclusive previews,3
557963,6.0,2,551.0,3,2,1,6,False,Potential Champions,Frequency incentive: 10% off next 5 bookings + bundle deals + exclusive previews,3
557986,9.0,2,1060.0,1,2,2,5,False,At Risk,Basic re-engagement: 12% off + flash sale notification,5
557992,0.0,0,0.0,1,1,1,3,True,Hibernating,Soft re-engagement: 10% off + new feature notification (minimal investment),5
558018,5.5,2,576.0,3,2,1,6,False,Potential Champions,Frequency incentive: 10% off next 5 bookings + bundle deals + exclusive previews,3
558019,10.0,2,934.0,1,2,2,5,False,At Risk,Basic re-engagement: 12% off + flash sale notification,5
558081,6.666666666666666,3,1530.0,2,2,2,6,False,Need Attention,Engagement bonus: 12% off + free baggage + loyalty enrolment incentive,3
558114,8.0,3,3096.0,1,2,3,6,False,At Risk (High Value),Aggressive win-back: 22% off + lounge access + concierge outreach,1
558138,6.5,4,2271.0,2,3,3,8,False,Loyal Customers,Free checked bag + 10% loyalty discount + priority service,2
558147,0.0,1,10764.0,3,1,3,7,False,Promising (High-Value),Tiered loyalty benefits + early access to sales + free cancellation (2 bookings),1
558202,3.5,3,4660.0,3,2,3,8,False,Potential Champions,Frequency incentive: 10% off next 5 bookings + bundle deals + exclusive previews,3
558204,7.333333333333333,3,1664.0,2,2,2,6,False,Need Attention,Engagement bonus: 12% off + free baggage + loyalty enrolment incentive,3
558251,6.333333333333333,3,2525.0,2,2,3,7,False,Need Attention,Engagement bonus: 12% off + free baggage + loyalty enrolment incentive,3
558270,8.25,4,651.0,1,3,1,5,False,Do Not Lose,Win-back: 18% off next 3 bookings + free upgrade + personalised re-engagement,1
558277,8.6,5,9582.0,1,3,3,7,False,Do Not Lose,Win-back: 18% off next 3 bookings + free upgrade + personalised re-engagement,1
558294,5.666666666666666,3,2016.9,3,2,2,7,False,Potential Champions,Frequency incentive: 10% off next 5 bookings + bundle deals + exclusive previews,3
558300,5.666666666666666,3,669.0,3,2,1,6,False,Potential Champions,Frequency incentive: 10% off next 5 bookings + bundle deals + exclusive previews,3
558362,5.5,4,2030.0,3,3,2,8,False,Champions,Loyalty rewards + quarterly exclusive offers + referral bonus,2
558388,6.0,4,1577.8,3,3,2,8,False,Champions,Loyalty rewards + quarterly exclusive offers + referral bonus,2
558394,6.0,2,2178.0,3,2,3,8,False,Potential Champions,Frequency incentive: 10% off next 5 bookings + bundle deals + exclusive previews,3
558395,0.0,1,1224.0,3,1,2,6,False,Promising (Growth),First-booking incentive: 12% off + free cancellation on first 2 bookings,4
558437,5.0,1,782.8,3,1,1,5,False,Promising (Growth),First-booking incentive: 12% off + free cancellation on first 2 bookings,4
558466,8.5,2,550.0,1,2,1,4,False,At Risk,Basic re-engagement: 12% off + flash sale notification,5
558489,9.33333333333333,3,252.0,1,2,1,4,False,At Risk,Basic re-engagement: 12% off + flash sale notification,5
558506,6.5,2,522.0,2,2,1,5,False,Need Attention,Engagement bonus: 12% off + free baggage + loyalty enrolment incentive,3
558513,6.0,3,6236.0,3,2,3,8,False,Potential Champions,Frequency incentive: 10% off next 5 bookings + bundle deals + exclusive previews,3
558651,8.0,2,0.0,1,2,1,4,False,At Risk,Basic re-engagement: 12% off + flash sale notification,5
558659,5.0,1,108.0,3,1,1,5,False,Promising (Growth),First-booking incentive: 12% off + free cancellation on first 2 bookings,4
558682,6.0,3,947.6,3,2,2,7,False,Potential Champions,Frequency incentive: 10% off next 5 bookings + bundle deals + exclusive previews,3
558774,8.0,2,0.0,1,2,1,4,False,At Risk,Basic re-engagement: 12% off + flash sale notification,5
558786,8.333333333333332,3,762.0,1,2,1,4,False,At Risk,Basic re-engagement: 12% off + flash sale notification,5
558838,5.8,5,3183.2,3,3,3,9,False,Champions,Loyalty rewards + quarterly exclusive offers + referral bonus,2
558851,0.0,0,0.0,1,1,1,3,True,Hibernating,Soft re-engagement: 10% off + new feature notification (minimal investment),5
558852,0.0,0,0.0,1,1,1,3,True,Hibernating,Soft re-engagement: 10% off + new feature notification (minimal investment),5
558919,0.0,0,0.0,1,1,1,3,True,Hibernating,Soft re-engagement: 10% off + new feature notification (minimal investment),5
558920,5.5,4,2340.0,3,3,3,9,False,Champions,Loyalty rewards + quarterly exclusive offers + referral bonus,2
558966,7.0,3,641.0,2,2,1,5,False,Need Attention,Engagement bonus: 12% off + free baggage + loyalty enrolment incentive,3
558987,9.5,3,2439.0,1,2,3,6,False,At Risk (High Value),Aggressive win-back: 22% off + lounge access + concierge outreach,1
558988,9.0,3,5295.0,1,2,3,6,False,At Risk (High Value),Aggressive win-back: 22% off + lounge access + concierge outreach,1
559068,15.0,2,880.0,1,2,2,5,False,At Risk,Basic re-engagement: 12% off + flash sale notification,5
559071,7.5,3,1015.0,2,2,2,6,False,Need Attention,Engagement bonus: 12% off + free baggage + loyalty enrolment incentive,3
559093,6.333333333333333,5,1579.0,2,3,2,7,False,Loyal Customers,Free checked bag + 10% loyalty discount + priority service,2
559094,0.0,1,1652.0,3,1,2,6,False,Promising (Growth),First-booking incentive: 12% off + free cancellation on first 2 bookings,4
559107,6.666666666666666,4,494.0,2,3,1,6,False,Loyal Customers,Free checked bag + 10% loyalty discount + priority service,2
559112,5.0,3,830.0,3,2,1,6,False,Potential Champions,Frequency incentive: 10% off next 5 bookings + bundle deals + exclusive previews,3
559146,6.0,4,2957.0,3,3,3,9,False,Champions,Loyalty rewards + quarterly exclusive offers + referral bonus,2
559148,6.666666666666666,3,323.2,2,2,1,5,False,Need Attention,Engagement bonus: 12% off + free baggage + loyalty enrolment incentive,3
559164,7.0,1,0.0,2,1,1,4,False,About to Sleep,Re-engagement: 18% off + free hotel voucher + last-chance exclusive,4
559176,6.0,2,588.0,3,2,1,6,False,Potential Champions,Frequency incentive: 10% off next 5 bookings + bundle deals + exclusive previews,3
559194,100.5,2,1294.0,1,2,2,5,False,At Risk,Basic re-engagement: 12% off + flash sale notification,5
559211,7.0,4,1622.0,2,3,2,7,False,Loyal Customers,Free checked bag + 10% loyalty discount + priority service,2
559226,4.0,1,0.0,3,1,1,5,False,Promising (Growth),First-booking incentive: 12% off + free cancellation on first 2 bookings,4
559228,3.0,1,504.0,3,1,1,5,False,Promising (Growth),First-booking incentive: 12% off + free cancellation on first 2 bookings,4
559266,7.0,1,390.0,2,1,1,4,False,About to Sleep,Re-engagement: 18% off + free hotel voucher + last-chance exclusive,4
559277,9.0,4,4674.2,1,3,3,7,False,Do Not Lose,Win-back: 18% off next 3 bookings + free upgrade + personalised re-engagement,1
559324,6.0,3,4637.15,3,2,3,8,False,Potential Champions,Frequency incentive: 10% off next 5 bookings + bundle deals + exclusive previews,3
559345,7.0,2,5792.0,2,2,3,7,False,Need Attention,Engagement bonus: 12% off + free baggage + loyalty enrolment incentive,3
559368,8.333333333333332,3,1616.0,1,2,2,5,False,At Risk,Basic re-engagement: 12% off + flash sale notification,5
559407,6.5,4,2591.0,2,3,3,8,False,Loyal Customers,Free checked bag + 10% loyalty discount + priority service,2
559432,224.0,1,1166.0,1,1,2,4,False,Hibernating,Soft re-engagement: 10% off + new feature notification (minimal investment),5
559441,7.0,2,453.0,2,2,1,5,False,Need Attention,Engagement bonus: 12% off + free baggage + loyalty enrolment incentive,3
559461,0.0,0,0.0,1,1,1,3,True,Hibernating,Soft re-engagement: 10% off + new feature notification (minimal investment),5
559464,7.5,2,1573.0,2,2,2,6,False,Need Attention,Engagement bonus: 12% off + free baggage + loyalty enrolment incentive,3
559465,0.0,0,0.0,1,1,1,3,True,Hibernating,Soft re-engagement: 10% off + new feature notification (minimal investment),5
559468,11.0,2,2446.0,1,2,3,6,False,At Risk (High Value),Aggressive win-back: 22% off + lounge access + concierge outreach,1
559469,9.75,4,827.0,1,3,1,5,False,Do Not Lose,Win-back: 18% off next 3 bookings + free upgrade + personalised re-engagement,1
559473,10.333333333333332,3,728.0,1,2,1,4,False,At Risk,Basic re-engagement: 12% off + flash sale notification,5
559520,7.0,1,1755.0,2,1,2,5,False,About to Sleep,Re-engagement: 18% off + free hotel voucher + last-chance exclusive,4
559537,6.0,2,2270.0,3,2,3,8,False,Potential Champions,Frequency incentive: 10% off next 5 bookings + bundle deals + exclusive previews,3
559547,0.0,1,184.5,3,1,1,5,False,Promising (Growth),First-booking incentive: 12% off + free cancellation on first 2 bookings,4
559661,0.0,0,0.0,1,1,1,3,True,Hibernating,Soft re-engagement: 10% off + new feature notification (minimal investment),5
559695,6.0,3,894.0,3,2,2,7,False,Potential Champions,Frequency incentive: 10% off next 5 bookings + bundle deals + exclusive previews,3
559712,7.0,3,1767.85,2,2,2,6,False,Need Attention,Engagement bonus: 12% off + free baggage + loyalty enrolment incentive,3
559758,0.0,1,858.0,3,1,2,6,False,Promising (Growth),First-booking incentive: 12% off + free cancellation on first 2 bookings,4
559772,5.666666666666666,6,4401.0,3,3,3,9,False,Champions,Loyalty rewards + quarterly exclusive offers + referral bonus,2
559775,8.666666666666666,3,2161.3,1,2,3,6,False,At Risk (High Value),Aggressive win-back: 22% off + lounge access + concierge outreach,1
559782,6.25,4,2309.5,2,3,3,8,False,Loyal Customers,Free checked bag + 10% loyalty discount + priority service,2
559787,74.0,4,1344.0,1,3,2,6,False,Do Not Lose,Win-back: 18% off next 3 bookings + free upgrade + personalised re-engagement,1
559794,7.4,5,1819.1,2,3,2,7,False,Loyal Customers,Free checked bag + 10% loyalty discount + priority service,2
559832,0.0,0,0.0,1,1,1,3,True,Hibernating,Soft re-engagement: 10% off + new feature notification (minimal investment),5
559834,4.0,2,385.0,3,2,1,6,False,Potential Champions,Frequency incentive: 10% off next 5 bookings + bundle deals + exclusive previews,3
559846,6.0,1,1407.6,3,1,2,6,False,Promising (Growth),First-booking incentive: 12% off + free cancellation on first 2 bookings,4
559863,6.333333333333333,3,1749.0,2,2,2,6,False,Need Attention,Engagement bonus: 12% off + free baggage + loyalty enrolment incentive,3
559901,8.25,4,515.0,1,3,1,5,False,Do Not Lose,Win-back: 18% off next 3 bookings + free upgrade + personalised re-engagement,1
559918,6.0,3,6459.0,3,2,3,8,False,Potential Champions,Frequency incentive: 10% off next 5 bookings + bundle deals + exclusive previews,3
559936,9.5,2,392.0,1,2,1,4,False,At Risk,Basic re-engagement: 12% off + flash sale notification,5
559981,7.0,6,3551.0,2,3,3,8,False,Loyal Customers,Free checked bag + 10% loyalty discount + priority service,2
559995,6.0,1,2710.0,3,1,3,7,False,Promising (High-Value),Tiered loyalty benefits + early access to sales + free cancellation (2 bookings),1
560015,7.0,1,228.0,2,1,1,4,False,About to Sleep,Re-engagement: 18% off + free hotel voucher + last-chance exclusive,4
560035,4.5,2,1987.0,3,2,2,7,False,Potential Champions,Frequency incentive: 10% off next 5 bookings + bundle deals + exclusive previews,3
560065,7.0,4,3355.0,2,3,3,8,False,Loyal Customers,Free checked bag + 10% loyalty discount + priority service,2
560078,6.333333333333333,3,196.0,2,2,1,5,False,Need Attention,Engagement bonus: 12% off + free baggage + loyalty enrolment incentive,3
560085,6.75,4,4644.0,2,3,3,8,False,Loyal Customers,Free checked bag + 10% loyalty discount + priority service,2
560090,7.0,3,1091.0,2,2,2,6,False,Need Attention,Engagement bonus: 12% off + free baggage + loyalty enrolment incentive,3
560125,5.5,2,2542.3,3,2,3,8,False,Potential Champions,Frequency incentive: 10% off next 5 bookings + bundle deals + exclusive previews,3
560175,9.5,2,174.0,1,2,1,4,False,At Risk,Basic re-engagement: 12% off + flash sale notification,5
560195,8.2,6,2955.2,1,3,3,7,False,Do Not Lose,Win-back: 18% off next 3 bookings + free upgrade + personalised re-engagement,1
560213,5.0,2,457.0,3,2,1,6,False,Potential Champions,Frequency incentive: 10% off next 5 bookings + bundle deals + exclusive previews,3
560245,8.333333333333332,3,2004.0,1,2,2,5,False,At Risk,Basic re-engagement: 12% off + flash sale notification,5
560257,0.0,1,255.0,3,1,1,5,False,Promising (Growth),First-booking incentive: 12% off + free cancellation on first 2 bookings,4
560273,5.5,3,1851.0,3,2,2,7,False,Potential Champions,Frequency incentive: 10% off next 5 bookings + bundle deals + exclusive previews,3
560279,0.0,0,0.0,1,1,1,3,True,Hibernating,Soft re-engagement: 10% off + new feature notification (minimal investment),5
560291,7.666666666666665,3,1363.0,1,2,2,5,False,At Risk,Basic re-engagement: 12% off + flash sale notification,5
560341,5.0,3,2052.0,3,2,3,8,False,Potential Champions,Frequency incentive: 10% off next 5 bookings + bundle deals + exclusive previews,3
560362,5.25,4,778.0,3,3,1,7,False,Champions,Loyalty rewards + quarterly exclusive offers + referral bonus,2
560367,6.0,5,5818.0,3,3,3,9,False,Champions,Loyalty rewards + quarterly exclusive offers + referral bonus,2
560374,7.75,5,3142.0,1,3,3,7,False,Do Not Lose,Win-back: 18% off next 3 bookings + free upgrade + personalised re-engagement,1
560433,0.0,0,0.0,1,1,1,3,True,Hibernating,Soft re-engagement: 10% off + new feature notification (minimal investment),5
560468,7.0,3,2514.0,2,2,3,7,False,Need Attention,Engagement bonus: 12% off + free baggage + loyalty enrolment incentive,3
560478,9.0,2,1724.0,1,2,2,5,False,At Risk,Basic re-engagement: 12% off + flash sale notification,5
560495,0.0,0,0.0,1,1,1,3,True,Hibernating,Soft re-engagement: 10% off + new feature notification (minimal investment),5
560497,7.0,1,0.0,2,1,1,4,False,About to Sleep,Re-engagement: 18% off + free hotel voucher + last-chance exclusive,4
560508,7.0,1,0.0,2,1,1,4,False,About to Sleep,Re-engagement: 18% off + free hotel voucher + last-chance exclusive,4
560511,7.6,6,4590.0,1,3,3,7,False,Do Not Lose,Win-back: 18% off next 3 bookings + free upgrade + personalised re-engagement,1
560519,11.5,2,847.0,1,2,2,5,False,At Risk,Basic re-engagement: 12% off + flash sale notification,5
560529,0.0,1,1568.0,3,1,2,6,False,Promising (Growth),First-booking incentive: 12% off + free cancellation on first 2 bookings,4
560627,7.5,2,910.0,2,2,2,6,False,Need Attention,Engagement bonus: 12% off + free baggage + loyalty enrolment incentive,3
560672,6.0,3,2437.3,3,2,3,8,False,Potential Champions,Frequency incentive: 10% off next 5 bookings + bundle deals + exclusive previews,3
560680,0.0,0,0.0,1,1,1,3,True,Hibernating,Soft re-engagement: 10% off + new feature notification (minimal investment),5
560723,0.0,0,0.0,1,1,1,3,True,Hibernating,Soft re-engagement: 10% off + new feature notification (minimal investment),5
560733,5.333333333333333,4,2313.0,3,3,3,9,False,Champions,Loyalty rewards + quarterly exclusive offers + referral bonus,2
560739,7.333333333333333,3,1483.0,2,2,2,6,False,Need Attention,Engagement bonus: 12% off + free baggage + loyalty enrolment incentive,3
560747,7.25,4,1657.0,2,3,2,7,False,Loyal Customers,Free checked bag + 10% loyalty discount + priority service,2
560796,7.5,2,1208.7,2,2,2,6,False,Need Attention,Engagement bonus: 12% off + free baggage + loyalty enrolment incentive,3
560803,7.6,5,3483.0,1,3,3,7,False,Do Not Lose,Win-back: 18% off next 3 bookings + free upgrade + personalised re-engagement,1
560854,74.75,4,2577.0,1,3,3,7,False,Do Not Lose,Win-back: 18% off next 3 bookings + free upgrade + personalised re-engagement,1
560870,5.5,2,532.0,3,2,1,6,False,Potential Champions,Frequency incentive: 10% off next 5 bookings + bundle deals + exclusive previews,3
560888,7.0,3,3258.0,2,2,3,7,False,Need Attention,Engagement bonus: 12% off + free baggage + loyalty enrolment incentive,3
560897,6.333333333333333,3,280.0,2,2,1,5,False,Need Attention,Engagement bonus: 12% off + free baggage + loyalty enrolment incentive,3
560915,7.0,1,345.8,2,1,1,4,False,About to Sleep,Re-engagement: 18% off + free hotel voucher + last-chance exclusive,4
560929,9.0,2,369.0,1,2,1,4,False,At Risk,Basic re-engagement: 12% off + flash sale notification,5
560948,0.0,0,0.0,1,1,1,3,True,Hibernating,Soft re-engagement: 10% off + new feature notification (minimal investment),5
560949,6.0,2,4209.0,3,2,3,8,False,Potential Champions,Frequency incentive: 10% off next 5 bookings + bundle deals + exclusive previews,3
560978,56.0,2,5184.0,1,2,3,6,False,At Risk (High Value),Aggressive win-back: 22% off + lounge access + concierge outreach,1
560991,9.5,4,3896.0,1,3,3,7,False,Do Not Lose,Win-back: 18% off next 3 bookings + free upgrade + personalised re-engagement,1
561013,8.0,3,7264.0,1,2,3,6,False,At Risk (High Value),Aggressive win-back: 22% off + lounge access + concierge outreach,1
561031,5.75,4,2807.0,3,3,3,9,False,Champions,Loyalty rewards + quarterly exclusive offers + referral bonus,2
561033,8.25,4,1882.8,1,3,2,6,False,Do Not Lose,Win-back: 18% off next 3 bookings + free upgrade + personalised re-engagement,1
561037,7.0,2,3190.0,2,2,3,7,False,Need Attention,Engagement bonus: 12% off + free baggage + loyalty enrolment incentive,3
561044,0.0,0,0.0,1,1,1,3,True,Hibernating,Soft re-engagement: 10% off + new feature notification (minimal investment),5
561054,69.66666666666666,4,922.2,1,3,2,6,False,Do Not Lose,Win-back: 18% off next 3 bookings + free upgrade + personalised re-engagement,1
561156,0.0,0,0.0,1,1,1,3,True,Hibernating,Soft re-engagement: 10% off + new feature notification (minimal investment),5
561201,131.0,3,744.0,1,2,1,4,False,At Risk,Basic re-engagement: 12% off + flash sale notification,5
561243,7.0,4,1646.4,2,3,2,7,False,Loyal Customers,Free checked bag + 10% loyalty discount + priority service,2
561288,0.0,0,0.0,1,1,1,3,True,Hibernating,Soft re-engagement: 10% off + new feature notification (minimal investment),5
561326,7.0,2,1537.2,2,2,2,6,False,Need Attention,Engagement bonus: 12% off + free baggage + loyalty enrolment incentive,3
561331,6.5,2,1113.9,2,2,2,6,False,Need Attention,Engagement bonus: 12% off + free baggage + loyalty enrolment incentive,3
561333,0.0,0,0.0,1,1,1,3,True,Hibernating,Soft re-engagement: 10% off + new feature notification (minimal investment),5
561339,8.5,2,564.0,1,2,1,4,False,At Risk,Basic re-engagement: 12% off + flash sale notification,5
561353,6.25,4,1138.0,2,3,2,7,False,Loyal Customers,Free checked bag + 10% loyalty discount + priority service,2
561367,9.0,2,165.0,1,2,1,4,False,At Risk,Basic re-engagement: 12% off + flash sale notification,5
561386,7.75,4,2085.35,1,3,3,7,False,Do Not Lose,Win-back: 18% off next 3 bookings + free upgrade + personalised re-engagement,1
561503,9.0,4,1530.0,1,3,2,6,False,Do Not Lose,Win-back: 18% off next 3 bookings + free upgrade + personalised re-engagement,1
561519,0.0,2,14866.0,3,2,3,8,False,Potential Champions,Frequency incentive: 10% off next 5 bookings + bundle deals + exclusive previews,3
561642,5.333333333333333,4,5649.2,3,3,3,9,False,Champions,Loyalty rewards + quarterly exclusive offers + referral bonus,2
561652,5.666666666666666,3,670.0,3,2,1,6,False,Potential Champions,Frequency incentive: 10% off next 5 bookings + bundle deals + exclusive previews,3
561653,7.0,4,1552.0,2,3,2,7,False,Loyal Customers,Free checked bag + 10% loyalty discount + priority service,2
561665,6.0,1,0.0,3,1,1,5,False,Promising (Growth),First-booking incentive: 12% off + free cancellation on first 2 bookings,4
561687,4.5,3,3383.0,3,2,3,8,False,Potential Champions,Frequency incentive: 10% off next 5 bookings + bundle deals + exclusive previews,3
561699,6.0,1,963.0,3,1,2,6,False,Promising (Growth),First-booking incentive: 12% off + free cancellation on first 2 bookings,4
561707,7.5,2,0.0,2,2,1,5,False,Need Attention,Engagement bonus: 12% off + free baggage + loyalty enrolment incentive,3
561710,7.0,3,1044.0,2,2,2,6,False,Need Attention,Engagement bonus: 12% off + free baggage + loyalty enrolment incentive,3
561798,5.666666666666666,3,970.0,3,2,2,7,False,Potential Champions,Frequency incentive: 10% off next 5 bookings + bundle deals + exclusive previews,3
561837,6.0,2,852.0,3,2,2,7,False,Potential Champions,Frequency incentive: 10% off next 5 bookings + bundle deals + exclusive previews,3
561846,6.0,3,1155.8,3,2,2,7,False,Potential Champions,Frequency incentive: 10% off next 5 bookings + bundle deals + exclusive previews,3
561864,10.0,3,3384.0,1,2,3,6,False,At Risk (High Value),Aggressive win-back: 22% off + lounge access + concierge outreach,1
561896,9.0,1,675.0,1,1,1,3,False,Hibernating,Soft re-engagement: 10% off + new feature notification (minimal investment),5
561908,7.0,1,0.0,2,1,1,4,False,About to Sleep,Re-engagement: 18% off + free hotel voucher + last-chance exclusive,4
561945,6.0,1,103.0,3,1,1,5,False,Promising (Growth),First-booking incentive: 12% off + free cancellation on first 2 bookings,4
561950,8.166666666666666,6,4058.0,1,3,3,7,False,Do Not Lose,Win-back: 18% off next 3 bookings + free upgrade + personalised re-engagement,1
561992,5.0,2,1194.0,3,2,2,7,False,Potential Champions,Frequency incentive: 10% off next 5 bookings + bundle deals + exclusive previews,3
561994,7.666666666666665,3,855.0,1,2,2,5,False,At Risk,Basic re-engagement: 12% off + flash sale notification,5
562010,7.0,5,303.0,2,3,1,6,False,Loyal Customers,Free checked bag + 10% loyalty discount + priority service,2
562032,0.0,2,3924.0,3,2,3,8,False,Potential Champions,Frequency incentive: 10% off next 5 bookings + bundle deals + exclusive previews,3
562042,6.0,2,373.0,3,2,1,6,False,Potential Champions,Frequency incentive: 10% off next 5 bookings + bundle deals + exclusive previews,3
562108,7.0,5,3417.0,2,3,3,8,False,Loyal Customers,Free checked bag + 10% loyalty discount + priority service,2
562148,7.5,4,2088.0,2,3,3,8,False,Loyal Customers,Free checked bag + 10% loyalty discount + priority service,2
562161,6.0,2,1324.8,3,2,2,7,False,Potential Champions,Frequency incentive: 10% off next 5 bookings + bundle deals + exclusive previews,3
562192,5.333333333333333,3,272.0,3,2,1,6,False,Potential Champions,Frequency incentive: 10% off next 5 bookings + bundle deals + exclusive previews,3
562209,6.0,2,739.1,3,2,1,6,False,Potential Champions,Frequency incentive: 10% off next 5 bookings + bundle deals + exclusive previews,3
562238,7.0,1,0.0,2,1,1,4,False,About to Sleep,Re-engagement: 18% off + free hotel voucher + last-chance exclusive,4
562275,7.25,4,2320.2,2,3,3,8,False,Loyal Customers,Free checked bag + 10% loyalty discount + priority service,2
562283,0.0,1,367.2,3,1,1,5,False,Promising (Growth),First-booking incentive: 12% off + free cancellation on first 2 bookings,4
562315,6.0,2,429.0,3,2,1,6,False,Potential Champions,Frequency incentive: 10% off next 5 bookings + bundle deals + exclusive previews,3
562334,6.333333333333333,4,1756.0,2,3,2,7,False,Loyal Customers,Free checked bag + 10% loyalty discount + priority service,2
562338,9.0,3,8680.0,1,2,3,6,False,At Risk (High Value),Aggressive win-back: 22% off + lounge access + concierge outreach,1
562362,10.5,2,310.0,1,2,1,4,False,At Risk,Basic re-engagement: 12% off + flash sale notification,5
562398,7.666666666666665,4,5027.4,1,3,3,7,False,Do Not Lose,Win-back: 18% off next 3 bookings + free upgrade + personalised re-engagement,1
562416,4.0,3,2243.0,3,2,3,8,False,Potential Champions,Frequency incentive: 10% off next 5 bookings + bundle deals + exclusive previews,3
562417,7.666666666666665,3,2552.15,1,2,3,6,False,At Risk (High Value),Aggressive win-back: 22% off + lounge access + concierge outreach,1
562428,7.0,3,4576.0,2,2,3,7,False,Need Attention,Engagement bonus: 12% off + free baggage + loyalty enrolment incentive,3
562490,124.33333333333331,3,73.1,1,2,1,4,False,At Risk,Basic re-engagement: 12% off + flash sale notification,5
562516,0.0,0,0.0,1,1,1,3,True,Hibernating,Soft re-engagement: 10% off + new feature notification (minimal investment),5
562529,7.75,4,1364.6,1,3,2,6,False,Do Not Lose,Win-back: 18% off next 3 bookings + free upgrade + personalised re-engagement,1
562576,280.0,3,1654.6,1,2,2,5,False,At Risk,Basic re-engagement: 12% off + flash sale notification,5
562585,5.0,1,210.9,3,1,1,5,False,Promising (Growth),First-booking incentive: 12% off + free cancellation on first 2 bookings,4
562587,0.0,1,1017.0,3,1,2,6,False,Promising (Growth),First-booking incentive: 12% off + free cancellation on first 2 bookings,4
562612,4.5,3,1379.0,3,2,2,7,False,Potential Champions,Frequency incentive: 10% off next 5 bookings + bundle deals + exclusive previews,3
562641,10.0,1,385.6,1,1,1,3,False,Hibernating,Soft re-engagement: 10% off + new feature notification (minimal investment),5
562648,5.666666666666666,3,1593.0,3,2,2,7,False,Potential Champions,Frequency incentive: 10% off next 5 bookings + bundle deals + exclusive previews,3
562708,7.0,5,1816.0,2,3,2,7,False,Loyal Customers,Free checked bag + 10% loyalty discount + priority service,2
562814,0.0,1,1518.0,3,1,2,6,False,Promising (Growth),First-booking incentive: 12% off + free cancellation on first 2 bookings,4
562832,7.5,5,6960.0,2,3,3,8,False,Loyal Customers,Free checked bag + 10% loyalty discount + priority service,2
562843,6.25,4,4450.0,2,3,3,8,False,Loyal Customers,Free checked bag + 10% loyalty discount + priority service,2
562869,8.0,4,1397.0,1,3,2,6,False,Do Not Lose,Win-back: 18% off next 3 bookings + free upgrade + personalised re-engagement,1
562886,7.25,4,842.0,2,3,2,7,False,Loyal Customers,Free checked bag + 10% loyalty discount + priority service,2
562888,0.0,0,0.0,1,1,1,3,True,Hibernating,Soft re-engagement: 10% off + new feature notification (minimal investment),5
562894,7.0,2,61.0,2,2,1,5,False,Need Attention,Engagement bonus: 12% off + free baggage + loyalty enrolment incentive,3
563012,0.0,1,2300.4,3,1,3,7,False,Promising (High-Value),Tiered loyalty benefits + early access to sales + free cancellation (2 bookings),1
563021,5.0,1,402.0,3,1,1,5,False,Promising (Growth),First-booking incentive: 12% off + free cancellation on first 2 bookings,4
563052,0.0,1,312.0,3,1,1,5,False,Promising (Growth),First-booking incentive: 12% off + free cancellation on first 2 bookings,4
563059,9.75,4,1253.0,1,3,2,6,False,Do Not Lose,Win-back: 18% off next 3 bookings + free upgrade + personalised re-engagement,1
563100,5.5,2,3562.0,3,2,3,8,False,Potential Champions,Frequency incentive: 10% off next 5 bookings + bundle deals + exclusive previews,3
563148,6.0,3,2260.0,3,2,3,8,False,Potential Champions,Frequency incentive: 10% off next 5 bookings + bundle deals + exclusive previews,3
563162,5.333333333333333,3,411.2,3,2,1,6,False,Potential Champions,Frequency incentive: 10% off next 5 bookings + bundle deals + exclusive previews,3
563165,5.0,2,1773.0,3,2,2,7,False,Potential Champions,Frequency incentive: 10% off next 5 bookings + bundle deals + exclusive previews,3
563201,6.666666666666666,3,2096.0,2,2,3,7,False,Need Attention,Engagement bonus: 12% off + free baggage + loyalty enrolment incentive,3
563221,8.75,4,2847.0,1,3,3,7,False,Do Not Lose,Win-back: 18% off next 3 bookings + free upgrade + personalised re-engagement,1
563253,5.0,3,2062.5,3,2,3,8,False,Potential Champions,Frequency incentive: 10% off next 5 bookings + bundle deals + exclusive previews,3
563254,9.5,2,1262.0,1,2,2,5,False,At Risk,Basic re-engagement: 12% off + flash sale notification,5
563266,6.5,2,1144.0,2,2,2,6,False,Need Attention,Engagement bonus: 12% off + free baggage + loyalty enrolment incentive,3
563315,5.5,3,2277.8,3,2,3,8,False,Potential Champions,Frequency incentive: 10% off next 5 bookings + bundle deals + exclusive previews,3
563335,5.0,1,125.0,3,1,1,5,False,Promising (Growth),First-booking incentive: 12% off + free cancellation on first 2 bookings,4
563340,6.0,2,0.0,3,2,1,6,False,Potential Champions,Frequency incentive: 10% off next 5 bookings + bundle deals + exclusive previews,3
563342,9.0,1,740.0,1,1,1,3,False,Hibernating,Soft re-engagement: 10% off + new feature notification (minimal investment),5
563343,5.0,2,953.4,3,2,2,7,False,Potential Champions,Frequency incentive: 10% off next 5 bookings + bundle deals + exclusive previews,3
563375,7.5,3,2394.45,2,2,3,7,False,Need Attention,Engagement bonus: 12% off + free baggage + loyalty enrolment incentive,3
563410,4.5,2,932.0,3,2,2,7,False,Potential Champions,Frequency incentive: 10% off next 5 bookings + bundle deals + exclusive previews,3
563425,11.0,2,1844.4,1,2,2,5,False,At Risk,Basic re-engagement: 12% off + flash sale notification,5
563482,12.0,2,1231.6,1,2,2,5,False,At Risk,Basic re-engagement: 12% off + flash sale notification,5
563483,6.75,5,3682.4,2,3,3,8,False,Loyal Customers,Free checked bag + 10% loyalty discount + priority service,2
563489,7.25,5,1305.05,2,3,2,7,False,Loyal Customers,Free checked bag + 10% loyalty discount + priority service,2
563507,7.0,4,920.0,2,3,2,7,False,Loyal Customers,Free checked bag + 10% loyalty discount + priority service,2
563544,8.0,3,2033.4,1,2,2,5,False,At Risk,Basic re-engagement: 12% off + flash sale notification,5
563588,9.0,2,1263.5,1,2,2,5,False,At Risk,Basic re-engagement: 12% off + flash sale notification,5
563592,6.5,3,2749.0,2,2,3,7,False,Need Attention,Engagement bonus: 12% off + free baggage + loyalty enrolment incentive,3
563598,3.0,2,2425.75,3,2,3,8,False,Potential Champions,Frequency incentive: 10% off next 5 bookings + bundle deals + exclusive previews,3
563679,0.0,0,0.0,1,1,1,3,True,Hibernating,Soft re-engagement: 10% off + new feature notification (minimal investment),5
563691,0.0,1,525.0,3,1,1,5,False,Promising (Growth),First-booking incentive: 12% off + free cancellation on first 2 bookings,4
563711,5.666666666666666,3,422.0,3,2,1,6,False,Potential Champions,Frequency incentive: 10% off next 5 bookings + bundle deals + exclusive previews,3
563731,5.5,5,5337.0,3,3,3,9,False,Champions,Loyalty rewards + quarterly exclusive offers + referral bonus,2
563735,6.0,5,3604.95,3,3,3,9,False,Champions,Loyalty rewards + quarterly exclusive offers + referral bonus,2
563736,5.5,3,4861.2,3,2,3,8,False,Potential Champions,Frequency incentive: 10% off next 5 bookings + bundle deals + exclusive previews,3
563740,8.5,3,1025.0,1,2,2,5,False,At Risk,Basic re-engagement: 12% off + flash sale notification,5
563773,5.0,3,4429.0,3,2,3,8,False,Potential Champions,Frequency incentive: 10% off next 5 bookings + bundle deals + exclusive previews,3
563787,8.333333333333332,4,898.0,1,3,2,6,False,Do Not Lose,Win-back: 18% off next 3 bookings + free upgrade + personalised re-engagement,1
563831,0.0,0,0.0,1,1,1,3,True,Hibernating,Soft re-engagement: 10% off + new feature notification (minimal investment),5
563853,7.5,2,375.0,2,2,1,5,False,Need Attention,Engagement bonus: 12% off + free baggage + loyalty enrolment incentive,3
563882,7.666666666666665,3,3725.0,1,2,3,6,False,At Risk (High Value),Aggressive win-back: 22% off + lounge access + concierge outreach,1
563896,6.0,1,154.0,3,1,1,5,False,Promising (Growth),First-booking incentive: 12% off + free cancellation on first 2 bookings,4
563956,7.5,2,1350.0,2,2,2,6,False,Need Attention,Engagement bonus: 12% off + free baggage + loyalty enrolment incentive,3
563974,0.0,1,804.0,3,1,1,5,False,Promising (Growth),First-booking incentive: 12% off + free cancellation on first 2 bookings,4
563995,8.5,2,2532.4,1,2,3,6,False,At Risk (High Value),Aggressive win-back: 22% off + lounge access + concierge outreach,1
564052,9.0,3,1658.0,1,2,2,5,False,At Risk,Basic re-engagement: 12% off + flash sale notification,5
564100,6.2,6,4719.0,2,3,3,8,False,Loyal Customers,Free checked bag + 10% loyalty discount + priority service,2
564101,0.0,0,0.0,1,1,1,3,True,Hibernating,Soft re-engagement: 10% off + new feature notification (minimal investment),5
564112,7.0,3,1424.0,2,2,2,6,False,Need Attention,Engagement bonus: 12% off + free baggage + loyalty enrolment incentive,3
564182,6.0,3,713.6,3,2,1,6,False,Potential Champions,Frequency incentive: 10% off next 5 bookings + bundle deals + exclusive previews,3
564204,7.2,5,2139.0,2,3,3,8,False,Loyal Customers,Free checked bag + 10% loyalty discount + priority service,2
564219,6.0,4,1882.0,3,3,2,8,False,Champions,Loyalty rewards + quarterly exclusive offers + referral bonus,2
564234,5.5,2,312.0,3,2,1,6,False,Potential Champions,Frequency incentive: 10% off next 5 bookings + bundle deals + exclusive previews,3
564252,6.333333333333333,3,1485.0,2,2,2,6,False,Need Attention,Engagement bonus: 12% off + free baggage + loyalty enrolment incentive,3
564258,8.0,3,8342.0,1,2,3,6,False,At Risk (High Value),Aggressive win-back: 22% off + lounge access + concierge outreach,1
564306,9.33333333333333,4,2221.25,1,3,3,7,False,Do Not Lose,Win-back: 18% off next 3 bookings + free upgrade + personalised re-engagement,1
564312,5.0,4,2641.0,3,3,3,9,False,Champions,Loyalty rewards + quarterly exclusive offers + referral bonus,2
564364,9.0,1,3240.0,1,1,3,5,False,Hibernating,Soft re-engagement: 10% off + new feature notification (minimal investment),5
564369,0.0,0,0.0,1,1,1,3,True,Hibernating,Soft re-engagement: 10% off + new feature notification (minimal investment),5
564377,8.0,3,552.0,1,2,1,4,False,At Risk,Basic re-engagement: 12% off + flash sale notification,5
564430,8.8,6,2744.8,1,3,3,7,False,Do Not Lose,Win-back: 18% off next 3 bookings + free upgrade + personalised re-engagement,1
564434,0.0,0,0.0,1,1,1,3,True,Hibernating,Soft re-engagement: 10% off + new feature notification (minimal investment),5
564495,8.0,3,1548.7,1,2,2,5,False,At Risk,Basic re-engagement: 12% off + flash sale notification,5
564498,0.0,0,0.0,1,1,1,3,True,Hibernating,Soft re-engagement: 10% off + new feature notification (minimal investment),5
564517,9.0,4,2109.0,1,3,3,7,False,Do Not Lose,Win-back: 18% off next 3 bookings + free upgrade + personalised re-engagement,1
564534,6.0,3,2729.2,3,2,3,8,False,Potential Champions,Frequency incentive: 10% off next 5 bookings + bundle deals + exclusive previews,3
564588,0.0,2,948.0,3,2,2,7,False,Potential Champions,Frequency incentive: 10% off next 5 bookings + bundle deals + exclusive previews,3
564593,3.0,2,918.0,3,2,2,7,False,Potential Champions,Frequency incentive: 10% off next 5 bookings + bundle deals + exclusive previews,3
564596,5.25,4,2863.0,3,3,3,9,False,Champions,Loyalty rewards + quarterly exclusive offers + referral bonus,2
564604,5.666666666666666,3,650.0,3,2,1,6,False,Potential Champions,Frequency incentive: 10% off next 5 bookings + bundle deals + exclusive previews,3
564606,7.0,3,5008.0,2,2,3,7,False,Need Attention,Engagement bonus: 12% off + free baggage + loyalty enrolment incentive,3
564616,8.0,2,1050.0,1,2,2,5,False,At Risk,Basic re-engagement: 12% off + flash sale notification,5
564620,9.0,3,2748.0,1,2,3,6,False,At Risk (High Value),Aggressive win-back: 22% off + lounge access + concierge outreach,1
564699,7.75,4,1248.0,1,3,2,6,False,Do Not Lose,Win-back: 18% off next 3 bookings + free upgrade + personalised re-engagement,1
564713,97.25,4,1085.0,1,3,2,6,False,Do Not Lose,Win-back: 18% off next 3 bookings + free upgrade + personalised re-engagement,1
564736,7.0,5,4643.6,2,3,3,8,False,Loyal Customers,Free checked bag + 10% loyalty discount + priority service,2
564737,7.0,1,212.5,2,1,1,4,False,About to Sleep,Re-engagement: 18% off + free hotel voucher + last-chance exclusive,4
564792,6.0,2,1383.6,3,2,2,7,False,Potential Champions,Frequency incentive: 10% off next 5 bookings + bundle deals + exclusive previews,3
564822,0.0,0,0.0,1,1,1,3,True,Hibernating,Soft re-engagement: 10% off + new feature notification (minimal investment),5
564842,6.5,2,480.0,2,2,1,5,False,Need Attention,Engagement bonus: 12% off + free baggage + loyalty enrolment incentive,3
564854,5.0,2,988.0,3,2,2,7,False,Potential Champions,Frequency incentive: 10% off next 5 bookings + bundle deals + exclusive previews,3
564962,8.0,4,1217.0,1,3,2,6,False,Do Not Lose,Win-back: 18% off next 3 bookings + free upgrade + personalised re-engagement,1
565056,0.0,0,0.0,1,1,1,3,True,Hibernating,Soft re-engagement: 10% off + new feature notification (minimal investment),5
565070,4.5,2,405.0,3,2,1,6,False,Potential Champions,Frequency incentive: 10% off next 5 bookings + bundle deals + exclusive previews,3
565076,0.0,0,0.0,1,1,1,3,True,Hibernating,Soft re-engagement: 10% off + new feature notification (minimal investment),5
565109,7.5,4,1317.0,2,3,2,7,False,Loyal Customers,Free checked bag + 10% loyalty discount + priority service,2
565114,6.666666666666666,4,1147.55,2,3,2,7,False,Loyal Customers,Free checked bag + 10% loyalty discount + priority service,2
565131,6.333333333333333,3,1444.0,2,2,2,6,False,Need Attention,Engagement bonus: 12% off + free baggage + loyalty enrolment incentive,3
565212,9.5,4,1133.0,1,3,2,6,False,Do Not Lose,Win-back: 18% off next 3 bookings + free upgrade + personalised re-engagement,1
565240,0.0,0,0.0,1,1,1,3,True,Hibernating,Soft re-engagement: 10% off + new feature notification (minimal investment),5
565251,7.333333333333333,3,1005.8,2,2,2,6,False,Need Attention,Engagement bonus: 12% off + free baggage + loyalty enrolment incentive,3
565265,8.666666666666666,4,3824.0,1,3,3,7,False,Do Not Lose,Win-back: 18% off next 3 bookings + free upgrade + personalised re-engagement,1
565275,5.0,2,218.0,3,2,1,6,False,Potential Champions,Frequency incentive: 10% off next 5 bookings + bundle deals + exclusive previews,3
565280,146.0,2,232.0,1,2,1,4,False,At Risk,Basic re-engagement: 12% off + flash sale notification,5
565294,6.0,5,3830.0,3,3,3,9,False,Champions,Loyalty rewards + quarterly exclusive offers + referral bonus,2
565301,8.6,5,2983.0,1,3,3,7,False,Do Not Lose,Win-back: 18% off next 3 bookings + free upgrade + personalised re-engagement,1
565348,0.0,1,2670.0,3,1,3,7,False,Promising (High-Value),Tiered loyalty benefits + early access to sales + free cancellation (2 bookings),1
565365,3.0,1,1928.0,3,1,2,6,False,Promising (Growth),First-booking incentive: 12% off + free cancellation on first 2 bookings,4
565377,7.666666666666665,4,4339.0,1,3,3,7,False,Do Not Lose,Win-back: 18% off next 3 bookings + free upgrade + personalised re-engagement,1
565387,131.5,2,176.0,1,2,1,4,False,At Risk,Basic re-engagement: 12% off + flash sale notification,5
565419,9.666666666666666,3,360.05,1,2,1,4,False,At Risk,Basic re-engagement: 12% off + flash sale notification,5
565459,7.666666666666665,3,440.6,1,2,1,4,False,At Risk,Basic re-engagement: 12% off + flash sale notification,5
565460,7.5,3,2645.0,2,2,3,7,False,Need Attention,Engagement bonus: 12% off + free baggage + loyalty enrolment incentive,3
565464,7.5,2,462.0,2,2,1,5,False,Need Attention,Engagement bonus: 12% off + free baggage + loyalty enrolment incentive,3
565467,8.5,3,2306.0,1,2,3,6,False,At Risk (High Value),Aggressive win-back: 22% off + lounge access + concierge outreach,1
565487,0.0,0,0.0,1,1,1,3,True,Hibernating,Soft re-engagement: 10% off + new feature notification (minimal investment),5
565508,0.0,0,0.0,1,1,1,3,True,Hibernating,Soft re-engagement: 10% off + new feature notification (minimal investment),5
565510,6.0,3,1127.9,3,2,2,7,False,Potential Champions,Frequency incentive: 10% off next 5 bookings + bundle deals + exclusive previews,3
565511,0.0,0,0.0,1,1,1,3,True,Hibernating,Soft re-engagement: 10% off + new feature notification (minimal investment),5
565514,6.25,4,510.0,2,3,1,6,False,Loyal Customers,Free checked bag + 10% loyalty discount + priority service,2
565565,9.5,3,1088.0,1,2,2,5,False,At Risk,Basic re-engagement: 12% off + flash sale notification,5
565573,7.666666666666665,6,3645.0,1,3,3,7,False,Do Not Lose,Win-back: 18% off next 3 bookings + free upgrade + personalised re-engagement,1
565582,7.0,2,1052.0,2,2,2,6,False,Need Attention,Engagement bonus: 12% off + free baggage + loyalty enrolment incentive,3
565601,0.0,0,0.0,1,1,1,3,True,Hibernating,Soft re-engagement: 10% off + new feature notification (minimal investment),5
565718,9.666666666666666,4,1646.0,1,3,2,6,False,Do Not Lose,Win-back: 18% off next 3 bookings + free upgrade + personalised re-engagement,1
565755,8.0,1,0.0,1,1,1,3,False,Hibernating,Soft re-engagement: 10% off + new feature notification (minimal investment),5
565764,6.0,1,1200.0,3,1,2,6,False,Promising (Growth),First-booking incentive: 12% off + free cancellation on first 2 bookings,4
565768,9.0,5,1957.0,1,3,2,6,False,Do Not Lose,Win-back: 18% off next 3 bookings + free upgrade + personalised re-engagement,1
565791,5.666666666666666,3,4051.0,3,2,3,8,False,Potential Champions,Frequency incentive: 10% off next 5 bookings + bundle deals + exclusive previews,3
565826,0.0,1,2112.0,3,1,3,7,False,Promising (High-Value),Tiered loyalty benefits + early access to sales + free cancellation (2 bookings),1
565827,4.0,1,250.0,3,1,1,5,False,Promising (Growth),First-booking incentive: 12% off + free cancellation on first 2 bookings,4
565841,5.5,3,1010.0,3,2,2,7,False,Potential Champions,Frequency incentive: 10% off next 5 bookings + bundle deals + exclusive previews,3
565902,5.5,2,1218.0,3,2,2,7,False,Potential Champions,Frequency incentive: 10% off next 5 bookings + bundle deals + exclusive previews,3
565910,6.5,2,47.0,2,2,1,5,False,Need Attention,Engagement bonus: 12% off + free baggage + loyalty enrolment incentive,3
565912,7.0,2,1008.0,2,2,2,6,False,Need Attention,Engagement bonus: 12% off + free baggage + loyalty enrolment incentive,3
565915,4.0,1,208.0,3,1,1,5,False,Promising (Growth),First-booking incentive: 12% off + free cancellation on first 2 bookings,4
565935,7.666666666666665,3,974.8,1,2,2,5,False,At Risk,Basic re-engagement: 12% off + flash sale notification,5
565949,6.333333333333333,4,3425.0,2,3,3,8,False,Loyal Customers,Free checked bag + 10% loyalty discount + priority service,2
566002,0.0,0,0.0,1,1,1,3,True,Hibernating,Soft re-engagement: 10% off + new feature notification (minimal investment),5
566008,5.6,5,3750.0,3,3,3,9,False,Champions,Loyalty rewards + quarterly exclusive offers + referral bonus,2
566032,7.5,4,1464.0,2,3,2,7,False,Loyal Customers,Free checked bag + 10% loyalty discount + priority service,2
566044,0.0,0,0.0,1,1,1,3,True,Hibernating,Soft re-engagement: 10% off + new feature notification (minimal investment),5
566059,8.333333333333332,3,2071.7,1,2,3,6,False,At Risk (High Value),Aggressive win-back: 22% off + lounge access + concierge outreach,1
566061,8.0,3,435.0,1,2,1,4,False,At Risk,Basic re-engagement: 12% off + flash sale notification,5
566096,7.666666666666665,4,742.0,1,3,1,5,False,Do Not Lose,Win-back: 18% off next 3 bookings + free upgrade + personalised re-engagement,1
566097,0.0,0,0.0,1,1,1,3,True,Hibernating,Soft re-engagement: 10% off + new feature notification (minimal investment),5
566152,8.25,4,1200.0,1,3,2,6,False,Do Not Lose,Win-back: 18% off next 3 bookings + free upgrade + personalised re-engagement,1
566173,15.0,2,2260.0,1,2,3,6,False,At Risk (High Value),Aggressive win-back: 22% off + lounge access + concierge outreach,1
566174,5.333333333333333,3,1264.0,3,2,2,7,False,Potential Champions,Frequency incentive: 10% off next 5 bookings + bundle deals + exclusive previews,3
566196,5.5,3,6100.0,3,2,3,8,False,Potential Champions,Frequency incentive: 10% off next 5 bookings + bundle deals + exclusive previews,3
566275,10.0,2,3572.0,1,2,3,6,False,At Risk (High Value),Aggressive win-back: 22% off + lounge access + concierge outreach,1
566279,8.0,1,98.0,1,1,1,3,False,Hibernating,Soft re-engagement: 10% off + new feature notification (minimal investment),5
566312,7.0,2,2142.0,2,2,3,7,False,Need Attention,Engagement bonus: 12% off + free baggage + loyalty enrolment incentive,3
566336,6.333333333333333,6,1677.0,2,3,2,7,False,Loyal Customers,Free checked bag + 10% loyalty discount + priority service,2
566338,8.0,1,208.0,1,1,1,3,False,Hibernating,Soft re-engagement: 10% off + new feature notification (minimal investment),5
566366,6.5,3,1387.0,2,2,2,6,False,Need Attention,Engagement bonus: 12% off + free baggage + loyalty enrolment incentive,3
566424,11.0,2,1636.0,1,2,2,5,False,At Risk,Basic re-engagement: 12% off + flash sale notification,5
566432,7.0,4,1248.0,2,3,2,7,False,Loyal Customers,Free checked bag + 10% loyalty discount + priority service,2
566455,6.75,4,3590.0,2,3,3,8,False,Loyal Customers,Free checked bag + 10% loyalty discount + priority service,2
566456,0.0,0,0.0,1,1,1,3,True,Hibernating,Soft re-engagement: 10% off + new feature notification (minimal investment),5
566489,8.666666666666666,3,3704.0,1,2,3,6,False,At Risk (High Value),Aggressive win-back: 22% off + lounge access + concierge outreach,1
566533,0.0,0,0.0,1,1,1,3,True,Hibernating,Soft re-engagement: 10% off + new feature notification (minimal investment),5
566547,9.0,2,1379.0,1,2,2,5,False,At Risk,Basic re-engagement: 12% off + flash sale notification,5
566592,0.0,0,0.0,1,1,1,3,True,Hibernating,Soft re-engagement: 10% off + new feature notification (minimal investment),5
566614,7.0,2,1414.0,2,2,2,6,False,Need Attention,Engagement bonus: 12% off + free baggage + loyalty enrolment incentive,3
566625,8.5,4,3234.5,1,3,3,7,False,Do Not Lose,Win-back: 18% off next 3 bookings + free upgrade + personalised re-engagement,1
566626,5.0,1,288.0,3,1,1,5,False,Promising (Growth),First-booking incentive: 12% off + free cancellation on first 2 bookings,4
566650,9.5,2,297.0,1,2,1,4,False,At Risk,Basic re-engagement: 12% off + flash sale notification,5
566682,6.666666666666666,3,0.0,2,2,1,5,False,Need Attention,Engagement bonus: 12% off + free baggage + loyalty enrolment incentive,3
566702,4.0,3,2433.4,3,2,3,8,False,Potential Champions,Frequency incentive: 10% off next 5 bookings + bundle deals + exclusive previews,3
566726,9.0,2,615.0,1,2,1,4,False,At Risk,Basic re-engagement: 12% off + flash sale notification,5
566735,7.75,4,688.0,1,3,1,5,False,Do Not Lose,Win-back: 18% off next 3 bookings + free upgrade + personalised re-engagement,1
566749,0.0,0,0.0,1,1,1,3,True,Hibernating,Soft re-engagement: 10% off + new feature notification (minimal investment),5
566762,6.5,5,4466.9,2,3,3,8,False,Loyal Customers,Free checked bag + 10% loyalty discount + priority service,2
566770,4.0,2,872.0,3,2,2,7,False,Potential Champions,Frequency incentive: 10% off next 5 bookings + bundle deals + exclusive previews,3
566787,3.6666666666666665,3,780.0,3,2,1,6,False,Potential Champions,Frequency incentive: 10% off next 5 bookings + bundle deals + exclusive previews,3
566815,8.666666666666666,4,4716.0,1,3,3,7,False,Do Not Lose,Win-back: 18% off next 3 bookings + free upgrade + personalised re-engagement,1
566861,5.75,5,13275.0,3,3,3,9,False,Champions,Loyalty rewards + quarterly exclusive offers + referral bonus,2
566875,6.0,5,1964.0,3,3,2,8,False,Champions,Loyalty rewards + quarterly exclusive offers + referral bonus,2
566881,6.8,5,1863.0,2,3,2,7,False,Loyal Customers,Free checked bag + 10% loyalty discount + priority service,2
566953,5.0,1,628.0,3,1,1,5,False,Promising (Growth),First-booking incentive: 12% off + free cancellation on first 2 bookings,4
566964,6.5,3,966.7,2,2,2,6,False,Need Attention,Engagement bonus: 12% off + free baggage + loyalty enrolment incentive,3
566992,7.8,5,3393.3,1,3,3,7,False,Do Not Lose,Win-back: 18% off next 3 bookings + free upgrade + personalised re-engagement,1
566996,9.0,1,0.0,1,1,1,3,False,Hibernating,Soft re-engagement: 10% off + new feature notification (minimal investment),5
566998,6.5,2,0.0,2,2,1,5,False,Need Attention,Engagement bonus: 12% off + free baggage + loyalty enrolment incentive,3
566999,8.0,2,0.0,1,2,1,4,False,At Risk,Basic re-engagement: 12% off + flash sale notification,5
567052,0.0,1,665.0,3,1,1,5,False,Promising (Growth),First-booking incentive: 12% off + free cancellation on first 2 bookings,4
567061,8.0,1,700.0,1,1,1,3,False,Hibernating,Soft re-engagement: 10% off + new feature notification (minimal investment),5
567114,0.0,0,0.0,1,1,1,3,True,Hibernating,Soft re-engagement: 10% off + new feature notification (minimal investment),5
567172,6.5,2,615.0,2,2,1,5,False,Need Attention,Engagement bonus: 12% off + free baggage + loyalty enrolment incentive,3
567195,5.0,2,714.0,3,2,1,6,False,Potential Champions,Frequency incentive: 10% off next 5 bookings + bundle deals + exclusive previews,3
567211,9.0,2,822.0,1,2,1,4,False,At Risk,Basic re-engagement: 12% off + flash sale notification,5
567219,7.0,3,959.0,2,2,2,6,False,Need Attention,Engagement bonus: 12% off + free baggage + loyalty enrolment incentive,3
567243,7.0,1,1845.0,2,1,2,5,False,About to Sleep,Re-engagement: 18% off + free hotel voucher + last-chance exclusive,4
567245,0.0,0,0.0,1,1,1,3,True,Hibernating,Soft re-engagement: 10% off + new feature notification (minimal investment),5
567256,6.6,5,4172.0,2,3,3,8,False,Loyal Customers,Free checked bag + 10% loyalty discount + priority service,2
567342,0.0,1,369.0,3,1,1,5,False,Promising (Growth),First-booking incentive: 12% off + free cancellation on first 2 bookings,4
567390,0.0,0,0.0,1,1,1,3,True,Hibernating,Soft re-engagement: 10% off + new feature notification (minimal investment),5
567431,8.0,1,204.0,1,1,1,3,False,Hibernating,Soft re-engagement: 10% off + new feature notification (minimal investment),5
567432,9.6,5,13239.4,1,3,3,7,False,Do Not Lose,Win-back: 18% off next 3 bookings + free upgrade + personalised re-engagement,1
567448,5.0,2,122.0,3,2,1,6,False,Potential Champions,Frequency incentive: 10% off next 5 bookings + bundle deals + exclusive previews,3
567458,12.0,1,87.0,1,1,1,3,False,Hibernating,Soft re-engagement: 10% off + new feature notification (minimal investment),5
567478,96.5,4,4391.6,1,3,3,7,False,Do Not Lose,Win-back: 18% off next 3 bookings + free upgrade + personalised re-engagement,1
567518,5.5,3,4145.0,3,2,3,8,False,Potential Champions,Frequency incentive: 10% off next 5 bookings + bundle deals + exclusive previews,3
567547,5.5,2,1032.0,3,2,2,7,False,Potential Champions,Frequency incentive: 10% off next 5 bookings + bundle deals + exclusive previews,3
567548,7.0,1,279.0,2,1,1,4,False,About to Sleep,Re-engagement: 18% off + free hotel voucher + last-chance exclusive,4
567558,6.0,2,815.1,3,2,1,6,False,Potential Champions,Frequency incentive: 10% off next 5 bookings + bundle deals + exclusive previews,3
567563,9.0,3,0.0,1,2,1,4,False,At Risk,Basic re-engagement: 12% off + flash sale notification,5
567589,0.0,1,404.0,3,1,1,5,False,Promising (Growth),First-booking incentive: 12% off + free cancellation on first 2 bookings,4
567643,9.5,3,1957.1,1,2,2,5,False,At Risk,Basic re-engagement: 12% off + flash sale notification,5
567651,8.25,4,1900.0,1,3,2,6,False,Do Not Lose,Win-back: 18% off next 3 bookings + free upgrade + personalised re-engagement,1
567682,6.666666666666666,3,665.4,2,2,1,5,False,Need Attention,Engagement bonus: 12% off + free baggage + loyalty enrolment incentive,3
567778,7.0,4,5019.0,2,3,3,8,False,Loyal Customers,Free checked bag + 10% loyalty discount + priority service,2
567824,0.0,0,0.0,1,1,1,3,True,Hibernating,Soft re-engagement: 10% off + new feature notification (minimal investment),5
567849,6.5,4,1857.0,2,3,2,7,False,Loyal Customers,Free checked bag + 10% loyalty discount + priority service,2
567885,8.5,3,1266.0,1,2,2,5,False,At Risk,Basic re-engagement: 12% off + flash sale notification,5
567906,7.666666666666665,3,1317.0,1,2,2,5,False,At Risk,Basic re-engagement: 12% off + flash sale notification,5
567943,0.0,0,0.0,1,1,1,3,True,Hibernating,Soft re-engagement: 10% off + new feature notification (minimal investment),5
567950,7.0,2,432.0,2,2,1,5,False,Need Attention,Engagement bonus: 12% off + free baggage + loyalty enrolment incentive,3
567961,6.0,3,1151.0,3,2,2,7,False,Potential Champions,Frequency incentive: 10% off next 5 bookings + bundle deals + exclusive previews,3
568004,7.333333333333333,3,901.0,2,2,2,6,False,Need Attention,Engagement bonus: 12% off + free baggage + loyalty enrolment incentive,3
568013,7.0,3,526.0,2,2,1,5,False,Need Attention,Engagement bonus: 12% off + free baggage + loyalty enrolment incentive,3
568060,7.0,4,2358.5,2,3,3,8,False,Loyal Customers,Free checked bag + 10% loyalty discount + priority service,2
568064,5.0,2,1909.7,3,2,2,7,False,Potential Champions,Frequency incentive: 10% off next 5 bookings + bundle deals + exclusive previews,3
568078,7.5,2,1236.0,2,2,2,6,False,Need Attention,Engagement bonus: 12% off + free baggage + loyalty enrolment incentive,3
568086,4.0,1,327.0,3,1,1,5,False,Promising (Growth),First-booking incentive: 12% off + free cancellation on first 2 bookings,4
568093,6.666666666666666,3,1319.0,2,2,2,6,False,Need Attention,Engagement bonus: 12% off + free baggage + loyalty enrolment incentive,3
568101,5.5,4,795.0,3,3,1,7,False,Champions,Loyalty rewards + quarterly exclusive offers + referral bonus,2
568105,8.666666666666666,4,6025.0,1,3,3,7,False,Do Not Lose,Win-back: 18% off next 3 bookings + free upgrade + personalised re-engagement,1
568121,8.5,2,141.0,1,2,1,4,False,At Risk,Basic re-engagement: 12% off + flash sale notification,5
568155,0.0,1,5122.0,3,1,3,7,False,Promising (High-Value),Tiered loyalty benefits + early access to sales + free cancellation (2 bookings),1
568167,9.33333333333333,4,3500.0,1,3,3,7,False,Do Not Lose,Win-back: 18% off next 3 bookings + free upgrade + personalised re-engagement,1
568182,8.0,2,1738.0,1,2,2,5,False,At Risk,Basic re-engagement: 12% off + flash sale notification,5
568258,0.0,2,13438.0,3,2,3,8,False,Potential Champions,Frequency incentive: 10% off next 5 bookings + bundle deals + exclusive previews,3
568325,8.0,1,123.0,1,1,1,3,False,Hibernating,Soft re-engagement: 10% off + new feature notification (minimal investment),5
568371,7.0,1,189.0,2,1,1,4,False,About to Sleep,Re-engagement: 18% off + free hotel voucher + last-chance exclusive,4
568385,7.0,4,1228.0,2,3,2,7,False,Loyal Customers,Free checked bag + 10% loyalty discount + priority service,2
568416,6.5,2,1000.0,2,2,2,6,False,Need Attention,Engagement bonus: 12% off + free baggage + loyalty enrolment incentive,3
568463,5.5,2,1499.0,3,2,2,7,False,Potential Champions,Frequency incentive: 10% off next 5 bookings + bundle deals + exclusive previews,3
568486,5.75,4,2313.4,3,3,3,9,False,Champions,Loyalty rewards + quarterly exclusive offers + referral bonus,2
568513,0.0,2,1428.0,3,2,2,7,False,Potential Champions,Frequency incentive: 10% off next 5 bookings + bundle deals + exclusive previews,3
568536,0.0,0,0.0,1,1,1,3,True,Hibernating,Soft re-engagement: 10% off + new feature notification (minimal investment),5
568602,9.0,1,244.0,1,1,1,3,False,Hibernating,Soft re-engagement: 10% off + new feature notification (minimal investment),5
568605,0.0,1,1380.0,3,1,2,6,False,Promising (Growth),First-booking incentive: 12% off + free cancellation on first 2 bookings,4
568641,9.0,1,440.0,1,1,1,3,False,Hibernating,Soft re-engagement: 10% off + new feature notification (minimal investment),5
568696,6.666666666666666,3,1704.0,2,2,2,6,False,Need Attention,Engagement bonus: 12% off + free baggage + loyalty enrolment incentive,3
568713,5.666666666666666,4,2204.0,3,3,3,9,False,Champions,Loyalty rewards + quarterly exclusive offers + referral bonus,2
568716,46.2,5,1557.0,1,3,2,6,False,Do Not Lose,Win-back: 18% off next 3 bookings + free upgrade + personalised re-engagement,1
568773,7.0,4,629.0,2,3,1,6,False,Loyal Customers,Free checked bag + 10% loyalty discount + priority service,2
568790,7.666666666666665,3,1728.0,1,2,2,5,False,At Risk,Basic re-engagement: 12% off + flash sale notification,5
568917,0.0,0,0.0,1,1,1,3,True,Hibernating,Soft re-engagement: 10% off + new feature notification (minimal investment),5
568931,6.25,4,601.0,2,3,1,6,False,Loyal Customers,Free checked bag + 10% loyalty discount + priority service,2
568970,11.0,2,0.0,1,2,1,4,False,At Risk,Basic re-engagement: 12% off + flash sale notification,5
568984,0.0,1,1968.0,3,1,2,6,False,Promising (Growth),First-booking incentive: 12% off + free cancellation on first 2 bookings,4
569031,101.0,2,6064.0,1,2,3,6,False,At Risk (High Value),Aggressive win-back: 22% off + lounge access + concierge outreach,1
569082,7.333333333333333,3,1990.0,2,2,2,6,False,Need Attention,Engagement bonus: 12% off + free baggage + loyalty enrolment incentive,3
569107,0.0,0,0.0,1,1,1,3,True,Hibernating,Soft re-engagement: 10% off + new feature notification (minimal investment),5
569150,6.4,5,862.7,2,3,2,7,False,Loyal Customers,Free checked bag + 10% loyalty discount + priority service,2
569170,6.0,5,9858.0,3,3,3,9,False,Champions,Loyalty rewards + quarterly exclusive offers + referral bonus,2
569180,8.0,3,2640.0,1,2,3,6,False,At Risk (High Value),Aggressive win-back: 22% off + lounge access + concierge outreach,1
569203,7.0,1,136.0,2,1,1,4,False,About to Sleep,Re-engagement: 18% off + free hotel voucher + last-chance exclusive,4
569236,5.333333333333333,4,3144.0,3,3,3,9,False,Champions,Loyalty rewards + quarterly exclusive offers + referral bonus,2
569239,6.0,3,2742.0,3,2,3,8,False,Potential Champions,Frequency incentive: 10% off next 5 bookings + bundle deals + exclusive previews,3
569243,7.5,2,1374.0,2,2,2,6,False,Need Attention,Engagement bonus: 12% off + free baggage + loyalty enrolment incentive,3
569300,8.0,4,2021.2,1,3,2,6,False,Do Not Lose,Win-back: 18% off next 3 bookings + free upgrade + personalised re-engagement,1
569335,0.0,1,1380.0,3,1,2,6,False,Promising (Growth),First-booking incentive: 12% off + free cancellation on first 2 bookings,4
569342,6.0,3,312.0,3,2,1,6,False,Potential Champions,Frequency incentive: 10% off next 5 bookings + bundle deals + exclusive previews,3
569364,6.0,3,1412.8,3,2,2,7,False,Potential Champions,Frequency incentive: 10% off next 5 bookings + bundle deals + exclusive previews,3
569458,6.0,1,917.0,3,1,2,6,False,Promising (Growth),First-booking incentive: 12% off + free cancellation on first 2 bookings,4
569466,5.666666666666666,3,785.0,3,2,1,6,False,Potential Champions,Frequency incentive: 10% off next 5 bookings + bundle deals + exclusive previews,3
569472,9.5,2,288.0,1,2,1,4,False,At Risk,Basic re-engagement: 12% off + flash sale notification,5
569530,7.0,3,5420.0,2,2,3,7,False,Need Attention,Engagement bonus: 12% off + free baggage + loyalty enrolment incentive,3
569534,7.2,5,340.0,2,3,1,6,False,Loyal Customers,Free checked bag + 10% loyalty discount + priority service,2
569572,6.333333333333333,4,2530.9,2,3,3,8,False,Loyal Customers,Free checked bag + 10% loyalty discount + priority service,2
569643,0.0,0,0.0,1,1,1,3,True,Hibernating,Soft re-engagement: 10% off + new feature notification (minimal investment),5
569733,7.25,4,690.0,2,3,1,6,False,Loyal Customers,Free checked bag + 10% loyalty discount + priority service,2
569754,5.8,5,1337.0,3,3,2,8,False,Champions,Loyalty rewards + quarterly exclusive offers + referral bonus,2
569779,5.0,2,4800.0,3,2,3,8,False,Potential Champions,Frequency incentive: 10% off next 5 bookings + bundle deals + exclusive previews,3
569788,6.0,2,1764.0,3,2,2,7,False,Potential Champions,Frequency incentive: 10% off next 5 bookings + bundle deals + exclusive previews,3
569792,6.0,4,3476.0,3,3,3,9,False,Champions,Loyalty rewards + quarterly exclusive offers + referral bonus,2
569817,6.5,3,2161.8,2,2,3,7,False,Need Attention,Engagement bonus: 12% off + free baggage + loyalty enrolment incentive,3
569829,6.4,5,2213.75,2,3,3,8,False,Loyal Customers,Free checked bag + 10% loyalty discount + priority service,2
569832,13.0,1,749.0,1,1,1,3,False,Hibernating,Soft re-engagement: 10% off + new feature notification (minimal investment),5
569863,8.666666666666666,6,1609.0,1,3,2,6,False,Do Not Lose,Win-back: 18% off next 3 bookings + free upgrade + personalised re-engagement,1
569883,9.0,4,3018.0,1,3,3,7,False,Do Not Lose,Win-back: 18% off next 3 bookings + free upgrade + personalised re-engagement,1
569920,5.0,2,2368.0,3,2,3,8,False,Potential Champions,Frequency incentive: 10% off next 5 bookings + bundle deals + exclusive previews,3
569923,5.0,1,0.0,3,1,1,5,False,Promising (Growth),First-booking incentive: 12% off + free cancellation on first 2 bookings,4
570021,8.333333333333332,3,834.0,1,2,2,5,False,At Risk,Basic re-engagement: 12% off + flash sale notification,5
570076,6.0,1,1540.0,3,1,2,6,False,Promising (Growth),First-booking incentive: 12% off + free cancellation on first 2 bookings,4
570144,10.75,4,266.0,1,3,1,5,False,Do Not Lose,Win-back: 18% off next 3 bookings + free upgrade + personalised re-engagement,1
570162,7.333333333333333,4,1908.9,2,3,2,7,False,Loyal Customers,Free checked bag + 10% loyalty discount + priority service,2
570215,5.333333333333333,3,649.0,3,2,1,6,False,Potential Champions,Frequency incentive: 10% off next 5 bookings + bundle deals + exclusive previews,3
570219,7.0,4,551.0,2,3,1,6,False,Loyal Customers,Free checked bag + 10% loyalty discount + priority service,2
570224,7.5,2,856.0,2,2,2,6,False,Need Attention,Engagement bonus: 12% off + free baggage + loyalty enrolment incentive,3
570226,5.75,4,2222.0,3,3,3,9,False,Champions,Loyalty rewards + quarterly exclusive offers + referral bonus,2
570242,0.0,0,0.0,1,1,1,3,True,Hibernating,Soft re-engagement: 10% off + new feature notification (minimal investment),5
570279,6.0,1,468.0,3,1,1,5,False,Promising (Growth),First-booking incentive: 12% off + free cancellation on first 2 bookings,4
570291,6.5,2,1735.2,2,2,2,6,False,Need Attention,Engagement bonus: 12% off + free baggage + loyalty enrolment incentive,3
570329,0.0,0,0.0,1,1,1,3,True,Hibernating,Soft re-engagement: 10% off + new feature notification (minimal investment),5
570330,5.0,3,2384.0,3,2,3,8,False,Potential Champions,Frequency incentive: 10% off next 5 bookings + bundle deals + exclusive previews,3
570346,6.25,5,10614.0,2,3,3,8,False,Loyal Customers,Free checked bag + 10% loyalty discount + priority service,2
570369,6.666666666666666,4,2509.75,2,3,3,8,False,Loyal Customers,Free checked bag + 10% loyalty discount + priority service,2
570418,66.5,4,1544.0,1,3,2,6,False,Do Not Lose,Win-back: 18% off next 3 bookings + free upgrade + personalised re-engagement,1
570436,6.5,2,224.0,2,2,1,5,False,Need Attention,Engagement bonus: 12% off + free baggage + loyalty enrolment incentive,3
570439,7.0,3,1332.2,2,2,2,6,False,Need Attention,Engagement bonus: 12% off + free baggage + loyalty enrolment incentive,3
570600,168.0,1,2830.0,1,1,3,5,False,Hibernating,Soft re-engagement: 10% off + new feature notification (minimal investment),5
570601,7.5,2,1576.0,2,2,2,6,False,Need Attention,Engagement bonus: 12% off + free baggage + loyalty enrolment incentive,3
570625,10.0,1,222.0,1,1,1,3,False,Hibernating,Soft re-engagement: 10% off + new feature notification (minimal investment),5
570626,6.75,4,452.0,2,3,1,6,False,Loyal Customers,Free checked bag + 10% loyalty discount + priority service,2
570631,7.0,1,0.0,2,1,1,4,False,About to Sleep,Re-engagement: 18% off + free hotel voucher + last-chance exclusive,4
570639,7.333333333333333,3,1024.0,2,2,2,6,False,Need Attention,Engagement bonus: 12% off + free baggage + loyalty enrolment incentive,3
570654,5.0,1,169.0,3,1,1,5,False,Promising (Growth),First-booking incentive: 12% off + free cancellation on first 2 bookings,4
570666,7.0,3,2117.4,2,2,3,7,False,Need Attention,Engagement bonus: 12% off + free baggage + loyalty enrolment incentive,3
570683,5.0,4,2892.4,3,3,3,9,False,Champions,Loyalty rewards + quarterly exclusive offers + referral bonus,2
570692,9.5,2,366.0,1,2,1,4,False,At Risk,Basic re-engagement: 12% off + flash sale notification,5
570693,6.5,3,1735.0,2,2,2,6,False,Need Attention,Engagement bonus: 12% off + free baggage + loyalty enrolment incentive,3
570697,7.0,1,237.0,2,1,1,4,False,About to Sleep,Re-engagement: 18% off + free hotel voucher + last-chance exclusive,4
570713,7.0,2,153.0,2,2,1,5,False,Need Attention,Engagement bonus: 12% off + free baggage + loyalty enrolment incentive,3
570746,9.5,3,8364.4,1,2,3,6,False,At Risk (High Value),Aggressive win-back: 22% off + lounge access + concierge outreach,1
570750,336.0,1,0.0,1,1,1,3,False,Hibernating,Soft re-engagement: 10% off + new feature notification (minimal investment),5
570782,9.75,5,19061.0,1,3,3,7,False,Do Not Lose,Win-back: 18% off next 3 bookings + free upgrade + personalised re-engagement,1
570821,6.333333333333333,3,884.0,2,2,2,6,False,Need Attention,Engagement bonus: 12% off + free baggage + loyalty enrolment incentive,3
570829,8.0,3,7291.0,1,2,3,6,False,At Risk (High Value),Aggressive win-back: 22% off + lounge access + concierge outreach,1
570837,5.0,5,2790.0,3,3,3,9,False,Champions,Loyalty rewards + quarterly exclusive offers + referral bonus,2
570862,0.0,1,2520.0,3,1,3,7,False,Promising (High-Value),Tiered loyalty benefits + early access to sales + free cancellation (2 bookings),1
570928,8.5,2,1360.0,1,2,2,5,False,At Risk,Basic re-engagement: 12% off + flash sale notification,5
570930,0.0,1,712.5,3,1,1,5,False,Promising (Growth),First-booking incentive: 12% off + free cancellation on first 2 bookings,4
570945,6.0,2,831.0,3,2,1,6,False,Potential Champions,Frequency incentive: 10% off next 5 bookings + bundle deals + exclusive previews,3
570961,196.0,3,5780.0,1,2,3,6,False,At Risk (High Value),Aggressive win-back: 22% off + lounge access + concierge outreach,1
570988,5.0,1,561.0,3,1,1,5,False,Promising (Growth),First-booking incentive: 12% off + free cancellation on first 2 bookings,4
571001,0.0,1,7450.0,3,1,3,7,False,Promising (High-Value),Tiered loyalty benefits + early access to sales + free cancellation (2 bookings),1
571015,6.8,5,3972.6,2,3,3,8,False,Loyal Customers,Free checked bag + 10% loyalty discount + priority service,2
571084,4.0,4,3513.0,3,3,3,9,False,Champions,Loyalty rewards + quarterly exclusive offers + referral bonus,2
571200,6.5,5,1488.0,2,3,2,7,False,Loyal Customers,Free checked bag + 10% loyalty discount + priority service,2
571208,0.0,0,0.0,1,1,1,3,True,Hibernating,Soft re-engagement: 10% off + new feature notification (minimal investment),5
571233,5.0,1,1328.0,3,1,2,6,False,Promising (Growth),First-booking incentive: 12% off + free cancellation on first 2 bookings,4
571243,4.0,1,0.0,3,1,1,5,False,Promising (Growth),First-booking incentive: 12% off + free cancellation on first 2 bookings,4
571251,6.0,1,0.0,3,1,1,5,False,Promising (Growth),First-booking incentive: 12% off + free cancellation on first 2 bookings,4
571300,5.5,2,1225.5,3,2,2,7,False,Potential Champions,Frequency incentive: 10% off next 5 bookings + bundle deals + exclusive previews,3
571348,6.0,3,4686.0,3,2,3,8,False,Potential Champions,Frequency incentive: 10% off next 5 bookings + bundle deals + exclusive previews,3
571363,6.5,3,1869.0,2,2,2,6,False,Need Attention,Engagement bonus: 12% off + free baggage + loyalty enrolment incentive,3
571429,7.0,2,692.2,2,2,1,5,False,Need Attention,Engagement bonus: 12% off + free baggage + loyalty enrolment incentive,3
571454,9.666666666666666,3,4211.0,1,2,3,6,False,At Risk (High Value),Aggressive win-back: 22% off + lounge access + concierge outreach,1
571523,6.666666666666666,3,765.3,2,2,1,5,False,Need Attention,Engagement bonus: 12% off + free baggage + loyalty enrolment incentive,3
571525,5.666666666666666,4,2053.0,3,3,3,9,False,Champions,Loyalty rewards + quarterly exclusive offers + referral bonus,2
571553,6.75,5,7297.0,2,3,3,8,False,Loyal Customers,Free checked bag + 10% loyalty discount + priority service,2
571560,9.33333333333333,3,2021.0,1,2,2,5,False,At Risk,Basic re-engagement: 12% off + flash sale notification,5
571561,0.0,1,1065.6,3,1,2,6,False,Promising (Growth),First-booking incentive: 12% off + free cancellation on first 2 bookings,4
571566,7.333333333333333,6,2590.0,2,3,3,8,False,Loyal Customers,Free checked bag + 10% loyalty discount + priority service,2
571580,131.0,2,2574.0,1,2,3,6,False,At Risk (High Value),Aggressive win-back: 22% off + lounge access + concierge outreach,1
571610,4.0,1,208.0,3,1,1,5,False,Promising (Growth),First-booking incentive: 12% off + free cancellation on first 2 bookings,4
571637,8.0,3,1456.0,1,2,2,5,False,At Risk,Basic re-engagement: 12% off + flash sale notification,5
571639,4.5,2,126.0,3,2,1,6,False,Potential Champions,Frequency incentive: 10% off next 5 bookings + bundle deals + exclusive previews,3
571643,6.0,3,393.3,3,2,1,6,False,Potential Champions,Frequency incentive: 10% off next 5 bookings + bundle deals + exclusive previews,3
571757,0.0,0,0.0,1,1,1,3,True,Hibernating,Soft re-engagement: 10% off + new feature notification (minimal investment),5
571819,5.0,3,411.0,3,2,1,6,False,Potential Champions,Frequency incentive: 10% off next 5 bookings + bundle deals + exclusive previews,3
571864,5.333333333333333,3,1101.0,3,2,2,7,False,Potential Champions,Frequency incentive: 10% off next 5 bookings + bundle deals + exclusive previews,3
571876,6.5,3,2548.0,2,2,3,7,False,Need Attention,Engagement bonus: 12% off + free baggage + loyalty enrolment incentive,3
571888,5.333333333333333,3,1409.0,3,2,2,7,False,Potential Champions,Frequency incentive: 10% off next 5 bookings + bundle deals + exclusive previews,3
571913,5.0,2,6466.1,3,2,3,8,False,Potential Champions,Frequency incentive: 10% off next 5 bookings + bundle deals + exclusive previews,3
571940,0.0,2,3424.0,3,2,3,8,False,Potential Champions,Frequency incentive: 10% off next 5 bookings + bundle deals + exclusive previews,3
572106,0.0,1,3542.0,3,1,3,7,False,Promising (High-Value),Tiered loyalty benefits + early access to sales + free cancellation (2 bookings),1
572133,0.0,1,567.0,3,1,1,5,False,Promising (Growth),First-booking incentive: 12% off + free cancellation on first 2 bookings,4
572154,0.0,1,84.0,3,1,1,5,False,Promising (Growth),First-booking incentive: 12% off + free cancellation on first 2 bookings,4
572176,5.0,1,184.0,3,1,1,5,False,Promising (Growth),First-booking incentive: 12% off + free cancellation on first 2 bookings,4
572214,0.0,0,0.0,1,1,1,3,True,Hibernating,Soft re-engagement: 10% off + new feature notification (minimal investment),5
572290,6.833333333333333,6,2494.6,2,3,3,8,False,Loyal Customers,Free checked bag + 10% loyalty discount + priority service,2
572396,7.666666666666665,3,1236.0,1,2,2,5,False,At Risk,Basic re-engagement: 12% off + flash sale notification,5
572397,0.0,0,0.0,1,1,1,3,True,Hibernating,Soft re-engagement: 10% off + new feature notification (minimal investment),5
572428,5.5,2,840.1,3,2,2,7,False,Potential Champions,Frequency incentive: 10% off next 5 bookings + bundle deals + exclusive previews,3
572479,6.25,4,662.0,2,3,1,6,False,Loyal Customers,Free checked bag + 10% loyalty discount + priority service,2
572489,5.0,2,1988.0,3,2,2,7,False,Potential Champions,Frequency incentive: 10% off next 5 bookings + bundle deals + exclusive previews,3
572502,9.5,3,1202.0,1,2,2,5,False,At Risk,Basic re-engagement: 12% off + flash sale notification,5
572529,8.0,2,274.0,1,2,1,4,False,At Risk,Basic re-engagement: 12% off + flash sale notification,5
572538,8.333333333333332,3,2313.55,1,2,3,6,False,At Risk (High Value),Aggressive win-back: 22% off + lounge access + concierge outreach,1
572554,6.833333333333333,8,3759.0,2,3,3,8,False,Loyal Customers,Free checked bag + 10% loyalty discount + priority service,2
572578,8.5,2,1391.4,1,2,2,5,False,At Risk,Basic re-engagement: 12% off + flash sale notification,5
572591,7.0,2,6274.0,2,2,3,7,False,Need Attention,Engagement bonus: 12% off + free baggage + loyalty enrolment incentive,3
572609,6.0,3,925.0,3,2,2,7,False,Potential Champions,Frequency incentive: 10% off next 5 bookings + bundle deals + exclusive previews,3
572632,6.0,3,1116.7,3,2,2,7,False,Potential Champions,Frequency incentive: 10% off next 5 bookings + bundle deals + exclusive previews,3
572669,12.0,2,2556.8,1,2,3,6,False,At Risk (High Value),Aggressive win-back: 22% off + lounge access + concierge outreach,1
572728,46.25,5,2805.0,1,3,3,7,False,Do Not Lose,Win-back: 18% off next 3 bookings + free upgrade + personalised re-engagement,1
572744,6.0,4,3506.8,3,3,3,9,False,Champions,Loyalty rewards + quarterly exclusive offers + referral bonus,2
572826,9.0,2,1665.0,1,2,2,5,False,At Risk,Basic re-engagement: 12% off + flash sale notification,5
572870,0.0,0,0.0,1,1,1,3,True,Hibernating,Soft re-engagement: 10% off + new feature notification (minimal investment),5
572898,7.0,2,2381.4,2,2,3,7,False,Need Attention,Engagement bonus: 12% off + free baggage + loyalty enrolment incentive,3
572908,7.2,5,2110.0,2,3,3,8,False,Loyal Customers,Free checked bag + 10% loyalty discount + priority service,2
572932,0.0,0,0.0,1,1,1,3,True,Hibernating,Soft re-engagement: 10% off + new feature notification (minimal investment),5
572992,7.0,4,3734.0,2,3,3,8,False,Loyal Customers,Free checked bag + 10% loyalty discount + priority service,2
573010,10.5,2,3618.0,1,2,3,6,False,At Risk (High Value),Aggressive win-back: 22% off + lounge access + concierge outreach,1
573011,8.5,4,9608.0,1,3,3,7,False,Do Not Lose,Win-back: 18% off next 3 bookings + free upgrade + personalised re-engagement,1
573040,5.333333333333333,3,604.0,3,2,1,6,False,Potential Champions,Frequency incentive: 10% off next 5 bookings + bundle deals + exclusive previews,3
573086,6.0,2,2601.0,3,2,3,8,False,Potential Champions,Frequency incentive: 10% off next 5 bookings + bundle deals + exclusive previews,3
573122,7.5,4,916.0,2,3,2,7,False,Loyal Customers,Free checked bag + 10% loyalty discount + priority service,2
573147,6.333333333333333,4,1643.0,2,3,2,7,False,Loyal Customers,Free checked bag + 10% loyalty discount + priority service,2
573153,8.333333333333332,3,573.0,1,2,1,4,False,At Risk,Basic re-engagement: 12% off + flash sale notification,5
573189,6.25,4,1646.0,2,3,2,7,False,Loyal Customers,Free checked bag + 10% loyalty discount + priority service,2
573191,6.5,2,1911.6,2,2,2,6,False,Need Attention,Engagement bonus: 12% off + free baggage + loyalty enrolment incentive,3
573237,10.0,1,348.0,1,1,1,3,False,Hibernating,Soft re-engagement: 10% off + new feature notification (minimal investment),5
573244,5.333333333333333,4,5823.0,3,3,3,9,False,Champions,Loyalty rewards + quarterly exclusive offers + referral bonus,2
573249,6.666666666666666,3,5079.3,2,2,3,7,False,Need Attention,Engagement bonus: 12% off + free baggage + loyalty enrolment incentive,3
573291,5.4,5,1268.0,3,3,2,8,False,Champions,Loyalty rewards + quarterly exclusive offers + referral bonus,2
573365,252.0,1,0.0,1,1,1,3,False,Hibernating,Soft re-engagement: 10% off + new feature notification (minimal investment),5
573373,6.5,2,142.0,2,2,1,5,False,Need Attention,Engagement bonus: 12% off + free baggage + loyalty enrolment incentive,3
573378,6.4,5,1680.0,2,3,2,7,False,Loyal Customers,Free checked bag + 10% loyalty discount + priority service,2
573379,7.5,5,2544.6,2,3,3,8,False,Loyal Customers,Free checked bag + 10% loyalty discount + priority service,2
573420,7.2,5,2980.4,2,3,3,8,False,Loyal Customers,Free checked bag + 10% loyalty discount + priority service,2
573423,0.0,0,0.0,1,1,1,3,True,Hibernating,Soft re-engagement: 10% off + new feature notification (minimal investment),5
573427,7.0,4,2341.0,2,3,3,8,False,Loyal Customers,Free checked bag + 10% loyalty discount + priority service,2
573493,7.666666666666665,3,644.7,1,2,1,4,False,At Risk,Basic re-engagement: 12% off + flash sale notification,5
573518,8.5,2,131.0,1,2,1,4,False,At Risk,Basic re-engagement: 12% off + flash sale notification,5
573564,8.2,5,1179.0,1,3,2,6,False,Do Not Lose,Win-back: 18% off next 3 bookings + free upgrade + personalised re-engagement,1
573584,8.0,1,233.7,1,1,1,3,False,Hibernating,Soft re-engagement: 10% off + new feature notification (minimal investment),5
573588,5.0,4,1002.4,3,3,2,8,False,Champions,Loyalty rewards + quarterly exclusive offers + referral bonus,2
573621,9.0,4,1526.0,1,3,2,6,False,Do Not Lose,Win-back: 18% off next 3 bookings + free upgrade + personalised re-engagement,1
573648,7.0,3,488.0,2,2,1,5,False,Need Attention,Engagement bonus: 12% off + free baggage + loyalty enrolment incentive,3
573670,9.33333333333333,5,2701.0,1,3,3,7,False,Do Not Lose,Win-back: 18% off next 3 bookings + free upgrade + personalised re-engagement,1
573698,7.0,1,1022.4,2,1,2,5,False,About to Sleep,Re-engagement: 18% off + free hotel voucher + last-chance exclusive,4
573704,6.6,5,2071.0,2,3,3,8,False,Loyal Customers,Free checked bag + 10% loyalty discount + priority service,2
573719,4.0,1,0.0,3,1,1,5,False,Promising (Growth),First-booking incentive: 12% off + free cancellation on first 2 bookings,4
573720,7.333333333333333,3,873.0,2,2,2,6,False,Need Attention,Engagement bonus: 12% off + free baggage + loyalty enrolment incentive,3
573792,5.0,1,207.0,3,1,1,5,False,Promising (Growth),First-booking incentive: 12% off + free cancellation on first 2 bookings,4
573807,4.5,2,1026.0,3,2,2,7,False,Potential Champions,Frequency incentive: 10% off next 5 bookings + bundle deals + exclusive previews,3
573841,6.0,2,3575.0,3,2,3,8,False,Potential Champions,Frequency incentive: 10% off next 5 bookings + bundle deals + exclusive previews,3
573922,7.5,2,1362.0,2,2,2,6,False,Need Attention,Engagement bonus: 12% off + free baggage + loyalty enrolment incentive,3
573926,0.0,0,0.0,1,1,1,3,True,Hibernating,Soft re-engagement: 10% off + new feature notification (minimal investment),5
573931,7.0,3,1328.6,2,2,2,6,False,Need Attention,Engagement bonus: 12% off + free baggage + loyalty enrolment incentive,3
573939,5.5,4,4600.0,3,3,3,9,False,Champions,Loyalty rewards + quarterly exclusive offers + referral bonus,2
573946,5.5,2,527.0,3,2,1,6,False,Potential Champions,Frequency incentive: 10% off next 5 bookings + bundle deals + exclusive previews,3
573988,8.0,3,1688.0,1,2,2,5,False,At Risk,Basic re-engagement: 12% off + flash sale notification,5
574003,7.0,2,862.0,2,2,2,6,False,Need Attention,Engagement bonus: 12% off + free baggage + loyalty enrolment incentive,3
574071,6.75,4,1810.0,2,3,2,7,False,Loyal Customers,Free checked bag + 10% loyalty discount + priority service,2
574104,6.75,4,991.0,2,3,2,7,False,Loyal Customers,Free checked bag + 10% loyalty discount + priority service,2
574116,0.0,1,3276.0,3,1,3,7,False,Promising (High-Value),Tiered loyalty benefits + early access to sales + free cancellation (2 bookings),1
574134,9.0,2,159.0,1,2,1,4,False,At Risk,Basic re-engagement: 12% off + flash sale notification,5
574150,6.0,3,827.0,3,2,1,6,False,Potential Champions,Frequency incentive: 10% off next 5 bookings + bundle deals + exclusive previews,3
574206,6.0,2,1064.0,3,2,2,7,False,Potential Champions,Frequency incentive: 10% off next 5 bookings + bundle deals + exclusive previews,3
574279,8.5,3,1094.8,1,2,2,5,False,At Risk,Basic re-engagement: 12% off + flash sale notification,5
574362,0.0,0,0.0,1,1,1,3,True,Hibernating,Soft re-engagement: 10% off + new feature notification (minimal investment),5
574409,8.0,1,114.0,1,1,1,3,False,Hibernating,Soft re-engagement: 10% off + new feature notification (minimal investment),5
574419,6.0,2,102.0,3,2,1,6,False,Potential Champions,Frequency incentive: 10% off next 5 bookings + bundle deals + exclusive previews,3
574440,8.0,2,1424.0,1,2,2,5,False,At Risk,Basic re-engagement: 12% off + flash sale notification,5
574465,6.333333333333333,3,744.0,2,2,1,5,False,Need Attention,Engagement bonus: 12% off + free baggage + loyalty enrolment incentive,3
574467,7.75,4,2348.0,1,3,3,7,False,Do Not Lose,Win-back: 18% off next 3 bookings + free upgrade + personalised re-engagement,1
574489,6.0,2,976.0,2,2,2,6,False,Need Attention,Engagement bonus: 12% off + free baggage + loyalty enrolment incentive,3
574493,6.333333333333333,3,1820.0,2,2,2,6,False,Need Attention,Engagement bonus: 12% off + free baggage + loyalty enrolment incentive,3
574513,5.75,4,1258.0,3,3,2,8,False,Champions,Loyalty rewards + quarterly exclusive offers + referral bonus,2
574603,5.666666666666666,4,3264.1,3,3,3,9,False,Champions,Loyalty rewards + quarterly exclusive offers + referral bonus,2
574625,8.25,4,2876.0,1,3,3,7,False,Do Not Lose,Win-back: 18% off next 3 bookings + free upgrade + personalised re-engagement,1
574680,7.0,2,2476.0,2,2,3,7,False,Need Attention,Engagement bonus: 12% off + free baggage + loyalty enrolment incentive,3
574794,4.5,2,0.0,3,2,1,6,False,Potential Champions,Frequency incentive: 10% off next 5 bookings + bundle deals + exclusive previews,3
574840,6.666666666666666,3,3142.0,2,2,3,7,False,Need Attention,Engagement bonus: 12% off + free baggage + loyalty enrolment incentive,3
574885,6.0,1,243.0,2,1,1,4,False,About to Sleep,Re-engagement: 18% off + free hotel voucher + last-chance exclusive,4
574909,6.666666666666666,3,858.0,2,2,2,6,False,Need Attention,Engagement bonus: 12% off + free baggage + loyalty enrolment incentive,3
574987,6.0,1,783.0,2,1,1,4,False,About to Sleep,Re-engagement: 18% off + free hotel voucher + last-chance exclusive,4
575051,7.0,4,5145.0,2,3,3,8,False,Loyal Customers,Free checked bag + 10% loyalty discount + priority service,2
575055,6.75,4,4594.35,2,3,3,8,False,Loyal Customers,Free checked bag + 10% loyalty discount + priority service,2
575092,0.0,1,1836.0,3,1,2,6,False,Promising (Growth),First-booking incentive: 12% off + free cancellation on first 2 bookings,4
575131,7.333333333333333,3,751.0,2,2,1,5,False,Need Attention,Engagement bonus: 12% off + free baggage + loyalty enrolment incentive,3
575208,5.0,1,1080.0,3,1,2,6,False,Promising (Growth),First-booking incentive: 12% off + free cancellation on first 2 bookings,4
575233,7.0,3,3346.4,2,2,3,7,False,Need Attention,Engagement bonus: 12% off + free baggage + loyalty enrolment incentive,3
575253,6.0,3,424.0,2,2,1,5,False,Need Attention,Engagement bonus: 12% off + free baggage + loyalty enrolment incentive,3
575299,6.333333333333333,3,1896.0,2,2,2,6,False,Need Attention,Engagement bonus: 12% off + free baggage + loyalty enrolment incentive,3
575419,5.0,5,5893.7,3,3,3,9,False,Champions,Loyalty rewards + quarterly exclusive offers + referral bonus,2
575433,7.5,3,3133.0,2,2,3,7,False,Need Attention,Engagement bonus: 12% off + free baggage + loyalty enrolment incentive,3
575459,6.75,4,4676.0,2,3,3,8,False,Loyal Customers,Free checked bag + 10% loyalty discount + priority service,2
575500,6.0,2,473.0,2,2,1,5,False,Need Attention,Engagement bonus: 12% off + free baggage + loyalty enrolment incentive,3
575528,4.5,2,3676.0,3,2,3,8,False,Potential Champions,Frequency incentive: 10% off next 5 bookings + bundle deals + exclusive previews,3
575554,5.0,1,0.0,3,1,1,5,False,Promising (Growth),First-booking incentive: 12% off + free cancellation on first 2 bookings,4
575561,7.666666666666665,3,934.0,1,2,2,5,False,At Risk,Basic re-engagement: 12% off + flash sale notification,5
575576,5.333333333333333,3,1941.0,3,2,2,7,False,Potential Champions,Frequency incentive: 10% off next 5 bookings + bundle deals + exclusive previews,3
575677,7.5,5,5385.0,2,3,3,8,False,Loyal Customers,Free checked bag + 10% loyalty discount + priority service,2
575692,0.0,0,0.0,1,1,1,3,True,Hibernating,Soft re-engagement: 10% off + new feature notification (minimal investment),5
575711,7.5,3,3397.0,2,2,3,7,False,Need Attention,Engagement bonus: 12% off + free baggage + loyalty enrolment incentive,3
575733,0.0,0,0.0,1,1,1,3,True,Hibernating,Soft re-engagement: 10% off + new feature notification (minimal investment),5
575756,13.0,2,855.0,1,2,2,5,False,At Risk,Basic re-engagement: 12% off + flash sale notification,5
575774,8.333333333333332,3,1814.0,1,2,2,5,False,At Risk,Basic re-engagement: 12% off + flash sale notification,5
575809,6.5,3,2077.0,2,2,3,7,False,Need Attention,Engagement bonus: 12% off + free baggage + loyalty enrolment incentive,3
575823,8.0,1,0.0,1,1,1,3,False,Hibernating,Soft re-engagement: 10% off + new feature notification (minimal investment),5
575868,5.5,2,86.7,3,2,1,6,False,Potential Champions,Frequency incentive: 10% off next 5 bookings + bundle deals + exclusive previews,3
575908,5.5,2,1384.0,3,2,2,7,False,Potential Champions,Frequency incentive: 10% off next 5 bookings + bundle deals + exclusive previews,3
575923,8.0,2,4844.0,1,2,3,6,False,At Risk (High Value),Aggressive win-back: 22% off + lounge access + concierge outreach,1
575964,0.0,0,0.0,1,1,1,3,True,Hibernating,Soft re-engagement: 10% off + new feature notification (minimal investment),5
575971,7.6,5,3599.9,1,3,3,7,False,Do Not Lose,Win-back: 18% off next 3 bookings + free upgrade + personalised re-engagement,1
576040,5.5,2,393.25,3,2,1,6,False,Potential Champions,Frequency incentive: 10% off next 5 bookings + bundle deals + exclusive previews,3
576103,6.0,1,103.0,2,1,1,4,False,About to Sleep,Re-engagement: 18% off + free hotel voucher + last-chance exclusive,4
576136,5.5,3,5785.4,3,2,3,8,False,Potential Champions,Frequency incentive: 10% off next 5 bookings + bundle deals + exclusive previews,3
576159,6.0,2,1551.0,2,2,2,6,False,Need Attention,Engagement bonus: 12% off + free baggage + loyalty enrolment incentive,3
576169,8.8,5,1449.25,1,3,2,6,False,Do Not Lose,Win-back: 18% off next 3 bookings + free upgrade + personalised re-engagement,1
576231,5.0,2,1430.65,3,2,2,7,False,Potential Champions,Frequency incentive: 10% off next 5 bookings + bundle deals + exclusive previews,3
576272,7.0,4,1215.0,2,3,2,7,False,Loyal Customers,Free checked bag + 10% loyalty discount + priority service,2
576357,7.0,2,1839.0,2,2,2,6,False,Need Attention,Engagement bonus: 12% off + free baggage + loyalty enrolment incentive,3
576366,6.333333333333333,3,571.0,2,2,1,5,False,Need Attention,Engagement bonus: 12% off + free baggage + loyalty enrolment incentive,3
576369,4.0,1,254.0,3,1,1,5,False,Promising (Growth),First-booking incentive: 12% off + free cancellation on first 2 bookings,4
576370,6.0,1,1065.0,2,1,2,5,False,About to Sleep,Re-engagement: 18% off + free hotel voucher + last-chance exclusive,4
576373,7.0,4,2543.0,2,3,3,8,False,Loyal Customers,Free checked bag + 10% loyalty discount + priority service,2
576541,80.0,3,336.0,1,2,1,4,False,At Risk,Basic re-engagement: 12% off + flash sale notification,5
576612,6.6,5,5490.0,2,3,3,8,False,Loyal Customers,Free checked bag + 10% loyalty discount + priority service,2
576663,5.0,1,0.0,3,1,1,5,False,Promising (Growth),First-booking incentive: 12% off + free cancellation on first 2 bookings,4
576668,0.0,0,0.0,1,1,1,3,True,Hibernating,Soft re-engagement: 10% off + new feature notification (minimal investment),5
576677,7.666666666666665,3,997.0,1,2,2,5,False,At Risk,Basic re-engagement: 12% off + flash sale notification,5
576691,7.75,5,7093.1,1,3,3,7,False,Do Not Lose,Win-back: 18% off next 3 bookings + free upgrade + personalised re-engagement,1
576712,0.0,1,1932.0,3,1,2,6,False,Promising (Growth),First-booking incentive: 12% off + free cancellation on first 2 bookings,4
576765,0.0,0,0.0,1,1,1,3,True,Hibernating,Soft re-engagement: 10% off + new feature notification (minimal investment),5
576785,0.0,0,0.0,1,1,1,3,True,Hibernating,Soft re-engagement: 10% off + new feature notification (minimal investment),5
576833,7.25,4,323.0,2,3,1,6,False,Loyal Customers,Free checked bag + 10% loyalty discount + priority service,2
576846,0.0,1,1992.0,3,1,2,6,False,Promising (Growth),First-booking incentive: 12% off + free cancellation on first 2 bookings,4
576849,7.5,3,3806.0,2,2,3,7,False,Need Attention,Engagement bonus: 12% off + free baggage + loyalty enrolment incentive,3
576879,6.0,1,155.0,2,1,1,4,False,About to Sleep,Re-engagement: 18% off + free hotel voucher + last-chance exclusive,4
576922,0.0,0,0.0,1,1,1,3,True,Hibernating,Soft re-engagement: 10% off + new feature notification (minimal investment),5
576945,8.0,1,124.0,1,1,1,3,False,Hibernating,Soft re-engagement: 10% off + new feature notification (minimal investment),5
576962,280.0,3,1167.0,1,2,2,5,False,At Risk,Basic re-engagement: 12% off + flash sale notification,5
576966,7.0,2,1032.0,2,2,2,6,False,Need Attention,Engagement bonus: 12% off + free baggage + loyalty enrolment incentive,3
576985,6.666666666666666,4,9600.0,2,3,3,8,False,Loyal Customers,Free checked bag + 10% loyalty discount + priority service,2
577007,8.0,3,2215.0,1,2,3,6,False,At Risk (High Value),Aggressive win-back: 22% off + lounge access + concierge outreach,1
577044,8.0,3,0.0,1,2,1,4,False,At Risk,Basic re-engagement: 12% off + flash sale notification,5
577046,8.0,1,177.0,1,1,1,3,False,Hibernating,Soft re-engagement: 10% off + new feature notification (minimal investment),5
577074,7.333333333333333,4,2257.0,2,3,3,8,False,Loyal Customers,Free checked bag + 10% loyalty discount + priority service,2
577089,8.0,3,747.0,1,2,1,4,False,At Risk,Basic re-engagement: 12% off + flash sale notification,5
577115,8.333333333333332,4,3171.5,1,3,3,7,False,Do Not Lose,Win-back: 18% off next 3 bookings + free upgrade + personalised re-engagement,1
577145,8.75,6,4124.0,1,3,3,7,False,Do Not Lose,Win-back: 18% off next 3 bookings + free upgrade + personalised re-engagement,1
577180,6.6,5,1647.0,2,3,2,7,False,Loyal Customers,Free checked bag + 10% loyalty discount + priority service,2
577208,9.0,2,377.0,1,2,1,4,False,At Risk,Basic re-engagement: 12% off + flash sale notification,5
577215,9.0,1,488.0,1,1,1,3,False,Hibernating,Soft re-engagement: 10% off + new feature notification (minimal investment),5
577216,11.0,4,2793.5,1,3,3,7,False,Do Not Lose,Win-back: 18% off next 3 bookings + free upgrade + personalised re-engagement,1
577225,8.0,2,1179.0,1,2,2,5,False,At Risk,Basic re-engagement: 12% off + flash sale notification,5
577255,6.5,3,1376.3,2,2,2,6,False,Need Attention,Engagement bonus: 12% off + free baggage + loyalty enrolment incentive,3
577287,6.0,3,1467.95,2,2,2,6,False,Need Attention,Engagement bonus: 12% off + free baggage + loyalty enrolment incentive,3
577356,9.0,1,40.0,1,1,1,3,False,Hibernating,Soft re-engagement: 10% off + new feature notification (minimal investment),5
577381,0.0,0,0.0,1,1,1,3,True,Hibernating,Soft re-engagement: 10% off + new feature notification (minimal investment),5
577386,11.0,2,534.0,1,2,1,4,False,At Risk,Basic re-engagement: 12% off + flash sale notification,5
577410,5.666666666666666,5,1992.4,3,3,2,8,False,Champions,Loyalty rewards + quarterly exclusive offers + referral bonus,2
577534,6.0,1,398.0,2,1,1,4,False,About to Sleep,Re-engagement: 18% off + free hotel voucher + last-chance exclusive,4
577539,6.5,2,2054.0,2,2,3,7,False,Need Attention,Engagement bonus: 12% off + free baggage + loyalty enrolment incentive,3
577541,8.5,2,586.8,1,2,1,4,False,At Risk,Basic re-engagement: 12% off + flash sale notification,5
577598,7.666666666666665,3,1376.0,1,2,2,5,False,At Risk,Basic re-engagement: 12% off + flash sale notification,5
577617,7.6,5,1219.0,1,3,2,6,False,Do Not Lose,Win-back: 18% off next 3 bookings + free upgrade + personalised re-engagement,1
577625,5.5,2,334.0,3,2,1,6,False,Potential Champions,Frequency incentive: 10% off next 5 bookings + bundle deals + exclusive previews,3
577626,7.25,4,1433.2,2,3,2,7,False,Loyal Customers,Free checked bag + 10% loyalty discount + priority service,2
577638,7.8,5,3372.7,1,3,3,7,False,Do Not Lose,Win-back: 18% off next 3 bookings + free upgrade + personalised re-engagement,1
577643,0.0,0,0.0,1,1,1,3,True,Hibernating,Soft re-engagement: 10% off + new feature notification (minimal investment),5
577667,10.0,1,0.0,1,1,1,3,False,Hibernating,Soft re-engagement: 10% off + new feature notification (minimal investment),5
577682,9.0,1,0.0,1,1,1,3,False,Hibernating,Soft re-engagement: 10% off + new feature notification (minimal investment),5
577851,6.0,1,93.0,2,1,1,4,False,About to Sleep,Re-engagement: 18% off + free hotel voucher + last-chance exclusive,4
577901,0.0,0,0.0,1,1,1,3,True,Hibernating,Soft re-engagement: 10% off + new feature notification (minimal investment),5
577915,6.75,4,4902.0,2,3,3,8,False,Loyal Customers,Free checked bag + 10% loyalty discount + priority service,2
577921,5.0,2,3234.0,3,2,3,8,False,Potential Champions,Frequency incentive: 10% off next 5 bookings + bundle deals + exclusive previews,3
577930,11.333333333333332,4,1758.25,1,3,2,6,False,Do Not Lose,Win-back: 18% off next 3 bookings + free upgrade + personalised re-engagement,1
577944,0.0,1,788.4,3,1,1,5,False,Promising (Growth),First-booking incentive: 12% off + free cancellation on first 2 bookings,4
577984,8.333333333333332,3,1477.0,1,2,2,5,False,At Risk,Basic re-engagement: 12% off + flash sale notification,5
578058,7.0,1,140.0,2,1,1,4,False,About to Sleep,Re-engagement: 18% off + free hotel voucher + last-chance exclusive,4
578088,6.666666666666666,3,1118.0,2,2,2,6,False,Need Attention,Engagement bonus: 12% off + free baggage + loyalty enrolment incentive,3
578120,9.5,3,1500.0,1,2,2,5,False,At Risk,Basic re-engagement: 12% off + flash sale notification,5
578164,7.0,2,150.0,2,2,1,5,False,Need Attention,Engagement bonus: 12% off + free baggage + loyalty enrolment incentive,3
578396,5.0,3,3531.0,3,2,3,8,False,Potential Champions,Frequency incentive: 10% off next 5 bookings + bundle deals + exclusive previews,3
578459,9.666666666666666,3,224.0,1,2,1,4,False,At Risk,Basic re-engagement: 12% off + flash sale notification,5
578488,5.5,2,615.0,3,2,1,6,False,Potential Champions,Frequency incentive: 10% off next 5 bookings + bundle deals + exclusive previews,3
578503,7.0,3,1914.6,2,2,2,6,False,Need Attention,Engagement bonus: 12% off + free baggage + loyalty enrolment incentive,3
578511,6.0,1,300.0,2,1,1,4,False,About to Sleep,Re-engagement: 18% off + free hotel voucher + last-chance exclusive,4
578549,7.0,4,3203.6,2,3,3,8,False,Loyal Customers,Free checked bag + 10% loyalty discount + priority service,2
578607,6.2,6,2410.0,2,3,3,8,False,Loyal Customers,Free checked bag + 10% loyalty discount + priority service,2
578824,7.0,5,1835.0,2,3,2,7,False,Loyal Customers,Free checked bag + 10% loyalty discount + priority service,2
578866,0.0,0,0.0,1,1,1,3,True,Hibernating,Soft re-engagement: 10% off + new feature notification (minimal investment),5
578872,6.5,2,942.0,2,2,2,6,False,Need Attention,Engagement bonus: 12% off + free baggage + loyalty enrolment incentive,3
578886,224.0,2,348.0,1,2,1,4,False,At Risk,Basic re-engagement: 12% off + flash sale notification,5
578892,8.0,4,684.0,1,3,1,5,False,Do Not Lose,Win-back: 18% off next 3 bookings + free upgrade + personalised re-engagement,1
578929,6.0,3,642.0,2,2,1,5,False,Need Attention,Engagement bonus: 12% off + free baggage + loyalty enrolment incentive,3
578938,5.5,5,3572.8,3,3,3,9,False,Champions,Loyalty rewards + quarterly exclusive offers + referral bonus,2
578947,8.333333333333332,4,3085.4,1,3,3,7,False,Do Not Lose,Win-back: 18% off next 3 bookings + free upgrade + personalised re-engagement,1
578993,11.5,2,59.0,1,2,1,4,False,At Risk,Basic re-engagement: 12% off + flash sale notification,5
579021,4.0,1,102.0,3,1,1,5,False,Promising (Growth),First-booking incentive: 12% off + free cancellation on first 2 bookings,4
579040,0.0,0,0.0,1,1,1,3,True,Hibernating,Soft re-engagement: 10% off + new feature notification (minimal investment),5
579065,6.5,4,3354.0,2,3,3,8,False,Loyal Customers,Free checked bag + 10% loyalty discount + priority service,2
579230,11.0,1,0.0,1,1,1,3,False,Hibernating,Soft re-engagement: 10% off + new feature notification (minimal investment),5
579275,7.666666666666665,4,1245.0,1,3,2,6,False,Do Not Lose,Win-back: 18% off next 3 bookings + free upgrade + personalised re-engagement,1
579307,6.5,4,358.0,2,3,1,6,False,Loyal Customers,Free checked bag + 10% loyalty discount + priority service,2
579323,11.0,3,868.6,1,2,2,5,False,At Risk,Basic re-engagement: 12% off + flash sale notification,5
579404,7.75,4,1352.0,1,3,2,6,False,Do Not Lose,Win-back: 18% off next 3 bookings + free upgrade + personalised re-engagement,1
579503,0.0,0,0.0,1,1,1,3,True,Hibernating,Soft re-engagement: 10% off + new feature notification (minimal investment),5
579547,6.333333333333333,3,1883.0,2,2,2,6,False,Need Attention,Engagement bonus: 12% off + free baggage + loyalty enrolment incentive,3
579589,6.666666666666666,6,4059.05,2,3,3,8,False,Loyal Customers,Free checked bag + 10% loyalty discount + priority service,2
579707,6.5,2,256.0,2,2,1,5,False,Need Attention,Engagement bonus: 12% off + free baggage + loyalty enrolment incentive,3
579714,0.0,2,3685.0,3,2,3,8,False,Potential Champions,Frequency incentive: 10% off next 5 bookings + bundle deals + exclusive previews,3
579783,0.0,0,0.0,1,1,1,3,True,Hibernating,Soft re-engagement: 10% off + new feature notification (minimal investment),5
579792,54.75,5,3357.3,1,3,3,7,False,Do Not Lose,Win-back: 18% off next 3 bookings + free upgrade + personalised re-engagement,1
579804,7.0,3,5853.5,2,2,3,7,False,Need Attention,Engagement bonus: 12% off + free baggage + loyalty enrolment incentive,3
579829,4.333333333333333,3,401.0,3,2,1,6,False,Potential Champions,Frequency incentive: 10% off next 5 bookings + bundle deals + exclusive previews,3
579846,0.0,1,2479.5,3,1,3,7,False,Promising (High-Value),Tiered loyalty benefits + early access to sales + free cancellation (2 bookings),1
579950,8.75,5,4451.0,1,3,3,7,False,Do Not Lose,Win-back: 18% off next 3 bookings + free upgrade + personalised re-engagement,1
579971,0.0,0,0.0,1,1,1,3,True,Hibernating,Soft re-engagement: 10% off + new feature notification (minimal investment),5
579999,0.0,1,260.0,3,1,1,5,False,Promising (Growth),First-booking incentive: 12% off + free cancellation on first 2 bookings,4
580026,0.0,0,0.0,1,1,1,3,True,Hibernating,Soft re-engagement: 10% off + new feature notification (minimal investment),5
580077,9.0,2,968.0,1,2,2,5,False,At Risk,Basic re-engagement: 12% off + flash sale notification,5
580211,7.0,6,4159.6,2,3,3,8,False,Loyal Customers,Free checked bag + 10% loyalty discount + priority service,2
580212,7.0,4,2541.0,2,3,3,8,False,Loyal Customers,Free checked bag + 10% loyalty discount + priority service,2
580402,7.75,5,1720.0,1,3,2,6,False,Do Not Lose,Win-back: 18% off next 3 bookings + free upgrade + personalised re-engagement,1
580460,6.0,3,630.0,2,2,1,5,False,Need Attention,Engagement bonus: 12% off + free baggage + loyalty enrolment incentive,3
580515,9.0,3,2614.0,1,2,3,6,False,At Risk (High Value),Aggressive win-back: 22% off + lounge access + concierge outreach,1
580578,6.5,4,1334.0,2,3,2,7,False,Loyal Customers,Free checked bag + 10% loyalty discount + priority service,2
580611,5.0,4,890.4,3,3,2,8,False,Champions,Loyalty rewards + quarterly exclusive offers + referral bonus,2
580622,0.0,0,0.0,1,1,1,3,True,Hibernating,Soft re-engagement: 10% off + new feature notification (minimal investment),5
580626,115.66666666666666,3,889.0,1,2,2,5,False,At Risk,Basic re-engagement: 12% off + flash sale notification,5
580658,5.333333333333333,3,789.1,3,2,1,6,False,Potential Champions,Frequency incentive: 10% off next 5 bookings + bundle deals + exclusive previews,3
580895,0.0,2,1970.0,3,2,2,7,False,Potential Champions,Frequency incentive: 10% off next 5 bookings + bundle deals + exclusive previews,3
580902,5.5,2,1296.0,3,2,2,7,False,Potential Champions,Frequency incentive: 10% off next 5 bookings + bundle deals + exclusive previews,3
580944,4.5,3,1827.4,3,2,2,7,False,Potential Champions,Frequency incentive: 10% off next 5 bookings + bundle deals + exclusive previews,3
580971,8.0,2,1926.0,1,2,2,5,False,At Risk,Basic re-engagement: 12% off + flash sale notification,5
581005,8.2,5,2873.0,1,3,3,7,False,Do Not Lose,Win-back: 18% off next 3 bookings + free upgrade + personalised re-engagement,1
581085,6.666666666666666,3,1158.5,2,2,2,6,False,Need Attention,Engagement bonus: 12% off + free baggage + loyalty enrolment incentive,3
581086,4.0,1,777.6,3,1,1,5,False,Promising (Growth),First-booking incentive: 12% off + free cancellation on first 2 bookings,4
581091,8.5,4,1693.0,1,3,2,6,False,Do Not Lose,Win-back: 18% off next 3 bookings + free upgrade + personalised re-engagement,1
581110,0.0,0,0.0,1,1,1,3,True,Hibernating,Soft re-engagement: 10% off + new feature notification (minimal investment),5
581111,4.75,4,1303.2,3,3,2,8,False,Champions,Loyalty rewards + quarterly exclusive offers + referral bonus,2
581120,5.5,2,336.0,3,2,1,6,False,Potential Champions,Frequency incentive: 10% off next 5 bookings + bundle deals + exclusive previews,3
581239,6.5,2,225.0,2,2,1,5,False,Need Attention,Engagement bonus: 12% off + free baggage + loyalty enrolment incentive,3
581269,6.5,4,1309.0,2,3,2,7,False,Loyal Customers,Free checked bag + 10% loyalty discount + priority service,2
581307,5.5,3,4247.8,3,2,3,8,False,Potential Champions,Frequency incentive: 10% off next 5 bookings + bundle deals + exclusive previews,3
581343,6.0,1,924.0,2,1,2,5,False,About to Sleep,Re-engagement: 18% off + free hotel voucher + last-chance exclusive,4
581365,8.0,1,378.0,1,1,1,3,False,Hibernating,Soft re-engagement: 10% off + new feature notification (minimal investment),5
581385,0.0,1,932.0,3,1,2,6,False,Promising (Growth),First-booking incentive: 12% off + free cancellation on first 2 bookings,4
581388,5.0,1,364.0,3,1,1,5,False,Promising (Growth),First-booking incentive: 12% off + free cancellation on first 2 bookings,4
581409,7.333333333333333,3,1452.0,2,2,2,6,False,Need Attention,Engagement bonus: 12% off + free baggage + loyalty enrolment incentive,3
581412,8.0,2,1299.0,1,2,2,5,False,At Risk,Basic re-engagement: 12% off + flash sale notification,5
581438,8.333333333333332,3,2465.0,1,2,3,6,False,At Risk (High Value),Aggressive win-back: 22% off + lounge access + concierge outreach,1
581461,0.0,1,302.0,3,1,1,5,False,Promising (Growth),First-booking incentive: 12% off + free cancellation on first 2 bookings,4
581491,9.0,2,1830.0,1,2,2,5,False,At Risk,Basic re-engagement: 12% off + flash sale notification,5
581527,7.0,5,2180.65,2,3,3,8,False,Loyal Customers,Free checked bag + 10% loyalty discount + priority service,2
581577,7.0,2,157.0,2,2,1,5,False,Need Attention,Engagement bonus: 12% off + free baggage + loyalty enrolment incentive,3
581595,0.0,0,0.0,1,1,1,3,True,Hibernating,Soft re-engagement: 10% off + new feature notification (minimal investment),5
581666,8.0,3,4937.0,1,2,3,6,False,At Risk (High Value),Aggressive win-back: 22% off + lounge access + concierge outreach,1
581679,0.0,0,0.0,1,1,1,3,True,Hibernating,Soft re-engagement: 10% off + new feature notification (minimal investment),5
581685,9.0,1,89.0,1,1,1,3,False,Hibernating,Soft re-engagement: 10% off + new feature notification (minimal investment),5
581721,7.2,5,3343.0,2,3,3,8,False,Loyal Customers,Free checked bag + 10% loyalty discount + priority service,2
581729,0.0,0,0.0,1,1,1,3,True,Hibernating,Soft re-engagement: 10% off + new feature notification (minimal investment),5
581770,7.0,2,1082.0,2,2,2,6,False,Need Attention,Engagement bonus: 12% off + free baggage + loyalty enrolment incentive,3
581835,9.5,5,5642.95,1,3,3,7,False,Do Not Lose,Win-back: 18% off next 3 bookings + free upgrade + personalised re-engagement,1
581858,9.5,2,46.75,1,2,1,4,False,At Risk,Basic re-engagement: 12% off + flash sale notification,5
581901,8.75,5,2182.0,1,3,3,7,False,Do Not Lose,Win-back: 18% off next 3 bookings + free upgrade + personalised re-engagement,1
582002,0.0,0,0.0,1,1,1,3,True,Hibernating,Soft re-engagement: 10% off + new feature notification (minimal investment),5
582011,6.25,4,3670.0,2,3,3,8,False,Loyal Customers,Free checked bag + 10% loyalty discount + priority service,2
582038,6.0,2,2172.0,2,2,3,7,False,Need Attention,Engagement bonus: 12% off + free baggage + loyalty enrolment incentive,3
582190,0.0,0,0.0,1,1,1,3,True,Hibernating,Soft re-engagement: 10% off + new feature notification (minimal investment),5
582227,5.333333333333333,4,2688.0,3,3,3,9,False,Champions,Loyalty rewards + quarterly exclusive offers + referral bonus,2
582241,0.0,0,0.0,1,1,1,3,True,Hibernating,Soft re-engagement: 10% off + new feature notification (minimal investment),5
582254,6.0,4,3978.0,2,3,3,8,False,Loyal Customers,Free checked bag + 10% loyalty discount + priority service,2
582319,89.75,4,3102.2,1,3,3,7,False,Do Not Lose,Win-back: 18% off next 3 bookings + free upgrade + personalised re-engagement,1
582320,9.0,2,1224.0,1,2,2,5,False,At Risk,Basic re-engagement: 12% off + flash sale notification,5
582326,7.5,4,1016.0,2,3,2,7,False,Loyal Customers,Free checked bag + 10% loyalty discount + priority service,2
582333,5.666666666666666,4,2490.5,3,3,3,9,False,Champions,Loyalty rewards + quarterly exclusive offers + referral bonus,2
582343,7.0,2,539.0,2,2,1,5,False,Need Attention,Engagement bonus: 12% off + free baggage + loyalty enrolment incentive,3
582446,10.0,2,670.5,1,2,1,4,False,At Risk,Basic re-engagement: 12% off + flash sale notification,5
582482,10.0,2,392.0,1,2,1,4,False,At Risk,Basic re-engagement: 12% off + flash sale notification,5
582484,6.333333333333333,3,627.0,2,2,1,5,False,Need Attention,Engagement bonus: 12% off + free baggage + loyalty enrolment incentive,3
582577,7.666666666666665,3,1065.0,1,2,2,5,False,At Risk,Basic re-engagement: 12% off + flash sale notification,5
582586,0.0,0,0.0,1,1,1,3,True,Hibernating,Soft re-engagement: 10% off + new feature notification (minimal investment),5
582636,7.5,2,520.0,2,2,1,5,False,Need Attention,Engagement bonus: 12% off + free baggage + loyalty enrolment incentive,3
582664,11.0,1,1029.0,1,1,2,4,False,Hibernating,Soft re-engagement: 10% off + new feature notification (minimal investment),5
582723,8.25,4,5524.0,1,3,3,7,False,Do Not Lose,Win-back: 18% off next 3 bookings + free upgrade + personalised re-engagement,1
582729,0.0,0,0.0,1,1,1,3,True,Hibernating,Soft re-engagement: 10% off + new feature notification (minimal investment),5
582768,50.6,5,9299.0,1,3,3,7,False,Do Not Lose,Win-back: 18% off next 3 bookings + free upgrade + personalised re-engagement,1
582785,6.333333333333333,6,1629.0,2,3,2,7,False,Loyal Customers,Free checked bag + 10% loyalty discount + priority service,2
582796,0.0,1,5838.0,3,1,3,7,False,Promising (High-Value),Tiered loyalty benefits + early access to sales + free cancellation (2 bookings),1
582801,7.5,2,1738.0,2,2,2,6,False,Need Attention,Engagement bonus: 12% off + free baggage + loyalty enrolment incentive,3
582828,6.666666666666666,3,1497.6,2,2,2,6,False,Need Attention,Engagement bonus: 12% off + free baggage + loyalty enrolment incentive,3
582833,5.5,2,668.0,3,2,1,6,False,Potential Champions,Frequency incentive: 10% off next 5 bookings + bundle deals + exclusive previews,3
582903,0.0,0,0.0,1,1,1,3,True,Hibernating,Soft re-engagement: 10% off + new feature notification (minimal investment),5
582979,6.5,6,1749.0,2,3,2,7,False,Loyal Customers,Free checked bag + 10% loyalty discount + priority service,2
582995,8.333333333333332,4,1405.0,1,3,2,6,False,Do Not Lose,Win-back: 18% off next 3 bookings + free upgrade + personalised re-engagement,1
583016,8.0,1,126.0,1,1,1,3,False,Hibernating,Soft re-engagement: 10% off + new feature notification (minimal investment),5
583023,4.5,3,13282.0,3,2,3,8,False,Potential Champions,Frequency incentive: 10% off next 5 bookings + bundle deals + exclusive previews,3
583038,4.666666666666666,3,783.0,3,2,1,6,False,Potential Champions,Frequency incentive: 10% off next 5 bookings + bundle deals + exclusive previews,3
583052,4.25,4,1897.5,3,3,2,8,False,Champions,Loyalty rewards + quarterly exclusive offers + referral bonus,2
583070,6.666666666666666,3,1050.0,2,2,2,6,False,Need Attention,Engagement bonus: 12% off + free baggage + loyalty enrolment incentive,3
583087,7.666666666666665,3,1590.4,1,2,2,5,False,At Risk,Basic re-engagement: 12% off + flash sale notification,5
583120,6.0,1,573.0,2,1,1,4,False,About to Sleep,Re-engagement: 18% off + free hotel voucher + last-chance exclusive,4
583134,4.0,1,0.0,3,1,1,5,False,Promising (Growth),First-booking incentive: 12% off + free cancellation on first 2 bookings,4
583166,0.0,0,0.0,1,1,1,3,True,Hibernating,Soft re-engagement: 10% off + new feature notification (minimal investment),5
583190,0.0,0,0.0,1,1,1,3,True,Hibernating,Soft re-engagement: 10% off + new feature notification (minimal investment),5
583200,7.5,2,648.0,2,2,1,5,False,Need Attention,Engagement bonus: 12% off + free baggage + loyalty enrolment incentive,3
583297,9.25,4,2448.0,1,3,3,7,False,Do Not Lose,Win-back: 18% off next 3 bookings + free upgrade + personalised re-engagement,1
583335,7.0,2,618.3,2,2,1,5,False,Need Attention,Engagement bonus: 12% off + free baggage + loyalty enrolment incentive,3
583336,5.0,2,1796.0,3,2,2,7,False,Potential Champions,Frequency incentive: 10% off next 5 bookings + bundle deals + exclusive previews,3
583342,0.0,2,1430.6,3,2,2,7,False,Potential Champions,Frequency incentive: 10% off next 5 bookings + bundle deals + exclusive previews,3
583446,8.0,4,5982.0,1,3,3,7,False,Do Not Lose,Win-back: 18% off next 3 bookings + free upgrade + personalised re-engagement,1
583454,9.0,1,123.0,1,1,1,3,False,Hibernating,Soft re-engagement: 10% off + new feature notification (minimal investment),5
583483,4.0,1,280.0,3,1,1,5,False,Promising (Growth),First-booking incentive: 12% off + free cancellation on first 2 bookings,4
583486,7.0,4,2360.0,2,3,3,8,False,Loyal Customers,Free checked bag + 10% loyalty discount + priority service,2
583490,0.0,1,1290.0,3,1,2,6,False,Promising (Growth),First-booking incentive: 12% off + free cancellation on first 2 bookings,4
583499,7.666666666666665,3,1215.0,1,2,2,5,False,At Risk,Basic re-engagement: 12% off + flash sale notification,5
583526,9.5,3,2061.0,1,2,3,6,False,At Risk (High Value),Aggressive win-back: 22% off + lounge access + concierge outreach,1
583612,89.25,4,3656.0,1,3,3,7,False,Do Not Lose,Win-back: 18% off next 3 bookings + free upgrade + personalised re-engagement,1
583623,8.0,1,426.0,1,1,1,3,False,Hibernating,Soft re-engagement: 10% off + new feature notification (minimal investment),5
583664,6.0,2,121.0,2,2,1,5,False,Need Attention,Engagement bonus: 12% off + free baggage + loyalty enrolment incentive,3
583759,7.0,2,1810.0,2,2,2,6,False,Need Attention,Engagement bonus: 12% off + free baggage + loyalty enrolment incentive,3
583764,8.5,2,3831.0,1,2,3,6,False,At Risk (High Value),Aggressive win-back: 22% off + lounge access + concierge outreach,1
583931,6.5,3,934.0,2,2,2,6,False,Need Attention,Engagement bonus: 12% off + free baggage + loyalty enrolment incentive,3
583955,0.0,0,0.0,1,1,1,3,True,Hibernating,Soft re-engagement: 10% off + new feature notification (minimal investment),5
583976,7.0,2,1347.3,2,2,2,6,False,Need Attention,Engagement bonus: 12% off + free baggage + loyalty enrolment incentive,3
584001,9.0,1,556.0,1,1,1,3,False,Hibernating,Soft re-engagement: 10% off + new feature notification (minimal investment),5
584012,8.0,2,642.0,1,2,1,4,False,At Risk,Basic re-engagement: 12% off + flash sale notification,5
584030,5.75,4,933.0,3,3,2,8,False,Champions,Loyalty rewards + quarterly exclusive offers + referral bonus,2
584034,7.333333333333333,3,1165.7,2,2,2,6,False,Need Attention,Engagement bonus: 12% off + free baggage + loyalty enrolment incentive,3
584115,0.0,2,1166.0,3,2,2,7,False,Potential Champions,Frequency incentive: 10% off next 5 bookings + bundle deals + exclusive previews,3
584134,5.0,2,862.0,3,2,2,7,False,Potential Champions,Frequency incentive: 10% off next 5 bookings + bundle deals + exclusive previews,3
584185,7.0,1,0.0,2,1,1,4,False,About to Sleep,Re-engagement: 18% off + free hotel voucher + last-chance exclusive,4
584217,0.0,0,0.0,1,1,1,3,True,Hibernating,Soft re-engagement: 10% off + new feature notification (minimal investment),5
584241,0.0,2,1960.0,3,2,2,7,False,Potential Champions,Frequency incentive: 10% off next 5 bookings + bundle deals + exclusive previews,3
584247,8.0,3,528.0,1,2,1,4,False,At Risk,Basic re-engagement: 12% off + flash sale notification,5
584288,8.6,5,2006.2,1,3,2,6,False,Do Not Lose,Win-back: 18% off next 3 bookings + free upgrade + personalised re-engagement,1
584423,4.5,2,437.35,3,2,1,6,False,Potential Champions,Frequency incentive: 10% off next 5 bookings + bundle deals + exclusive previews,3
584459,9.0,2,3856.0,1,2,3,6,False,At Risk (High Value),Aggressive win-back: 22% off + lounge access + concierge outreach,1
584525,7.0,7,5412.0,2,3,3,8,False,Loyal Customers,Free checked bag + 10% loyalty discount + priority service,2
584530,5.75,4,5763.8,3,3,3,9,False,Champions,Loyalty rewards + quarterly exclusive offers + referral bonus,2
584531,7.5,2,3046.0,2,2,3,7,False,Need Attention,Engagement bonus: 12% off + free baggage + loyalty enrolment incentive,3
584537,6.0,5,890.6,2,3,2,7,False,Loyal Customers,Free checked bag + 10% loyalty discount + priority service,2
584549,7.5,3,1365.0,2,2,2,6,False,Need Attention,Engagement bonus: 12% off + free baggage + loyalty enrolment incentive,3
584591,4.666666666666666,3,132.0,3,2,1,6,False,Potential Champions,Frequency incentive: 10% off next 5 bookings + bundle deals + exclusive previews,3
584666,6.333333333333333,4,2737.0,2,3,3,8,False,Loyal Customers,Free checked bag + 10% loyalty discount + priority service,2
584787,0.0,2,3876.0,3,2,3,8,False,Potential Champions,Frequency incentive: 10% off next 5 bookings + bundle deals + exclusive previews,3
584843,13.0,1,0.0,1,1,1,3,False,Hibernating,Soft re-engagement: 10% off + new feature notification (minimal investment),5
584844,8.666666666666666,3,1203.0,1,2,2,5,False,At Risk,Basic re-engagement: 12% off + flash sale notification,5
584875,8.0,3,4238.0,1,2,3,6,False,At Risk (High Value),Aggressive win-back: 22% off + lounge access + concierge outreach,1
584912,6.5,4,1323.0,2,3,2,7,False,Loyal Customers,Free checked bag + 10% loyalty discount + priority service,2
584977,8.0,3,4180.0,1,2,3,6,False,At Risk (High Value),Aggressive win-back: 22% off + lounge access + concierge outreach,1
584998,7.5,4,2804.4,2,3,3,8,False,Loyal Customers,Free checked bag + 10% loyalty discount + priority service,2
585138,0.0,0,0.0,1,1,1,3,True,Hibernating,Soft re-engagement: 10% off + new feature notification (minimal investment),5
585169,0.0,0,0.0,1,1,1,3,True,Hibernating,Soft re-engagement: 10% off + new feature notification (minimal investment),5
585187,6.0,3,346.6,2,2,1,5,False,Need Attention,Engagement bonus: 12% off + free baggage + loyalty enrolment incentive,3
585231,0.0,0,0.0,1,1,1,3,True,Hibernating,Soft re-engagement: 10% off + new feature notification (minimal investment),5
585248,8.0,1,121.0,1,1,1,3,False,Hibernating,Soft re-engagement: 10% off + new feature notification (minimal investment),5
585250,0.0,0,0.0,1,1,1,3,True,Hibernating,Soft re-engagement: 10% off + new feature notification (minimal investment),5
585310,5.333333333333333,3,1976.0,3,2,2,7,False,Potential Champions,Frequency incentive: 10% off next 5 bookings + bundle deals + exclusive previews,3
585361,0.0,0,0.0,1,1,1,3,True,Hibernating,Soft re-engagement: 10% off + new feature notification (minimal investment),5
585492,9.0,1,120.0,1,1,1,3,False,Hibernating,Soft re-engagement: 10% off + new feature notification (minimal investment),5
585522,0.0,0,0.0,1,1,1,3,True,Hibernating,Soft re-engagement: 10% off + new feature notification (minimal investment),5
585583,8.0,2,411.0,1,2,1,4,False,At Risk,Basic re-engagement: 12% off + flash sale notification,5
585585,6.428571428571429,7,12950.0,2,3,3,8,False,Loyal Customers,Free checked bag + 10% loyalty discount + priority service,2
585595,176.0,2,540.0,1,2,1,4,False,At Risk,Basic re-engagement: 12% off + flash sale notification,5
585650,9.0,2,3270.0,1,2,3,6,False,At Risk (High Value),Aggressive win-back: 22% off + lounge access + concierge outreach,1
585717,6.0,2,300.0,2,2,1,5,False,Need Attention,Engagement bonus: 12% off + free baggage + loyalty enrolment incentive,3
585722,9.5,3,975.6,1,2,2,5,False,At Risk,Basic re-engagement: 12% off + flash sale notification,5
585745,7.75,4,1412.3,1,3,2,6,False,Do Not Lose,Win-back: 18% off next 3 bookings + free upgrade + personalised re-engagement,1
585768,5.0,1,544.0,3,1,1,5,False,Promising (Growth),First-booking incentive: 12% off + free cancellation on first 2 bookings,4
585832,7.0,2,533.0,2,2,1,5,False,Need Attention,Engagement bonus: 12% off + free baggage + loyalty enrolment incentive,3
585882,4.0,3,2845.0,3,2,3,8,False,Potential Champions,Frequency incentive: 10% off next 5 bookings + bundle deals + exclusive previews,3
585915,6.666666666666666,3,1544.0,2,2,2,6,False,Need Attention,Engagement bonus: 12% off + free baggage + loyalty enrolment incentive,3
585946,6.0,2,1548.0,2,2,2,6,False,Need Attention,Engagement bonus: 12% off + free baggage + loyalty enrolment incentive,3
585965,8.333333333333332,3,1181.0,1,2,2,5,False,At Risk,Basic re-engagement: 12% off + flash sale notification,5
585986,10.0,1,0.0,1,1,1,3,False,Hibernating,Soft re-engagement: 10% off + new feature notification (minimal investment),5
586006,10.333333333333332,3,1366.0,1,2,2,5,False,At Risk,Basic re-engagement: 12% off + flash sale notification,5
586038,9.25,4,1232.0,1,3,2,6,False,Do Not Lose,Win-back: 18% off next 3 bookings + free upgrade + personalised re-engagement,1
586063,8.0,1,1448.0,1,1,2,4,False,Hibernating,Soft re-engagement: 10% off + new feature notification (minimal investment),5
586077,6.333333333333333,3,2127.0,2,2,3,7,False,Need Attention,Engagement bonus: 12% off + free baggage + loyalty enrolment incentive,3
586096,8.666666666666666,4,1296.3,1,3,2,6,False,Do Not Lose,Win-back: 18% off next 3 bookings + free upgrade + personalised re-engagement,1
586122,12.0,2,469.0,1,2,1,4,False,At Risk,Basic re-engagement: 12% off + flash sale notification,5
586124,7.0,2,1047.5,2,2,2,6,False,Need Attention,Engagement bonus: 12% off + free baggage + loyalty enrolment incentive,3
586192,8.0,1,404.0,1,1,1,3,False,Hibernating,Soft re-engagement: 10% off + new feature notification (minimal investment),5
586251,7.0,2,699.2,2,2,1,5,False,Need Attention,Engagement bonus: 12% off + free baggage + loyalty enrolment incentive,3
586257,0.0,0,0.0,1,1,1,3,True,Hibernating,Soft re-engagement: 10% off + new feature notification (minimal investment),5
586270,7.0,2,951.0,2,2,2,6,False,Need Attention,Engagement bonus: 12% off + free baggage + loyalty enrolment incentive,3
586272,10.0,1,272.0,1,1,1,3,False,Hibernating,Soft re-engagement: 10% off + new feature notification (minimal investment),5
586312,8.333333333333332,3,668.2,1,2,1,4,False,At Risk,Basic re-engagement: 12% off + flash sale notification,5
586344,0.0,1,736.0,3,1,1,5,False,Promising (Growth),First-booking incentive: 12% off + free cancellation on first 2 bookings,4
586357,0.0,0,0.0,1,1,1,3,True,Hibernating,Soft re-engagement: 10% off + new feature notification (minimal investment),5
586384,7.75,6,4356.95,1,3,3,7,False,Do Not Lose,Win-back: 18% off next 3 bookings + free upgrade + personalised re-engagement,1
586458,0.0,0,0.0,1,1,1,3,True,Hibernating,Soft re-engagement: 10% off + new feature notification (minimal investment),5
586471,3.0,1,0.0,3,1,1,5,False,Promising (Growth),First-booking incentive: 12% off + free cancellation on first 2 bookings,4
586631,9.0,2,110.0,1,2,1,4,False,At Risk,Basic re-engagement: 12% off + flash sale notification,5
586637,9.666666666666666,4,5722.5,1,3,3,7,False,Do Not Lose,Win-back: 18% off next 3 bookings + free upgrade + personalised re-engagement,1
586644,6.0,3,1318.0,2,2,2,6,False,Need Attention,Engagement bonus: 12% off + free baggage + loyalty enrolment incentive,3
586656,11.0,1,966.0,1,1,2,4,False,Hibernating,Soft re-engagement: 10% off + new feature notification (minimal investment),5
586672,5.25,4,906.0,3,3,2,8,False,Champions,Loyalty rewards + quarterly exclusive offers + referral bonus,2
586701,8.333333333333332,4,2363.0,1,3,3,7,False,Do Not Lose,Win-back: 18% off next 3 bookings + free upgrade + personalised re-engagement,1
586721,0.0,0,0.0,1,1,1,3,True,Hibernating,Soft re-engagement: 10% off + new feature notification (minimal investment),5
586732,8.25,4,1867.0,1,3,2,6,False,Do Not Lose,Win-back: 18% off next 3 bookings + free upgrade + personalised re-engagement,1
586762,5.666666666666666,3,5819.0,3,2,3,8,False,Potential Champions,Frequency incentive: 10% off next 5 bookings + bundle deals + exclusive previews,3
586774,8.666666666666666,3,525.0,1,2,1,4,False,At Risk,Basic re-engagement: 12% off + flash sale notification,5
586803,0.0,1,1080.0,3,1,2,6,False,Promising (Growth),First-booking incentive: 12% off + free cancellation on first 2 bookings,4
586811,95.25,4,575.0,1,3,1,5,False,Do Not Lose,Win-back: 18% off next 3 bookings + free upgrade + personalised re-engagement,1
586820,6.75,4,8383.1,2,3,3,8,False,Loyal Customers,Free checked bag + 10% loyalty discount + priority service,2
586829,0.0,0,0.0,1,1,1,3,True,Hibernating,Soft re-engagement: 10% off + new feature notification (minimal investment),5
586850,8.0,4,1023.0,1,3,2,6,False,Do Not Lose,Win-back: 18% off next 3 bookings + free upgrade + personalised re-engagement,1
586876,6.0,4,4780.0,2,3,3,8,False,Loyal Customers,Free checked bag + 10% loyalty discount + priority service,2
586887,7.2,5,2931.0,2,3,3,8,False,Loyal Customers,Free checked bag + 10% loyalty discount + priority service,2
586936,9.0,2,2661.6,1,2,3,6,False,At Risk (High Value),Aggressive win-back: 22% off + lounge access + concierge outreach,1
586953,7.0,4,1370.0,2,3,2,7,False,Loyal Customers,Free checked bag + 10% loyalty discount + priority service,2
587134,8.0,1,0.0,1,1,1,3,False,Hibernating,Soft re-engagement: 10% off + new feature notification (minimal investment),5
587195,7.0,1,172.0,2,1,1,4,False,About to Sleep,Re-engagement: 18% off + free hotel voucher + last-chance exclusive,4
587233,0.0,0,0.0,1,1,1,3,True,Hibernating,Soft re-engagement: 10% off + new feature notification (minimal investment),5
587234,7.0,2,1077.55,2,2,2,6,False,Need Attention,Engagement bonus: 12% off + free baggage + loyalty enrolment incentive,3
587304,6.5,3,1100.7,2,2,2,6,False,Need Attention,Engagement bonus: 12% off + free baggage + loyalty enrolment incentive,3
587313,5.0,3,5995.0,3,2,3,8,False,Potential Champions,Frequency incentive: 10% off next 5 bookings + bundle deals + exclusive previews,3
587373,4.5,5,5282.0,3,3,3,9,False,Champions,Loyalty rewards + quarterly exclusive offers + referral bonus,2
587459,5.75,4,299.0,3,3,1,7,False,Champions,Loyalty rewards + quarterly exclusive offers + referral bonus,2
587470,6.0,1,598.5,2,1,1,4,False,About to Sleep,Re-engagement: 18% off + free hotel voucher + last-chance exclusive,4
587483,5.0,4,2511.5,3,3,3,9,False,Champions,Loyalty rewards + quarterly exclusive offers + referral bonus,2
587538,8.0,3,3398.0,1,2,3,6,False,At Risk (High Value),Aggressive win-back: 22% off + lounge access + concierge outreach,1
587577,6.0,2,1839.0,2,2,2,6,False,Need Attention,Engagement bonus: 12% off + free baggage + loyalty enrolment incentive,3
587601,0.0,0,0.0,1,1,1,3,True,Hibernating,Soft re-engagement: 10% off + new feature notification (minimal investment),5
587642,0.0,0,0.0,1,1,1,3,True,Hibernating,Soft re-engagement: 10% off + new feature notification (minimal investment),5
587675,8.0,1,2002.0,1,1,2,4,False,Hibernating,Soft re-engagement: 10% off + new feature notification (minimal investment),5
587698,5.0,1,250.0,3,1,1,5,False,Promising (Growth),First-booking incentive: 12% off + free cancellation on first 2 bookings,4
587753,0.0,1,314.0,3,1,1,5,False,Promising (Growth),First-booking incentive: 12% off + free cancellation on first 2 bookings,4
587754,9.0,1,170.0,1,1,1,3,False,Hibernating,Soft re-engagement: 10% off + new feature notification (minimal investment),5
587802,6.0,2,2211.0,2,2,3,7,False,Need Attention,Engagement bonus: 12% off + free baggage + loyalty enrolment incentive,3
587810,4.333333333333333,3,2018.0,3,2,2,7,False,Potential Champions,Frequency incentive: 10% off next 5 bookings + bundle deals + exclusive previews,3
587899,7.5,2,514.0,2,2,1,5,False,Need Attention,Engagement bonus: 12% off + free baggage + loyalty enrolment incentive,3
588013,8.0,1,2526.0,1,1,3,5,False,Hibernating,Soft re-engagement: 10% off + new feature notification (minimal investment),5
588048,7.666666666666665,3,476.0,1,2,1,4,False,At Risk,Basic re-engagement: 12% off + flash sale notification,5
588103,6.166666666666666,6,929.0,2,3,2,7,False,Loyal Customers,Free checked bag + 10% loyalty discount + priority service,2
588313,8.0,1,372.0,1,1,1,3,False,Hibernating,Soft re-engagement: 10% off + new feature notification (minimal investment),5
588355,7.666666666666665,3,1219.0,1,2,2,5,False,At Risk,Basic re-engagement: 12% off + flash sale notification,5
588370,6.0,4,4938.2,2,3,3,8,False,Loyal Customers,Free checked bag + 10% loyalty discount + priority service,2
588386,131.0,2,1138.0,1,2,2,5,False,At Risk,Basic re-engagement: 12% off + flash sale notification,5
588391,5.5,2,1581.0,3,2,2,7,False,Potential Champions,Frequency incentive: 10% off next 5 bookings + bundle deals + exclusive previews,3
588414,5.666666666666666,3,12796.05,3,2,3,8,False,Potential Champions,Frequency incentive: 10% off next 5 bookings + bundle deals + exclusive previews,3
588497,3.0,1,850.0,3,1,2,6,False,Promising (Growth),First-booking incentive: 12% off + free cancellation on first 2 bookings,4
588507,87.5,3,2968.0,1,2,3,6,False,At Risk (High Value),Aggressive win-back: 22% off + lounge access + concierge outreach,1
588526,0.0,0,0.0,1,1,1,3,True,Hibernating,Soft re-engagement: 10% off + new feature notification (minimal investment),5
588560,0.0,0,0.0,1,1,1,3,True,Hibernating,Soft re-engagement: 10% off + new feature notification (minimal investment),5
588582,8.0,2,1240.0,1,2,2,5,False,At Risk,Basic re-engagement: 12% off + flash sale notification,5
588677,7.333333333333333,3,210.05,2,2,1,5,False,Need Attention,Engagement bonus: 12% off + free baggage + loyalty enrolment incentive,3
588732,7.0,3,1373.0,2,2,2,6,False,Need Attention,Engagement bonus: 12% off + free baggage + loyalty enrolment incentive,3
588797,7.0,2,1098.0,2,2,2,6,False,Need Attention,Engagement bonus: 12% off + free baggage + loyalty enrolment incentive,3
588820,9.25,4,2695.5,1,3,3,7,False,Do Not Lose,Win-back: 18% off next 3 bookings + free upgrade + personalised re-engagement,1
588893,8.5,2,1271.6,1,2,2,5,False,At Risk,Basic re-engagement: 12% off + flash sale notification,5
588919,9.0,2,1206.45,1,2,2,5,False,At Risk,Basic re-engagement: 12% off + flash sale notification,5
588970,0.0,3,4691.8,3,2,3,8,False,Potential Champions,Frequency incentive: 10% off next 5 bookings + bundle deals + exclusive previews,3
589008,0.0,0,0.0,1,1,1,3,True,Hibernating,Soft re-engagement: 10% off + new feature notification (minimal investment),5
589121,5.5,3,810.0,3,2,1,6,False,Potential Champions,Frequency incentive: 10% off next 5 bookings + bundle deals + exclusive previews,3
589140,7.0,1,458.0,2,1,1,4,False,About to Sleep,Re-engagement: 18% off + free hotel voucher + last-chance exclusive,4
589154,5.0,4,18033.0,3,3,3,9,False,Champions,Loyalty rewards + quarterly exclusive offers + referral bonus,2
589162,7.0,3,1802.8,2,2,2,6,False,Need Attention,Engagement bonus: 12% off + free baggage + loyalty enrolment incentive,3
589164,5.5,4,3868.0,3,3,3,9,False,Champions,Loyalty rewards + quarterly exclusive offers + referral bonus,2
589171,3.0,1,280.0,3,1,1,5,False,Promising (Growth),First-booking incentive: 12% off + free cancellation on first 2 bookings,4
589228,5.666666666666666,3,1152.0,3,2,2,7,False,Potential Champions,Frequency incentive: 10% off next 5 bookings + bundle deals + exclusive previews,3
589259,7.0,2,1676.0,2,2,2,6,False,Need Attention,Engagement bonus: 12% off + free baggage + loyalty enrolment incentive,3
589306,6.5,4,1658.1,2,3,2,7,False,Loyal Customers,Free checked bag + 10% loyalty discount + priority service,2
589311,7.0,4,3492.0,2,3,3,8,False,Loyal Customers,Free checked bag + 10% loyalty discount + priority service,2
589404,10.0,3,3945.0,1,2,3,6,False,At Risk (High Value),Aggressive win-back: 22% off + lounge access + concierge outreach,1
589405,5.0,2,1232.0,3,2,2,7,False,Potential Champions,Frequency incentive: 10% off next 5 bookings + bundle deals + exclusive previews,3
589414,6.0,1,171.0,2,1,1,4,False,About to Sleep,Re-engagement: 18% off + free hotel voucher + last-chance exclusive,4
589489,6.333333333333333,7,3337.4,2,3,3,8,False,Loyal Customers,Free checked bag + 10% loyalty discount + priority service,2
589539,0.0,2,16598.0,3,2,3,8,False,Potential Champions,Frequency incentive: 10% off next 5 bookings + bundle deals + exclusive previews,3
589630,6.333333333333333,4,2722.2,2,3,3,8,False,Loyal Customers,Free checked bag + 10% loyalty discount + priority service,2
589650,9.5,3,1158.0,1,2,2,5,False,At Risk,Basic re-engagement: 12% off + flash sale notification,5
589758,7.5,5,969.0,2,3,2,7,False,Loyal Customers,Free checked bag + 10% loyalty discount + priority service,2
589775,8.0,3,470.2,1,2,1,4,False,At Risk,Basic re-engagement: 12% off + flash sale notification,5
589812,4.0,1,445.55,3,1,1,5,False,Promising (Growth),First-booking incentive: 12% off + free cancellation on first 2 bookings,4
589822,0.0,0,0.0,1,1,1,3,True,Hibernating,Soft re-engagement: 10% off + new feature notification (minimal investment),5
589868,8.0,3,230.0,1,2,1,4,False,At Risk,Basic re-engagement: 12% off + flash sale notification,5
589884,4.5,3,958.0,3,2,2,7,False,Potential Champions,Frequency incentive: 10% off next 5 bookings + bundle deals + exclusive previews,3
589977,6.75,4,1962.0,2,3,2,7,False,Loyal Customers,Free checked bag + 10% loyalty discount + priority service,2
589995,7.0,3,326.0,2,2,1,5,False,Need Attention,Engagement bonus: 12% off + free baggage + loyalty enrolment incentive,3
590014,7.0,1,0.0,2,1,1,4,False,About to Sleep,Re-engagement: 18% off + free hotel voucher + last-chance exclusive,4
590040,6.4,6,4274.2,2,3,3,8,False,Loyal Customers,Free checked bag + 10% loyalty discount + priority service,2
590077,7.0,2,763.7,2,2,1,5,False,Need Attention,Engagement bonus: 12% off + free baggage + loyalty enrolment incentive,3
590095,7.0,1,4024.0,2,1,3,6,False,About to Sleep,Re-engagement: 18% off + free hotel voucher + last-chance exclusive,4
590103,5.666666666666666,3,1094.0,3,2,2,7,False,Potential Champions,Frequency incentive: 10% off next 5 bookings + bundle deals + exclusive previews,3
590123,112.0,1,1248.0,1,1,2,4,False,Hibernating,Soft re-engagement: 10% off + new feature notification (minimal investment),5
590130,10.0,2,285.35,1,2,1,4,False,At Risk,Basic re-engagement: 12% off + flash sale notification,5
590163,6.0,4,3113.0,2,3,3,8,False,Loyal Customers,Free checked bag + 10% loyalty discount + priority service,2
590202,7.75,4,2421.0,1,3,3,7,False,Do Not Lose,Win-back: 18% off next 3 bookings + free upgrade + personalised re-engagement,1
590227,7.5,2,2298.4,2,2,3,7,False,Need Attention,Engagement bonus: 12% off + free baggage + loyalty enrolment incentive,3
590230,7.5,2,1393.0,2,2,2,6,False,Need Attention,Engagement bonus: 12% off + free baggage + loyalty enrolment incentive,3
590379,7.75,4,2390.0,1,3,3,7,False,Do Not Lose,Win-back: 18% off next 3 bookings + free upgrade + personalised re-engagement,1
590394,7.0,2,1108.0,2,2,2,6,False,Need Attention,Engagement bonus: 12% off + free baggage + loyalty enrolment incentive,3
590397,0.0,2,2865.0,3,2,3,8,False,Potential Champions,Frequency incentive: 10% off next 5 bookings + bundle deals + exclusive previews,3
590400,6.333333333333333,4,3339.2,2,3,3,8,False,Loyal Customers,Free checked bag + 10% loyalty discount + priority service,2
590404,6.5,4,1819.0,2,3,2,7,False,Loyal Customers,Free checked bag + 10% loyalty discount + priority service,2
590412,5.0,1,240.0,3,1,1,5,False,Promising (Growth),First-booking incentive: 12% off + free cancellation on first 2 bookings,4
590420,5.5,4,2452.0,3,3,3,9,False,Champions,Loyalty rewards + quarterly exclusive offers + referral bonus,2
590429,7.333333333333333,3,768.0,2,2,1,5,False,Need Attention,Engagement bonus: 12% off + free baggage + loyalty enrolment incentive,3
590434,7.333333333333333,3,2186.0,2,2,3,7,False,Need Attention,Engagement bonus: 12% off + free baggage + loyalty enrolment incentive,3
590442,6.5,4,970.0,2,3,2,7,False,Loyal Customers,Free checked bag + 10% loyalty discount + priority service,2
590468,8.0,2,781.0,1,2,1,4,False,At Risk,Basic re-engagement: 12% off + flash sale notification,5
590471,68.75,4,166.0,1,3,1,5,False,Do Not Lose,Win-back: 18% off next 3 bookings + free upgrade + personalised re-engagement,1
590473,9.0,2,78.0,1,2,1,4,False,At Risk,Basic re-engagement: 12% off + flash sale notification,5
590558,6.0,3,5268.4,2,2,3,7,False,Need Attention,Engagement bonus: 12% off + free baggage + loyalty enrolment incentive,3
590659,0.0,1,360.0,3,1,1,5,False,Promising (Growth),First-booking incentive: 12% off + free cancellation on first 2 bookings,4
590697,5.0,3,3483.0,3,2,3,8,False,Potential Champions,Frequency incentive: 10% off next 5 bookings + bundle deals + exclusive previews,3
590744,8.0,1,486.0,1,1,1,3,False,Hibernating,Soft re-engagement: 10% off + new feature notification (minimal investment),5
590829,5.0,3,1243.0,3,2,2,7,False,Potential Champions,Frequency incentive: 10% off next 5 bookings + bundle deals + exclusive previews,3
590843,0.0,2,4387.0,3,2,3,8,False,Potential Champions,Frequency incentive: 10% off next 5 bookings + bundle deals + exclusive previews,3
590905,7.0,4,2408.6,2,3,3,8,False,Loyal Customers,Free checked bag + 10% loyalty discount + priority service,2
590922,5.666666666666666,3,2274.0,3,2,3,8,False,Potential Champions,Frequency incentive: 10% off next 5 bookings + bundle deals + exclusive previews,3
590954,7.0,3,615.6,2,2,1,5,False,Need Attention,Engagement bonus: 12% off + free baggage + loyalty enrolment incentive,3
590967,7.0,5,2477.0,2,3,3,8,False,Loyal Customers,Free checked bag + 10% loyalty discount + priority service,2
590981,7.0,3,2328.0,2,2,3,7,False,Need Attention,Engagement bonus: 12% off + free baggage + loyalty enrolment incentive,3
591003,8.75,4,1952.1,1,3,2,6,False,Do Not Lose,Win-back: 18% off next 3 bookings + free upgrade + personalised re-engagement,1
591063,6.0,1,0.0,2,1,1,4,False,About to Sleep,Re-engagement: 18% off + free hotel voucher + last-chance exclusive,4
591097,6.666666666666666,4,1181.0,2,3,2,7,False,Loyal Customers,Free checked bag + 10% loyalty discount + priority service,2
591155,5.0,2,853.9,3,2,2,7,False,Potential Champions,Frequency incentive: 10% off next 5 bookings + bundle deals + exclusive previews,3
591255,5.0,1,468.0,3,1,1,5,False,Promising (Growth),First-booking incentive: 12% off + free cancellation on first 2 bookings,4
591271,0.0,0,0.0,1,1,1,3,True,Hibernating,Soft re-engagement: 10% off + new feature notification (minimal investment),5
591328,0.0,0,0.0,1,1,1,3,True,Hibernating,Soft re-engagement: 10% off + new feature notification (minimal investment),5
591381,9.0,2,19790.0,1,2,3,6,False,At Risk (High Value),Aggressive win-back: 22% off + lounge access + concierge outreach,1
591433,10.4,5,1946.0,1,3,2,6,False,Do Not Lose,Win-back: 18% off next 3 bookings + free upgrade + personalised re-engagement,1
591478,0.0,2,2951.0,3,2,3,8,False,Potential Champions,Frequency incentive: 10% off next 5 bookings + bundle deals + exclusive previews,3
591582,5.333333333333333,3,1654.0,3,2,2,7,False,Potential Champions,Frequency incentive: 10% off next 5 bookings + bundle deals + exclusive previews,3
591593,114.5,2,517.5,1,2,1,4,False,At Risk,Basic re-engagement: 12% off + flash sale notification,5
591599,4.5,2,462.0,3,2,1,6,False,Potential Champions,Frequency incentive: 10% off next 5 bookings + bundle deals + exclusive previews,3
591714,5.2,6,1503.0,3,3,2,8,False,Champions,Loyalty rewards + quarterly exclusive offers + referral bonus,2
591746,6.0,3,1029.0,2,2,2,6,False,Need Attention,Engagement bonus: 12% off + free baggage + loyalty enrolment incentive,3
591835,0.0,1,756.0,3,1,1,5,False,Promising (Growth),First-booking incentive: 12% off + free cancellation on first 2 bookings,4
591888,9.0,5,1929.15,1,3,2,6,False,Do Not Lose,Win-back: 18% off next 3 bookings + free upgrade + personalised re-engagement,1
592035,8.0,2,126.0,1,2,1,4,False,At Risk,Basic re-engagement: 12% off + flash sale notification,5
592079,0.0,0,0.0,1,1,1,3,True,Hibernating,Soft re-engagement: 10% off + new feature notification (minimal investment),5
592082,9.5,2,650.0,1,2,1,4,False,At Risk,Basic re-engagement: 12% off + flash sale notification,5
592118,0.0,0,0.0,1,1,1,3,True,Hibernating,Soft re-engagement: 10% off + new feature notification (minimal investment),5
592132,8.0,2,625.0,1,2,1,4,False,At Risk,Basic re-engagement: 12% off + flash sale notification,5
592158,7.0,2,192.0,2,2,1,5,False,Need Attention,Engagement bonus: 12% off + free baggage + loyalty enrolment incentive,3
592221,5.666666666666666,3,1252.0,3,2,2,7,False,Potential Champions,Frequency incentive: 10% off next 5 bookings + bundle deals + exclusive previews,3
592366,4.5,3,3080.6,3,2,3,8,False,Potential Champions,Frequency incentive: 10% off next 5 bookings + bundle deals + exclusive previews,3
592371,6.333333333333333,4,2351.0,2,3,3,8,False,Loyal Customers,Free checked bag + 10% loyalty discount + priority service,2
592372,156.5,2,394.0,1,2,1,4,False,At Risk,Basic re-engagement: 12% off + flash sale notification,5
592378,0.0,0,0.0,1,1,1,3,True,Hibernating,Soft re-engagement: 10% off + new feature notification (minimal investment),5
592399,5.75,4,830.0,3,3,1,7,False,Champions,Loyalty rewards + quarterly exclusive offers + referral bonus,2
592403,0.0,1,2242.0,3,1,3,7,False,Promising (High-Value),Tiered loyalty benefits + early access to sales + free cancellation (2 bookings),1
592445,7.5,3,1896.0,2,2,2,6,False,Need Attention,Engagement bonus: 12% off + free baggage + loyalty enrolment incentive,3
592491,7.666666666666665,4,6064.2,1,3,3,7,False,Do Not Lose,Win-back: 18% off next 3 bookings + free upgrade + personalised re-engagement,1
592598,44.6,5,1801.0,1,3,2,6,False,Do Not Lose,Win-back: 18% off next 3 bookings + free upgrade + personalised re-engagement,1
592707,16.0,1,386.0,1,1,1,3,False,Hibernating,Soft re-engagement: 10% off + new feature notification (minimal investment),5
592792,7.333333333333333,3,592.0,2,2,1,5,False,Need Attention,Engagement bonus: 12% off + free baggage + loyalty enrolment incentive,3
592833,7.0,3,2323.2,2,2,3,7,False,Need Attention,Engagement bonus: 12% off + free baggage + loyalty enrolment incentive,3
592886,6.666666666666666,3,1808.0,2,2,2,6,False,Need Attention,Engagement bonus: 12% off + free baggage + loyalty enrolment incentive,3
592929,5.0,3,2274.0,3,2,3,8,False,Potential Champions,Frequency incentive: 10% off next 5 bookings + bundle deals + exclusive previews,3
592958,0.0,1,1566.0,3,1,2,6,False,Promising (Growth),First-booking incentive: 12% off + free cancellation on first 2 bookings,4
593020,3.6666666666666665,3,437.6,3,2,1,6,False,Potential Champions,Frequency incentive: 10% off next 5 bookings + bundle deals + exclusive previews,3
593047,0.0,0,0.0,1,1,1,3,True,Hibernating,Soft re-engagement: 10% off + new feature notification (minimal investment),5
593244,5.666666666666666,3,1024.0,3,2,2,7,False,Potential Champions,Frequency incentive: 10% off next 5 bookings + bundle deals + exclusive previews,3
593350,5.75,4,3967.0,3,3,3,9,False,Champions,Loyalty rewards + quarterly exclusive offers + referral bonus,2
593385,8.5,4,3535.4,1,3,3,7,False,Do Not Lose,Win-back: 18% off next 3 bookings + free upgrade + personalised re-engagement,1
593386,8.0,3,2750.0,1,2,3,6,False,At Risk (High Value),Aggressive win-back: 22% off + lounge access + concierge outreach,1
593398,0.0,0,0.0,1,1,1,3,True,Hibernating,Soft re-engagement: 10% off + new feature notification (minimal investment),5
593401,4.5,2,300.0,3,2,1,6,False,Potential Champions,Frequency incentive: 10% off next 5 bookings + bundle deals + exclusive previews,3
593494,7.666666666666665,3,534.0,1,2,1,4,False,At Risk,Basic re-engagement: 12% off + flash sale notification,5
593536,6.0,5,3316.0,2,3,3,8,False,Loyal Customers,Free checked bag + 10% loyalty discount + priority service,2
593632,5.75,4,1077.6,3,3,2,8,False,Champions,Loyalty rewards + quarterly exclusive offers + referral bonus,2
593672,4.0,3,4807.4,3,2,3,8,False,Potential Champions,Frequency incentive: 10% off next 5 bookings + bundle deals + exclusive previews,3
593719,9.0,1,330.0,1,1,1,3,False,Hibernating,Soft re-engagement: 10% off + new feature notification (minimal investment),5
593786,6.0,2,1588.0,2,2,2,6,False,Need Attention,Engagement bonus: 12% off + free baggage + loyalty enrolment incentive,3
593804,252.0,1,0.0,1,1,1,3,False,Hibernating,Soft re-engagement: 10% off + new feature notification (minimal investment),5
593833,0.0,0,0.0,1,1,1,3,True,Hibernating,Soft re-engagement: 10% off + new feature notification (minimal investment),5
593910,7.0,2,2664.0,2,2,3,7,False,Need Attention,Engagement bonus: 12% off + free baggage + loyalty enrolment incentive,3
594000,0.0,1,1020.0,3,1,2,6,False,Promising (Growth),First-booking incentive: 12% off + free cancellation on first 2 bookings,4
594027,4.0,2,2319.0,3,2,3,8,False,Potential Champions,Frequency incentive: 10% off next 5 bookings + bundle deals + exclusive previews,3
594042,6.333333333333333,6,3356.0,2,3,3,8,False,Loyal Customers,Free checked bag + 10% loyalty discount + priority service,2
594103,7.5,3,7489.0,2,2,3,7,False,Need Attention,Engagement bonus: 12% off + free baggage + loyalty enrolment incentive,3
594123,7.0,2,5052.0,2,2,3,7,False,Need Attention,Engagement bonus: 12% off + free baggage + loyalty enrolment incentive,3
594146,0.0,1,1280.0,3,1,2,6,False,Promising (Growth),First-booking incentive: 12% off + free cancellation on first 2 bookings,4
594188,5.0,2,837.0,3,2,2,7,False,Potential Champions,Frequency incentive: 10% off next 5 bookings + bundle deals + exclusive previews,3
594238,7.5,2,767.0,2,2,1,5,False,Need Attention,Engagement bonus: 12% off + free baggage + loyalty enrolment incentive,3
594240,8.0,1,0.0,1,1,1,3,False,Hibernating,Soft re-engagement: 10% off + new feature notification (minimal investment),5
594406,6.5,4,1893.0,2,3,2,7,False,Loyal Customers,Free checked bag + 10% loyalty discount + priority service,2
594410,364.0,3,870.8,1,2,2,5,False,At Risk,Basic re-engagement: 12% off + flash sale notification,5
594446,141.5,3,2307.0,1,2,3,6,False,At Risk (High Value),Aggressive win-back: 22% off + lounge access + concierge outreach,1
594449,7.0,1,0.0,2,1,1,4,False,About to Sleep,Re-engagement: 18% off + free hotel voucher + last-chance exclusive,4
594503,3.0,2,1112.0,3,2,2,7,False,Potential Champions,Frequency incentive: 10% off next 5 bookings + bundle deals + exclusive previews,3
594516,0.0,0,0.0,1,1,1,3,True,Hibernating,Soft re-engagement: 10% off + new feature notification (minimal investment),5
594601,7.0,1,0.0,2,1,1,4,False,About to Sleep,Re-engagement: 18% off + free hotel voucher + last-chance exclusive,4
594644,6.333333333333333,3,1738.6,2,2,2,6,False,Need Attention,Engagement bonus: 12% off + free baggage + loyalty enrolment incentive,3
594695,5.0,4,6747.0,3,3,3,9,False,Champions,Loyalty rewards + quarterly exclusive offers + referral bonus,2
594737,7.0,3,795.4,2,2,1,5,False,Need Attention,Engagement bonus: 12% off + free baggage + loyalty enrolment incentive,3
594824,6.0,1,0.0,2,1,1,4,False,About to Sleep,Re-engagement: 18% off + free hotel voucher + last-chance exclusive,4
594875,0.0,1,1110.0,3,1,2,6,False,Promising (Growth),First-booking incentive: 12% off + free cancellation on first 2 bookings,4
594892,8.0,2,930.0,1,2,2,5,False,At Risk,Basic re-engagement: 12% off + flash sale notification,5
594914,9.666666666666666,3,1518.4,1,2,2,5,False,At Risk,Basic re-engagement: 12% off + flash sale notification,5
594948,5.0,1,480.0,3,1,1,5,False,Promising (Growth),First-booking incentive: 12% off + free cancellation on first 2 bookings,4
594985,8.666666666666666,3,1228.0,1,2,2,5,False,At Risk,Basic re-engagement: 12% off + flash sale notification,5
595026,7.0,3,4778.0,2,2,3,7,False,Need Attention,Engagement bonus: 12% off + free baggage + loyalty enrolment incentive,3
595087,6.5,5,3993.0,2,3,3,8,False,Loyal Customers,Free checked bag + 10% loyalty discount + priority service,2
595122,87.5,2,1704.0,1,2,2,5,False,At Risk,Basic re-engagement: 12% off + flash sale notification,5
595123,9.0,1,584.0,1,1,1,3,False,Hibernating,Soft re-engagement: 10% off + new feature notification (minimal investment),5
595126,140.0,2,2723.0,1,2,3,6,False,At Risk (High Value),Aggressive win-back: 22% off + lounge access + concierge outreach,1
595171,8.0,2,1414.0,1,2,2,5,False,At Risk,Basic re-engagement: 12% off + flash sale notification,5
595183,0.0,1,3332.0,3,1,3,7,False,Promising (High-Value),Tiered loyalty benefits + early access to sales + free cancellation (2 bookings),1
595184,5.75,5,545.25,3,3,1,7,False,Champions,Loyalty rewards + quarterly exclusive offers + referral bonus,2
595257,5.75,4,1914.0,3,3,2,8,False,Champions,Loyalty rewards + quarterly exclusive offers + referral bonus,2
595283,5.0,1,0.0,3,1,1,5,False,Promising (Growth),First-booking incentive: 12% off + free cancellation on first 2 bookings,4
595284,8.75,4,4248.1,1,3,3,7,False,Do Not Lose,Win-back: 18% off next 3 bookings + free upgrade + personalised re-engagement,1
595386,7.333333333333333,6,2290.35,2,3,3,8,False,Loyal Customers,Free checked bag + 10% loyalty discount + priority service,2
595414,7.0,4,2140.0,2,3,3,8,False,Loyal Customers,Free checked bag + 10% loyalty discount + priority service,2
595431,9.0,3,2277.0,1,2,3,6,False,At Risk (High Value),Aggressive win-back: 22% off + lounge access + concierge outreach,1
595442,6.5,4,525.0,2,3,1,6,False,Loyal Customers,Free checked bag + 10% loyalty discount + priority service,2
595506,0.0,0,0.0,1,1,1,3,True,Hibernating,Soft re-engagement: 10% off + new feature notification (minimal investment),5
595527,114.0,3,3266.1,1,2,3,6,False,At Risk (High Value),Aggressive win-back: 22% off + lounge access + concierge outreach,1
595587,61.25,4,1123.0,1,3,2,6,False,Do Not Lose,Win-back: 18% off next 3 bookings + free upgrade + personalised re-engagement,1
595624,11.0,1,1092.0,1,1,2,4,False,Hibernating,Soft re-engagement: 10% off + new feature notification (minimal investment),5
595626,7.25,4,1159.0,2,3,2,7,False,Loyal Customers,Free checked bag + 10% loyalty discount + priority service,2
595690,0.0,0,0.0,1,1,1,3,True,Hibernating,Soft re-engagement: 10% off + new feature notification (minimal investment),5
595740,10.0,2,503.8,1,2,1,4,False,At Risk,Basic re-engagement: 12% off + flash sale notification,5
595852,7.333333333333333,3,567.0,2,2,1,5,False,Need Attention,Engagement bonus: 12% off + free baggage + loyalty enrolment incentive,3
595861,7.0,1,383.0,2,1,1,4,False,About to Sleep,Re-engagement: 18% off + free hotel voucher + last-chance exclusive,4
595897,0.0,1,3758.4,3,1,3,7,False,Promising (High-Value),Tiered loyalty benefits + early access to sales + free cancellation (2 bookings),1
595958,5.0,3,518.0,3,2,1,6,False,Potential Champions,Frequency incentive: 10% off next 5 bookings + bundle deals + exclusive previews,3
596103,7.0,2,1852.0,2,2,2,6,False,Need Attention,Engagement bonus: 12% off + free baggage + loyalty enrolment incentive,3
596153,6.8,5,911.8,2,3,2,7,False,Loyal Customers,Free checked bag + 10% loyalty discount + priority service,2
596186,5.0,2,1281.0,3,2,2,7,False,Potential Champions,Frequency incentive: 10% off next 5 bookings + bundle deals + exclusive previews,3
596220,5.0,2,6220.0,3,2,3,8,False,Potential Champions,Frequency incentive: 10% off next 5 bookings + bundle deals + exclusive previews,3
596222,6.5,3,3559.0,2,2,3,7,False,Need Attention,Engagement bonus: 12% off + free baggage + loyalty enrolment incentive,3
596320,4.5,2,453.15,3,2,1,6,False,Potential Champions,Frequency incentive: 10% off next 5 bookings + bundle deals + exclusive previews,3
596329,0.0,0,0.0,1,1,1,3,True,Hibernating,Soft re-engagement: 10% off + new feature notification (minimal investment),5
596335,7.5,2,1960.0,2,2,2,6,False,Need Attention,Engagement bonus: 12% off + free baggage + loyalty enrolment incentive,3
596349,0.0,1,4260.0,3,1,3,7,False,Promising (High-Value),Tiered loyalty benefits + early access to sales + free cancellation (2 bookings),1
596361,5.0,2,3889.0,3,2,3,8,False,Potential Champions,Frequency incentive: 10% off next 5 bookings + bundle deals + exclusive previews,3
596409,7.0,2,297.8,2,2,1,5,False,Need Attention,Engagement bonus: 12% off + free baggage + loyalty enrolment incentive,3
596442,0.0,1,997.5,3,1,2,6,False,Promising (Growth),First-booking incentive: 12% off + free cancellation on first 2 bookings,4
596505,7.4,6,6170.6,2,3,3,8,False,Loyal Customers,Free checked bag + 10% loyalty discount + priority service,2
596559,0.0,0,0.0,1,1,1,3,True,Hibernating,Soft re-engagement: 10% off + new feature notification (minimal investment),5
596611,0.0,0,0.0,1,1,1,3,True,Hibernating,Soft re-engagement: 10% off + new feature notification (minimal investment),5
596732,9.666666666666666,3,650.0,1,2,1,4,False,At Risk,Basic re-engagement: 12% off + flash sale notification,5
596820,9.0,1,316.0,1,1,1,3,False,Hibernating,Soft re-engagement: 10% off + new feature notification (minimal investment),5
596856,8.0,3,3231.0,1,2,3,6,False,At Risk (High Value),Aggressive win-back: 22% off + lounge access + concierge outreach,1
596863,9.0,2,9549.0,1,2,3,6,False,At Risk (High Value),Aggressive win-back: 22% off + lounge access + concierge outreach,1
597003,5.0,2,180.0,3,2,1,6,False,Potential Champions,Frequency incentive: 10% off next 5 bookings + bundle deals + exclusive previews,3
597010,6.0,4,1272.0,2,3,2,7,False,Loyal Customers,Free checked bag + 10% loyalty discount + priority service,2
597029,8.25,5,7260.0,1,3,3,7,False,Do Not Lose,Win-back: 18% off next 3 bookings + free upgrade + personalised re-engagement,1
597300,8.5,2,4156.0,1,2,3,6,False,At Risk (High Value),Aggressive win-back: 22% off + lounge access + concierge outreach,1
597410,4.5,3,5413.0,3,2,3,8,False,Potential Champions,Frequency incentive: 10% off next 5 bookings + bundle deals + exclusive previews,3
597434,8.333333333333332,3,803.0,1,2,1,4,False,At Risk,Basic re-engagement: 12% off + flash sale notification,5
597498,7.8,5,1169.0,1,3,2,6,False,Do Not Lose,Win-back: 18% off next 3 bookings + free upgrade + personalised re-engagement,1
597510,7.333333333333333,3,2419.2,2,2,3,7,False,Need Attention,Engagement bonus: 12% off + free baggage + loyalty enrolment incentive,3
597662,0.0,0,0.0,1,1,1,3,True,Hibernating,Soft re-engagement: 10% off + new feature notification (minimal investment),5
597734,7.666666666666665,3,320.0,1,2,1,4,False,At Risk,Basic re-engagement: 12% off + flash sale notification,5
597836,7.666666666666665,3,622.0,1,2,1,4,False,At Risk,Basic re-engagement: 12% off + flash sale notification,5
597878,5.5,2,634.0,3,2,1,6,False,Potential Champions,Frequency incentive: 10% off next 5 bookings + bundle deals + exclusive previews,3
597946,7.5,2,162.0,2,2,1,5,False,Need Attention,Engagement bonus: 12% off + free baggage + loyalty enrolment incentive,3
597948,0.0,0,0.0,1,1,1,3,True,Hibernating,Soft re-engagement: 10% off + new feature notification (minimal investment),5
597954,7.0,4,2277.05,2,3,3,8,False,Loyal Customers,Free checked bag + 10% loyalty discount + priority service,2
597955,0.0,0,0.0,1,1,1,3,True,Hibernating,Soft re-engagement: 10% off + new feature notification (minimal investment),5
598069,6.0,3,2182.0,2,2,3,7,False,Need Attention,Engagement bonus: 12% off + free baggage + loyalty enrolment incentive,3
598075,4.0,3,460.0,3,2,1,6,False,Potential Champions,Frequency incentive: 10% off next 5 bookings + bundle deals + exclusive previews,3
598185,168.0,2,6246.0,1,2,3,6,False,At Risk (High Value),Aggressive win-back: 22% off + lounge access + concierge outreach,1
598233,6.0,4,1850.0,2,3,2,7,False,Loyal Customers,Free checked bag + 10% loyalty discount + priority service,2
598265,8.5,4,2574.0,1,3,3,7,False,Do Not Lose,Win-back: 18% off next 3 bookings + free upgrade + personalised re-engagement,1
598276,7.5,2,639.0,2,2,1,5,False,Need Attention,Engagement bonus: 12% off + free baggage + loyalty enrolment incentive,3
598306,6.5,2,2782.0,2,2,3,7,False,Need Attention,Engagement bonus: 12% off + free baggage + loyalty enrolment incentive,3
598526,0.0,1,282.0,3,1,1,5,False,Promising (Growth),First-booking incentive: 12% off + free cancellation on first 2 bookings,4
598533,4.0,1,340.0,3,1,1,5,False,Promising (Growth),First-booking incentive: 12% off + free cancellation on first 2 bookings,4
598590,9.0,5,1242.0,1,3,2,6,False,Do Not Lose,Win-back: 18% off next 3 bookings + free upgrade + personalised re-engagement,1
598687,8.0,3,1585.0,1,2,2,5,False,At Risk,Basic re-engagement: 12% off + flash sale notification,5
598691,7.5,2,1320.0,1,2,2,5,False,At Risk,Basic re-engagement: 12% off + flash sale notification,5
598692,4.0,2,3305.2,3,2,3,8,False,Potential Champions,Frequency incentive: 10% off next 5 bookings + bundle deals + exclusive previews,3
598715,6.0,2,90.0,2,2,1,5,False,Need Attention,Engagement bonus: 12% off + free baggage + loyalty enrolment incentive,3
598832,0.0,1,1014.0,3,1,2,6,False,Promising (Growth),First-booking incentive: 12% off + free cancellation on first 2 bookings,4
598881,8.2,6,3446.75,1,3,3,7,False,Do Not Lose,Win-back: 18% off next 3 bookings + free upgrade + personalised re-engagement,1
598911,6.0,6,3817.8,2,3,3,8,False,Loyal Customers,Free checked bag + 10% loyalty discount + priority service,2
598945,13.0,1,1050.0,1,1,2,4,False,Hibernating,Soft re-engagement: 10% off + new feature notification (minimal investment),5
599065,6.0,2,848.0,2,2,2,6,False,Need Attention,Engagement bonus: 12% off + free baggage + loyalty enrolment incentive,3
599239,6.0,2,1344.0,2,2,2,6,False,Need Attention,Engagement bonus: 12% off + free baggage + loyalty enrolment incentive,3
599244,8.0,1,0.0,1,1,1,3,False,Hibernating,Soft re-engagement: 10% off + new feature notification (minimal investment),5
599311,5.5,3,1154.0,3,2,2,7,False,Potential Champions,Frequency incentive: 10% off next 5 bookings + bundle deals + exclusive previews,3
599335,8.333333333333332,3,3300.0,1,2,3,6,False,At Risk (High Value),Aggressive win-back: 22% off + lounge access + concierge outreach,1
599348,7.4,5,975.0,2,3,2,7,False,Loyal Customers,Free checked bag + 10% loyalty discount + priority service,2
599437,7.0,3,1500.5,2,2,2,6,False,Need Attention,Engagement bonus: 12% off + free baggage + loyalty enrolment incentive,3
599454,5.5,2,3353.0,3,2,3,8,False,Potential Champions,Frequency incentive: 10% off next 5 bookings + bundle deals + exclusive previews,3
599649,6.666666666666666,3,5608.5,2,2,3,7,False,Need Attention,Engagement bonus: 12% off + free baggage + loyalty enrolment incentive,3
599651,0.0,0,0.0,1,1,1,3,True,Hibernating,Soft re-engagement: 10% off + new feature notification (minimal investment),5
599657,5.0,1,0.0,3,1,1,5,False,Promising (Growth),First-booking incentive: 12% off + free cancellation on first 2 bookings,4
599765,10.0,1,728.0,1,1,1,3,False,Hibernating,Soft re-engagement: 10% off + new feature notification (minimal investment),5
599790,0.0,0,0.0,1,1,1,3,True,Hibernating,Soft re-engagement: 10% off + new feature notification (minimal investment),5
599833,8.5,4,2332.0,1,3,3,7,False,Do Not Lose,Win-back: 18% off next 3 bookings + free upgrade + personalised re-engagement,1
599909,0.0,0,0.0,1,1,1,3,True,Hibernating,Soft re-engagement: 10% off + new feature notification (minimal investment),5
599927,6.75,4,2455.0,2,3,3,8,False,Loyal Customers,Free checked bag + 10% loyalty discount + priority service,2
599999,0.0,0,0.0,1,1,1,3,True,Hibernating,Soft re-engagement: 10% off + new feature notification (minimal investment),5
600011,6.0,3,973.0,2,2,2,6,False,Need Attention,Engagement bonus: 12% off + free baggage + loyalty enrolment incentive,3
600018,7.4,5,870.0,2,3,2,7,False,Loyal Customers,Free checked bag + 10% loyalty discount + priority service,2
600057,7.0,1,712.8,2,1,1,4,False,About to Sleep,Re-engagement: 18% off + free hotel voucher + last-chance exclusive,4
600078,6.0,3,818.8,2,2,1,5,False,Need Attention,Engagement bonus: 12% off + free baggage + loyalty enrolment incentive,3
600163,0.0,1,660.0,3,1,1,5,False,Promising (Growth),First-booking incentive: 12% off + free cancellation on first 2 bookings,4
600265,225.0,1,1445.0,1,1,2,4,False,Hibernating,Soft re-engagement: 10% off + new feature notification (minimal investment),5
600287,8.0,2,0.0,1,2,1,4,False,At Risk,Basic re-engagement: 12% off + flash sale notification,5
600304,6.0,2,337.0,2,2,1,5,False,Need Attention,Engagement bonus: 12% off + free baggage + loyalty enrolment incentive,3
600351,7.5,2,1040.0,1,2,2,5,False,At Risk,Basic re-engagement: 12% off + flash sale notification,5
600395,5.666666666666666,4,990.2,3,3,2,8,False,Champions,Loyalty rewards + quarterly exclusive offers + referral bonus,2
600444,6.8,5,678.4,2,3,1,6,False,Loyal Customers,Free checked bag + 10% loyalty discount + priority service,2
600515,6.333333333333333,3,1154.7,2,2,2,6,False,Need Attention,Engagement bonus: 12% off + free baggage + loyalty enrolment incentive,3
600561,8.0,2,1019.0,1,2,2,5,False,At Risk,Basic re-engagement: 12% off + flash sale notification,5
600605,6.5,3,1910.0,2,2,2,6,False,Need Attention,Engagement bonus: 12% off + free baggage + loyalty enrolment incentive,3
600648,8.0,5,2831.7,1,3,3,7,False,Do Not Lose,Win-back: 18% off next 3 bookings + free upgrade + personalised re-engagement,1
600690,7.0,5,5567.0,2,3,3,8,False,Loyal Customers,Free checked bag + 10% loyalty discount + priority service,2
600750,6.5,2,492.0,2,2,1,5,False,Need Attention,Engagement bonus: 12% off + free baggage + loyalty enrolment incentive,3
600796,0.0,1,2106.0,3,1,3,7,False,Promising (High-Value),Tiered loyalty benefits + early access to sales + free cancellation (2 bookings),1
600833,0.0,1,2484.0,3,1,3,7,False,Promising (High-Value),Tiered loyalty benefits + early access to sales + free cancellation (2 bookings),1
600842,0.0,2,1017.0,3,2,2,7,False,Potential Champions,Frequency incentive: 10% off next 5 bookings + bundle deals + exclusive previews,3
600886,4.75,4,2688.7,3,3,3,9,False,Champions,Loyalty rewards + quarterly exclusive offers + referral bonus,2
600926,6.5,2,653.6,2,2,1,5,False,Need Attention,Engagement bonus: 12% off + free baggage + loyalty enrolment incentive,3
600930,4.5,2,80.0,3,2,1,6,False,Potential Champions,Frequency incentive: 10% off next 5 bookings + bundle deals + exclusive previews,3
601094,0.0,0,0.0,1,1,1,3,True,Hibernating,Soft re-engagement: 10% off + new feature notification (minimal investment),5
601104,8.0,2,6257.0,1,2,3,6,False,At Risk (High Value),Aggressive win-back: 22% off + lounge access + concierge outreach,1
601116,5.0,2,2082.0,3,2,3,8,False,Potential Champions,Frequency incentive: 10% off next 5 bookings + bundle deals + exclusive previews,3
601158,6.0,2,603.0,2,2,1,5,False,Need Attention,Engagement bonus: 12% off + free baggage + loyalty enrolment incentive,3
601282,5.5,2,622.0,3,2,1,6,False,Potential Champions,Frequency incentive: 10% off next 5 bookings + bundle deals + exclusive previews,3
601582,5.0,2,3317.0,3,2,3,8,False,Potential Champions,Frequency incentive: 10% off next 5 bookings + bundle deals + exclusive previews,3
601673,7.2,5,1241.0,2,3,2,7,False,Loyal Customers,Free checked bag + 10% loyalty discount + priority service,2
601882,5.0,3,746.0,3,2,1,6,False,Potential Champions,Frequency incentive: 10% off next 5 bookings + bundle deals + exclusive previews,3
601894,5.0,2,734.0,3,2,1,6,False,Potential Champions,Frequency incentive: 10% off next 5 bookings + bundle deals + exclusive previews,3
601917,6.75,4,731.0,2,3,1,6,False,Loyal Customers,Free checked bag + 10% loyalty discount + priority service,2
602120,6.5,4,1169.7,2,3,2,7,False,Loyal Customers,Free checked bag + 10% loyalty discount + priority service,2
602190,12.0,2,3506.0,1,2,3,6,False,At Risk (High Value),Aggressive win-back: 22% off + lounge access + concierge outreach,1
602323,13.0,2,768.0,1,2,1,4,False,At Risk,Basic re-engagement: 12% off + flash sale notification,5
602433,5.666666666666666,3,490.0,3,2,1,6,False,Potential Champions,Frequency incentive: 10% off next 5 bookings + bundle deals + exclusive previews,3
602476,8.0,4,3560.2,1,3,3,7,False,Do Not Lose,Win-back: 18% off next 3 bookings + free upgrade + personalised re-engagement,1
602478,0.0,2,7392.0,3,2,3,8,False,Potential Champions,Frequency incentive: 10% off next 5 bookings + bundle deals + exclusive previews,3
602598,7.666666666666665,4,1734.0,1,3,2,6,False,Do Not Lose,Win-back: 18% off next 3 bookings + free upgrade + personalised re-engagement,1
602656,6.333333333333333,3,2143.0,2,2,3,7,False,Need Attention,Engagement bonus: 12% off + free baggage + loyalty enrolment incentive,3
602734,0.0,0,0.0,1,1,1,3,True,Hibernating,Soft re-engagement: 10% off + new feature notification (minimal investment),5
602748,46.5,4,1217.7,1,3,2,6,False,Do Not Lose,Win-back: 18% off next 3 bookings + free upgrade + personalised re-engagement,1
602769,8.5,4,1015.0,1,3,2,6,False,Do Not Lose,Win-back: 18% off next 3 bookings + free upgrade + personalised re-engagement,1
602793,5.0,2,676.0,3,2,1,6,False,Potential Champions,Frequency incentive: 10% off next 5 bookings + bundle deals + exclusive previews,3
602827,6.2,5,1715.7,2,3,2,7,False,Loyal Customers,Free checked bag + 10% loyalty discount + priority service,2
602918,7.0,3,522.0,2,2,1,5,False,Need Attention,Engagement bonus: 12% off + free baggage + loyalty enrolment incentive,3
602921,7.0,1,296.0,2,1,1,4,False,About to Sleep,Re-engagement: 18% off + free hotel voucher + last-chance exclusive,4
602925,6.5,5,5159.0,2,3,3,8,False,Loyal Customers,Free checked bag + 10% loyalty discount + priority service,2
602946,7.0,4,2276.0,2,3,3,8,False,Loyal Customers,Free checked bag + 10% loyalty discount + priority service,2
602953,6.25,4,1600.0,2,3,2,7,False,Loyal Customers,Free checked bag + 10% loyalty discount + priority service,2
602962,8.666666666666666,3,1615.0,1,2,2,5,False,At Risk,Basic re-engagement: 12% off + flash sale notification,5
603033,0.0,0,0.0,1,1,1,3,True,Hibernating,Soft re-engagement: 10% off + new feature notification (minimal investment),5
603053,4.333333333333333,3,625.0,3,2,1,6,False,Potential Champions,Frequency incentive: 10% off next 5 bookings + bundle deals + exclusive previews,3
603100,0.0,1,2448.0,3,1,3,7,False,Promising (High-Value),Tiered loyalty benefits + early access to sales + free cancellation (2 bookings),1
603160,6.166666666666666,6,2147.0,2,3,3,8,False,Loyal Customers,Free checked bag + 10% loyalty discount + priority service,2
603221,0.0,0,0.0,1,1,1,3,True,Hibernating,Soft re-engagement: 10% off + new feature notification (minimal investment),5
603278,4.666666666666666,3,235.75,3,2,1,6,False,Potential Champions,Frequency incentive: 10% off next 5 bookings + bundle deals + exclusive previews,3
603296,7.666666666666665,3,0.0,1,2,1,4,False,At Risk,Basic re-engagement: 12% off + flash sale notification,5
603341,0.0,0,0.0,1,1,1,3,True,Hibernating,Soft re-engagement: 10% off + new feature notification (minimal investment),5
603345,5.0,2,330.0,3,2,1,6,False,Potential Champions,Frequency incentive: 10% off next 5 bookings + bundle deals + exclusive previews,3
603440,5.5,3,1456.0,3,2,2,7,False,Potential Champions,Frequency incentive: 10% off next 5 bookings + bundle deals + exclusive previews,3
603515,9.0,3,3272.0,1,2,3,6,False,At Risk (High Value),Aggressive win-back: 22% off + lounge access + concierge outreach,1
603592,8.0,2,1856.0,1,2,2,5,False,At Risk,Basic re-engagement: 12% off + flash sale notification,5
603635,8.5,2,1696.6,1,2,2,5,False,At Risk,Basic re-engagement: 12% off + flash sale notification,5
603715,7.0,3,2380.0,2,2,3,7,False,Need Attention,Engagement bonus: 12% off + free baggage + loyalty enrolment incentive,3
603809,8.0,2,526.0,1,2,1,4,False,At Risk,Basic re-engagement: 12% off + flash sale notification,5
603875,5.5,2,1077.5,3,2,2,7,False,Potential Champions,Frequency incentive: 10% off next 5 bookings + bundle deals + exclusive previews,3
603883,11.5,3,1388.1,1,2,2,5,False,At Risk,Basic re-engagement: 12% off + flash sale notification,5
604136,5.5,3,553.0,3,2,1,6,False,Potential Champions,Frequency incentive: 10% off next 5 bookings + bundle deals + exclusive previews,3
604355,6.5,3,2412.0,2,2,3,7,False,Need Attention,Engagement bonus: 12% off + free baggage + loyalty enrolment incentive,3
604388,4.0,1,66.5,3,1,1,5,False,Promising (Growth),First-booking incentive: 12% off + free cancellation on first 2 bookings,4
604592,112.0,1,0.0,1,1,1,3,False,Hibernating,Soft re-engagement: 10% off + new feature notification (minimal investment),5
604617,9.0,2,1150.0,1,2,2,5,False,At Risk,Basic re-engagement: 12% off + flash sale notification,5
604664,0.0,0,0.0,1,1,1,3,True,Hibernating,Soft re-engagement: 10% off + new feature notification (minimal investment),5
604688,6.666666666666666,3,1401.0,2,2,2,6,False,Need Attention,Engagement bonus: 12% off + free baggage + loyalty enrolment incentive,3
604804,5.5,2,0.0,3,2,1,6,False,Potential Champions,Frequency incentive: 10% off next 5 bookings + bundle deals + exclusive previews,3
604840,7.333333333333333,3,2464.0,2,2,3,7,False,Need Attention,Engagement bonus: 12% off + free baggage + loyalty enrolment incentive,3
604916,0.0,0,0.0,1,1,1,3,True,Hibernating,Soft re-engagement: 10% off + new feature notification (minimal investment),5
604982,9.0,3,2320.0,1,3,3,7,False,Do Not Lose,Win-back: 18% off next 3 bookings + free upgrade + personalised re-engagement,1
605004,6.0,3,978.0,2,3,2,7,False,Loyal Customers,Free checked bag + 10% loyalty discount + priority service,2
605096,5.333333333333333,3,1306.0,3,3,2,8,False,Champions,Loyalty rewards + quarterly exclusive offers + referral bonus,2
605136,0.0,1,3900.0,3,1,3,7,False,Promising (High-Value),Tiered loyalty benefits + early access to sales + free cancellation (2 bookings),1
605308,0.0,0,0.0,1,1,1,3,True,Hibernating,Soft re-engagement: 10% off + new feature notification (minimal investment),5
605311,5.333333333333333,3,2152.0,3,3,3,9,False,Champions,Loyalty rewards + quarterly exclusive offers + referral bonus,2
605439,12.5,2,2106.0,1,2,3,6,False,At Risk (High Value),Aggressive win-back: 22% off + lounge access + concierge outreach,1
605494,6.666666666666666,3,1076.0,2,3,2,7,False,Loyal Customers,Free checked bag + 10% loyalty discount + priority service,2
605558,5.666666666666666,5,1879.0,3,3,2,8,False,Champions,Loyalty rewards + quarterly exclusive offers + referral bonus,2
605578,0.0,1,1040.0,3,1,2,6,False,Promising (Growth),First-booking incentive: 12% off + free cancellation on first 2 bookings,4
605607,4.0,1,250.0,3,1,1,5,False,Promising (Growth),First-booking incentive: 12% off + free cancellation on first 2 bookings,4
605615,6.0,2,447.0,2,2,1,5,False,Need Attention,Engagement bonus: 12% off + free baggage + loyalty enrolment incentive,3
605619,6.5,2,714.0,2,2,1,5,False,Need Attention,Engagement bonus: 12% off + free baggage + loyalty enrolment incentive,3
605776,131.0,5,7930.0,1,3,3,7,False,Do Not Lose,Win-back: 18% off next 3 bookings + free upgrade + personalised re-engagement,1
605780,8.0,2,55.0,1,2,1,4,False,At Risk,Basic re-engagement: 12% off + flash sale notification,5
605878,6.5,2,699.45,2,2,1,5,False,Need Attention,Engagement bonus: 12% off + free baggage + loyalty enrolment incentive,3
605943,224.0,1,0.0,1,1,1,3,False,Hibernating,Soft re-engagement: 10% off + new feature notification (minimal investment),5
605945,8.0,4,930.0,1,3,2,6,False,Do Not Lose,Win-back: 18% off next 3 bookings + free upgrade + personalised re-engagement,1
606041,5.0,2,984.0,3,2,2,7,False,Potential Champions,Frequency incentive: 10% off next 5 bookings + bundle deals + exclusive previews,3
606060,7.5,2,1618.0,1,2,2,5,False,At Risk,Basic re-engagement: 12% off + flash sale notification,5
606094,8.0,4,934.5,1,3,2,6,False,Do Not Lose,Win-back: 18% off next 3 bookings + free upgrade + personalised re-engagement,1
606161,8.0,3,8849.0,1,3,3,7,False,Do Not Lose,Win-back: 18% off next 3 bookings + free upgrade + personalised re-engagement,1
606283,5.0,1,0.0,3,1,1,5,False,Promising (Growth),First-booking incentive: 12% off + free cancellation on first 2 bookings,4
606290,6.666666666666666,4,3182.0,2,3,3,8,False,Loyal Customers,Free checked bag + 10% loyalty discount + priority service,2
606333,6.666666666666666,4,2148.9,2,3,3,8,False,Loyal Customers,Free checked bag + 10% loyalty discount + priority service,2
606362,12.0,1,3450.0,1,1,3,5,False,Hibernating,Soft re-engagement: 10% off + new feature notification (minimal investment),5
606456,0.0,0,0.0,1,1,1,3,True,Hibernating,Soft re-engagement: 10% off + new feature notification (minimal investment),5
606568,11.0,2,1723.2,1,2,2,5,False,At Risk,Basic re-engagement: 12% off + flash sale notification,5
606635,6.5,2,2816.0,2,2,3,7,False,Need Attention,Engagement bonus: 12% off + free baggage + loyalty enrolment incentive,3
606648,5.0,4,2265.0,3,3,3,9,False,Champions,Loyalty rewards + quarterly exclusive offers + referral bonus,2
606762,6.5,3,1764.0,2,3,2,7,False,Loyal Customers,Free checked bag + 10% loyalty discount + priority service,2
606862,5.5,2,802.6,3,2,1,6,False,Potential Champions,Frequency incentive: 10% off next 5 bookings + bundle deals + exclusive previews,3
606930,6.25,4,2055.0,2,3,3,8,False,Loyal Customers,Free checked bag + 10% loyalty discount + priority service,2
607017,6.333333333333333,4,3618.0,2,3,3,8,False,Loyal Customers,Free checked bag + 10% loyalty discount + priority service,2
607028,6.0,4,3779.0,2,3,3,8,False,Loyal Customers,Free checked bag + 10% loyalty discount + priority service,2
607152,6.333333333333333,4,2079.0,2,3,3,8,False,Loyal Customers,Free checked bag + 10% loyalty discount + priority service,2
607197,0.0,0,0.0,1,1,1,3,True,Hibernating,Soft re-engagement: 10% off + new feature notification (minimal investment),5
607270,7.0,1,1308.0,2,1,2,5,False,About to Sleep,Re-engagement: 18% off + free hotel voucher + last-chance exclusive,4
607280,5.0,1,1220.0,3,1,2,6,False,Promising (Growth),First-booking incentive: 12% off + free cancellation on first 2 bookings,4
607350,6.0,3,738.0,2,3,1,6,False,Loyal Customers,Free checked bag + 10% loyalty discount + priority service,2
607524,0.0,1,5060.0,3,1,3,7,False,Promising (High-Value),Tiered loyalty benefits + early access to sales + free cancellation (2 bookings),1
607626,0.0,1,666.0,3,1,1,5,False,Promising (Growth),First-booking incentive: 12% off + free cancellation on first 2 bookings,4
607706,4.0,2,672.0,3,2,1,6,False,Potential Champions,Frequency incentive: 10% off next 5 bookings + bundle deals + exclusive previews,3
607799,7.0,1,177.0,2,1,1,4,False,About to Sleep,Re-engagement: 18% off + free hotel voucher + last-chance exclusive,4
607931,8.666666666666666,3,1019.0,1,3,2,6,False,Do Not Lose,Win-back: 18% off next 3 bookings + free upgrade + personalised re-engagement,1
607949,6.0,2,2664.0,2,2,3,7,False,Need Attention,Engagement bonus: 12% off + free baggage + loyalty enrolment incentive,3
607998,7.0,3,650.0,2,3,1,6,False,Loyal Customers,Free checked bag + 10% loyalty discount + priority service,2
608039,7.0,2,844.0,2,2,2,6,False,Need Attention,Engagement bonus: 12% off + free baggage + loyalty enrolment incentive,3
608086,6.0,2,3940.0,2,2,3,7,False,Need Attention,Engagement bonus: 12% off + free baggage + loyalty enrolment incentive,3
608287,6.333333333333333,4,2238.0,2,3,3,8,False,Loyal Customers,Free checked bag + 10% loyalty discount + priority service,2
608296,6.0,4,7083.4,2,3,3,8,False,Loyal Customers,Free checked bag + 10% loyalty discount + priority service,2
608343,5.0,1,420.0,3,1,1,5,False,Promising (Growth),First-booking incentive: 12% off + free cancellation on first 2 bookings,4
608478,8.0,3,4406.1,1,3,3,7,False,Do Not Lose,Win-back: 18% off next 3 bookings + free upgrade + personalised re-engagement,1
608520,7.0,4,1920.45,2,3,2,7,False,Loyal Customers,Free checked bag + 10% loyalty discount + priority service,2
608521,8.0,2,782.0,1,2,1,4,False,At Risk,Basic re-engagement: 12% off + flash sale notification,5
608629,8.2,5,1844.9,1,3,2,6,False,Do Not Lose,Win-back: 18% off next 3 bookings + free upgrade + personalised re-engagement,1
608725,5.0,2,620.0,3,2,1,6,False,Potential Champions,Frequency incentive: 10% off next 5 bookings + bundle deals + exclusive previews,3
608727,7.0,4,4826.0,2,3,3,8,False,Loyal Customers,Free checked bag + 10% loyalty discount + priority service,2
608764,4.0,2,601.0,3,2,1,6,False,Potential Champions,Frequency incentive: 10% off next 5 bookings + bundle deals + exclusive previews,3
608786,0.0,0,0.0,1,1,1,3,True,Hibernating,Soft re-engagement: 10% off + new feature notification (minimal investment),5
608820,87.0,3,5715.6,1,3,3,7,False,Do Not Lose,Win-back: 18% off next 3 bookings + free upgrade + personalised re-engagement,1
608823,140.0,1,756.0,1,1,1,3,False,Hibernating,Soft re-engagement: 10% off + new feature notification (minimal investment),5
608860,5.5,2,3790.0,3,2,3,8,False,Potential Champions,Frequency incentive: 10% off next 5 bookings + bundle deals + exclusive previews,3
608866,6.0,1,845.1,2,1,2,5,False,About to Sleep,Re-engagement: 18% off + free hotel voucher + last-chance exclusive,4
608970,7.0,1,0.0,2,1,1,4,False,About to Sleep,Re-engagement: 18% off + free hotel voucher + last-chance exclusive,4
609051,5.5,2,946.0,3,2,2,7,False,Potential Champions,Frequency incentive: 10% off next 5 bookings + bundle deals + exclusive previews,3
609102,9.0,1,824.0,1,1,1,3,False,Hibernating,Soft re-engagement: 10% off + new feature notification (minimal investment),5
609167,7.25,4,2010.0,2,3,2,7,False,Loyal Customers,Free checked bag + 10% loyalty discount + priority service,2
609221,10.0,1,0.0,1,1,1,3,False,Hibernating,Soft re-engagement: 10% off + new feature notification (minimal investment),5
609228,6.666666666666666,3,1617.95,2,3,2,7,False,Loyal Customers,Free checked bag + 10% loyalty discount + priority service,2
609230,7.5,2,155.2,1,2,1,4,False,At Risk,Basic re-engagement: 12% off + flash sale notification,5
609236,7.666666666666665,4,3478.0,1,3,3,7,False,Do Not Lose,Win-back: 18% off next 3 bookings + free upgrade + personalised re-engagement,1
609240,6.666666666666666,3,583.8,2,3,1,6,False,Loyal Customers,Free checked bag + 10% loyalty discount + priority service,2
609243,7.0,3,2250.0,2,3,3,8,False,Loyal Customers,Free checked bag + 10% loyalty discount + priority service,2
609262,5.25,4,5486.0,3,3,3,9,False,Champions,Loyalty rewards + quarterly exclusive offers + referral bonus,2
609393,7.666666666666665,3,1648.8,1,3,2,6,False,Do Not Lose,Win-back: 18% off next 3 bookings + free upgrade + personalised re-engagement,1
609413,6.333333333333333,3,1010.0,2,3,2,7,False,Loyal Customers,Free checked bag + 10% loyalty discount + priority service,2
609673,6.0,3,1214.0,2,3,2,7,False,Loyal Customers,Free checked bag + 10% loyalty discount + priority service,2
609683,0.0,0,0.0,1,1,1,3,True,Hibernating,Soft re-engagement: 10% off + new feature notification (minimal investment),5
609720,8.0,2,178.0,1,2,1,4,False,At Risk,Basic re-engagement: 12% off + flash sale notification,5
609763,0.0,1,186.0,3,1,1,5,False,Promising (Growth),First-booking incentive: 12% off + free cancellation on first 2 bookings,4
609800,8.0,2,217.0,1,2,1,4,False,At Risk,Basic re-engagement: 12% off + flash sale notification,5
609817,7.0,4,841.0,2,3,2,7,False,Loyal Customers,Free checked bag + 10% loyalty discount + priority service,2
609838,0.0,0,0.0,1,1,1,3,True,Hibernating,Soft re-engagement: 10% off + new feature notification (minimal investment),5
609868,6.25,4,542.1,2,3,1,6,False,Loyal Customers,Free checked bag + 10% loyalty discount + priority service,2
610144,8.166666666666666,6,2846.0,1,3,3,7,False,Do Not Lose,Win-back: 18% off next 3 bookings + free upgrade + personalised re-engagement,1
610226,4.0,1,1860.0,3,1,2,6,False,Promising (Growth),First-booking incentive: 12% off + free cancellation on first 2 bookings,4
610280,0.0,2,2418.0,3,2,3,8,False,Potential Champions,Frequency incentive: 10% off next 5 bookings + bundle deals + exclusive previews,3
610294,4.5,2,344.0,3,2,1,6,False,Potential Champions,Frequency incentive: 10% off next 5 bookings + bundle deals + exclusive previews,3
610306,7.0,4,1853.0,2,3,2,7,False,Loyal Customers,Free checked bag + 10% loyalty discount + priority service,2
610338,6.0,1,654.0,2,1,1,4,False,About to Sleep,Re-engagement: 18% off + free hotel voucher + last-chance exclusive,4
610395,6.5,3,2374.0,2,3,3,8,False,Loyal Customers,Free checked bag + 10% loyalty discount + priority service,2
610474,4.666666666666666,3,2522.0,3,3,3,9,False,Champions,Loyalty rewards + quarterly exclusive offers + referral bonus,2
610482,4.666666666666666,5,4501.4,3,3,3,9,False,Champions,Loyalty rewards + quarterly exclusive offers + referral bonus,2
610492,0.0,1,696.6,3,1,1,5,False,Promising (Growth),First-booking incentive: 12% off + free cancellation on first 2 bookings,4
610530,0.0,0,0.0,1,1,1,3,True,Hibernating,Soft re-engagement: 10% off + new feature notification (minimal investment),5
610670,5.333333333333333,3,441.0,3,3,1,7,False,Champions,Loyalty rewards + quarterly exclusive offers + referral bonus,2
610763,6.0,1,314.0,2,1,1,4,False,About to Sleep,Re-engagement: 18% off + free hotel voucher + last-chance exclusive,4
610793,6.0,2,926.0,2,2,2,6,False,Need Attention,Engagement bonus: 12% off + free baggage + loyalty enrolment incentive,3
610806,6.25,4,2665.4,2,3,3,8,False,Loyal Customers,Free checked bag + 10% loyalty discount + priority service,2
610905,0.0,0,0.0,1,1,1,3,True,Hibernating,Soft re-engagement: 10% off + new feature notification (minimal investment),5
610909,7.5,2,718.0,1,2,1,4,False,At Risk,Basic re-engagement: 12% off + flash sale notification,5
611031,0.0,0,0.0,1,1,1,3,True,Hibernating,Soft re-engagement: 10% off + new feature notification (minimal investment),5
611065,5.75,4,1630.0,3,3,2,8,False,Champions,Loyalty rewards + quarterly exclusive offers + referral bonus,2
611087,8.0,2,1644.0,1,2,2,5,False,At Risk,Basic re-engagement: 12% off + flash sale notification,5
611126,5.0,2,1452.0,3,2,2,7,False,Potential Champions,Frequency incentive: 10% off next 5 bookings + bundle deals + exclusive previews,3
611177,6.0,2,660.0,2,2,1,5,False,Need Attention,Engagement bonus: 12% off + free baggage + loyalty enrolment incentive,3
611251,7.333333333333333,3,635.0,2,3,1,6,False,Loyal Customers,Free checked bag + 10% loyalty discount + priority service,2
611350,10.0,1,0.0,1,1,1,3,False,Hibernating,Soft re-engagement: 10% off + new feature notification (minimal investment),5
611371,8.75,5,4001.65,1,3,3,7,False,Do Not Lose,Win-back: 18% off next 3 bookings + free upgrade + personalised re-engagement,1
611583,6.0,3,398.0,2,3,1,6,False,Loyal Customers,Free checked bag + 10% loyalty discount + priority service,2
611839,8.25,5,5739.55,1,3,3,7,False,Do Not Lose,Win-back: 18% off next 3 bookings + free upgrade + personalised re-engagement,1
611852,7.0,2,254.0,2,2,1,5,False,Need Attention,Engagement bonus: 12% off + free baggage + loyalty enrolment incentive,3
611887,6.0,3,492.0,2,3,1,6,False,Loyal Customers,Free checked bag + 10% loyalty discount + priority service,2
611954,8.25,4,1540.95,1,3,2,6,False,Do Not Lose,Win-back: 18% off next 3 bookings + free upgrade + personalised re-engagement,1
612002,7.0,3,2376.0,2,3,3,8,False,Loyal Customers,Free checked bag + 10% loyalty discount + priority service,2
612128,9.0,2,2394.8,1,2,3,6,False,At Risk (High Value),Aggressive win-back: 22% off + lounge access + concierge outreach,1
612175,6.5,3,4222.0,2,3,3,8,False,Loyal Customers,Free checked bag + 10% loyalty discount + priority service,2
612220,7.0,1,0.0,2,1,1,4,False,About to Sleep,Re-engagement: 18% off + free hotel voucher + last-chance exclusive,4
612226,0.0,0,0.0,1,1,1,3,True,Hibernating,Soft re-engagement: 10% off + new feature notification (minimal investment),5
612236,5.0,3,1878.0,3,3,2,8,False,Champions,Loyalty rewards + quarterly exclusive offers + referral bonus,2
612562,5.0,1,0.0,3,1,1,5,False,Promising (Growth),First-booking incentive: 12% off + free cancellation on first 2 bookings,4
612685,10.0,2,482.0,1,2,1,4,False,At Risk,Basic re-engagement: 12% off + flash sale notification,5
612797,3.0,1,487.8,3,1,1,5,False,Promising (Growth),First-booking incentive: 12% off + free cancellation on first 2 bookings,4
612812,0.0,1,932.4,3,1,2,6,False,Promising (Growth),First-booking incentive: 12% off + free cancellation on first 2 bookings,4
612976,0.0,0,0.0,1,1,1,3,True,Hibernating,Soft re-engagement: 10% off + new feature notification (minimal investment),5
613164,8.0,3,4285.0,1,3,3,7,False,Do Not Lose,Win-back: 18% off next 3 bookings + free upgrade + personalised re-engagement,1
613252,0.0,0,0.0,1,1,1,3,True,Hibernating,Soft re-engagement: 10% off + new feature notification (minimal investment),5
613275,7.333333333333333,3,267.6,2,3,1,6,False,Loyal Customers,Free checked bag + 10% loyalty discount + priority service,2
613383,11.0,1,284.0,1,1,1,3,False,Hibernating,Soft re-engagement: 10% off + new feature notification (minimal investment),5
613386,0.0,0,0.0,1,1,1,3,True,Hibernating,Soft re-engagement: 10% off + new feature notification (minimal investment),5
613442,7.0,4,1247.2,2,3,2,7,False,Loyal Customers,Free checked bag + 10% loyalty discount + priority service,2
613655,5.5,2,406.0,3,2,1,6,False,Potential Champions,Frequency incentive: 10% off next 5 bookings + bundle deals + exclusive previews,3
613874,6.5,4,2068.0,2,3,3,8,False,Loyal Customers,Free checked bag + 10% loyalty discount + priority service,2
613921,5.0,1,242.0,3,1,1,5,False,Promising (Growth),First-booking incentive: 12% off + free cancellation on first 2 bookings,4
613941,4.0,3,3089.75,3,3,3,9,False,Champions,Loyalty rewards + quarterly exclusive offers + referral bonus,2
614033,8.5,2,1025.0,1,2,2,5,False,At Risk,Basic re-engagement: 12% off + flash sale notification,5
614092,0.0,2,3714.0,3,2,3,8,False,Potential Champions,Frequency incentive: 10% off next 5 bookings + bundle deals + exclusive previews,3
614111,8.5,3,6219.8,1,3,3,7,False,Do Not Lose,Win-back: 18% off next 3 bookings + free upgrade + personalised re-engagement,1
614165,5.25,4,4302.0,3,3,3,9,False,Champions,Loyalty rewards + quarterly exclusive offers + referral bonus,2
614311,10.0,1,88.0,1,1,1,3,False,Hibernating,Soft re-engagement: 10% off + new feature notification (minimal investment),5
614412,5.5,2,411.0,3,2,1,6,False,Potential Champions,Frequency incentive: 10% off next 5 bookings + bundle deals + exclusive previews,3
614549,9.0,3,756.2,1,3,1,5,False,Do Not Lose,Win-back: 18% off next 3 bookings + free upgrade + personalised re-engagement,1
614595,0.0,0,0.0,1,1,1,3,True,Hibernating,Soft re-engagement: 10% off + new feature notification (minimal investment),5
614632,5.0,2,777.0,3,2,1,6,False,Potential Champions,Frequency incentive: 10% off next 5 bookings + bundle deals + exclusive previews,3
614668,6.0,2,138.0,2,2,1,5,False,Need Attention,Engagement bonus: 12% off + free baggage + loyalty enrolment incentive,3
614748,8.0,2,3884.0,1,2,3,6,False,At Risk (High Value),Aggressive win-back: 22% off + lounge access + concierge outreach,1
614793,6.0,1,0.0,2,1,1,4,False,About to Sleep,Re-engagement: 18% off + free hotel voucher + last-chance exclusive,4
614814,0.0,1,2023.0,3,1,2,6,False,Promising (Growth),First-booking incentive: 12% off + free cancellation on first 2 bookings,4
614828,8.0,2,544.0,1,2,1,4,False,At Risk,Basic re-engagement: 12% off + flash sale notification,5
614846,0.0,0,0.0,1,1,1,3,True,Hibernating,Soft re-engagement: 10% off + new feature notification (minimal investment),5
614918,5.2,5,347.8,3,3,1,7,False,Champions,Loyalty rewards + quarterly exclusive offers + referral bonus,2
614933,7.5,2,1710.0,1,2,2,5,False,At Risk,Basic re-engagement: 12% off + flash sale notification,5
615006,6.0,1,660.0,2,1,1,4,False,About to Sleep,Re-engagement: 18% off + free hotel voucher + last-chance exclusive,4
615266,6.5,6,1657.0,2,3,2,7,False,Loyal Customers,Free checked bag + 10% loyalty discount + priority service,2
615307,6.0,1,1644.0,2,1,2,5,False,About to Sleep,Re-engagement: 18% off + free hotel voucher + last-chance exclusive,4
615489,11.0,1,0.0,1,1,1,3,False,Hibernating,Soft re-engagement: 10% off + new feature notification (minimal investment),5
615544,6.0,1,0.0,2,1,1,4,False,About to Sleep,Re-engagement: 18% off + free hotel voucher + last-chance exclusive,4
615674,0.0,1,690.0,3,1,1,5,False,Promising (Growth),First-booking incentive: 12% off + free cancellation on first 2 bookings,4
615749,8.0,4,1319.0,1,3,2,6,False,Do Not Lose,Win-back: 18% off next 3 bookings + free upgrade + personalised re-engagement,1
615783,13.0,1,402.0,1,1,1,3,False,Hibernating,Soft re-engagement: 10% off + new feature notification (minimal investment),5
615881,0.0,0,0.0,1,1,1,3,True,Hibernating,Soft re-engagement: 10% off + new feature notification (minimal investment),5
615922,5.0,2,306.0,3,2,1,6,False,Potential Champions,Frequency incentive: 10% off next 5 bookings + bundle deals + exclusive previews,3
616086,0.0,0,0.0,1,1,1,3,True,Hibernating,Soft re-engagement: 10% off + new feature notification (minimal investment),5
616125,10.0,1,172.0,1,1,1,3,False,Hibernating,Soft re-engagement: 10% off + new feature notification (minimal investment),5
616222,7.5,2,1084.0,1,2,2,5,False,At Risk,Basic re-engagement: 12% off + flash sale notification,5
616461,7.5,2,810.0,1,2,1,4,False,At Risk,Basic re-engagement: 12% off + flash sale notification,5
616470,8.0,2,564.0,1,2,1,4,False,At Risk,Basic re-engagement: 12% off + flash sale notification,5
616491,5.666666666666666,3,2940.0,3,3,3,9,False,Champions,Loyalty rewards + quarterly exclusive offers + referral bonus,2
616518,8.0,2,243.0,1,2,1,4,False,At Risk,Basic re-engagement: 12% off + flash sale notification,5
616692,9.0,1,0.0,1,1,1,3,False,Hibernating,Soft re-engagement: 10% off + new feature notification (minimal investment),5
616715,7.0,1,260.0,2,1,1,4,False,About to Sleep,Re-engagement: 18% off + free hotel voucher + last-chance exclusive,4
616718,6.666666666666666,3,1552.0,2,3,2,7,False,Loyal Customers,Free checked bag + 10% loyalty discount + priority service,2
616734,0.0,0,0.0,1,1,1,3,True,Hibernating,Soft re-engagement: 10% off + new feature notification (minimal investment),5
616752,8.0,2,2964.0,1,2,3,6,False,At Risk (High Value),Aggressive win-back: 22% off + lounge access + concierge outreach,1
616789,280.0,2,493.85,1,2,1,4,False,At Risk,Basic re-engagement: 12% off + flash sale notification,5
616795,8.333333333333332,4,1039.0,1,3,2,6,False,Do Not Lose,Win-back: 18% off next 3 bookings + free upgrade + personalised re-engagement,1
616802,6.333333333333333,3,628.0,2,3,1,6,False,Loyal Customers,Free checked bag + 10% loyalty discount + priority service,2
616950,10.0,1,0.0,1,1,1,3,False,Hibernating,Soft re-engagement: 10% off + new feature notification (minimal investment),5
616992,6.0,2,3189.0,2,2,3,7,False,Need Attention,Engagement bonus: 12% off + free baggage + loyalty enrolment incentive,3
617052,5.333333333333333,3,1004.8,3,3,2,8,False,Champions,Loyalty rewards + quarterly exclusive offers + referral bonus,2
617125,5.666666666666666,3,116.0,3,3,1,7,False,Champions,Loyalty rewards + quarterly exclusive offers + referral bonus,2
617199,5.666666666666666,5,13186.0,3,3,3,9,False,Champions,Loyalty rewards + quarterly exclusive offers + referral bonus,2
617402,7.333333333333333,3,1164.8,2,3,2,7,False,Loyal Customers,Free checked bag + 10% loyalty discount + priority service,2
617407,6.0,2,1034.0,2,2,2,6,False,Need Attention,Engagement bonus: 12% off + free baggage + loyalty enrolment incentive,3
617458,8.666666666666666,3,637.0,1,3,1,5,False,Do Not Lose,Win-back: 18% off next 3 bookings + free upgrade + personalised re-engagement,1
617506,8.5,2,2355.0,1,2,3,6,False,At Risk (High Value),Aggressive win-back: 22% off + lounge access + concierge outreach,1
617606,0.0,0,0.0,1,1,1,3,True,Hibernating,Soft re-engagement: 10% off + new feature notification (minimal investment),5
617743,5.0,2,2059.0,3,2,3,8,False,Potential Champions,Frequency incentive: 10% off next 5 bookings + bundle deals + exclusive previews,3
617878,7.666666666666665,6,1634.4,1,3,2,6,False,Do Not Lose,Win-back: 18% off next 3 bookings + free upgrade + personalised re-engagement,1
617964,0.0,1,171.0,3,1,1,5,False,Promising (Growth),First-booking incentive: 12% off + free cancellation on first 2 bookings,4
617990,0.0,0,0.0,1,1,1,3,True,Hibernating,Soft re-engagement: 10% off + new feature notification (minimal investment),5
617994,3.5,3,2300.4,3,3,3,9,False,Champions,Loyalty rewards + quarterly exclusive offers + referral bonus,2
618063,7.333333333333333,3,2680.0,2,3,3,8,False,Loyal Customers,Free checked bag + 10% loyalty discount + priority service,2
618088,5.25,4,14878.7,3,3,3,9,False,Champions,Loyalty rewards + quarterly exclusive offers + referral bonus,2
618157,5.5,2,6846.6,3,2,3,8,False,Potential Champions,Frequency incentive: 10% off next 5 bookings + bundle deals + exclusive previews,3
618181,6.0,2,956.0,2,2,2,6,False,Need Attention,Engagement bonus: 12% off + free baggage + loyalty enrolment incentive,3
618201,6.5,2,836.0,2,2,2,6,False,Need Attention,Engagement bonus: 12% off + free baggage + loyalty enrolment incentive,3
618230,0.0,0,0.0,1,1,1,3,True,Hibernating,Soft re-engagement: 10% off + new feature notification (minimal investment),5
618266,4.0,1,990.9,3,1,2,6,False,Promising (Growth),First-booking incentive: 12% off + free cancellation on first 2 bookings,4
618308,7.0,2,309.0,2,2,1,5,False,Need Attention,Engagement bonus: 12% off + free baggage + loyalty enrolment incentive,3
618343,0.0,1,1056.0,3,1,2,6,False,Promising (Growth),First-booking incentive: 12% off + free cancellation on first 2 bookings,4
618392,7.0,2,585.0,2,2,1,5,False,Need Attention,Engagement bonus: 12% off + free baggage + loyalty enrolment incentive,3
618418,5.0,5,2800.8,3,3,3,9,False,Champions,Loyalty rewards + quarterly exclusive offers + referral bonus,2
618429,8.666666666666666,3,1242.6,1,3,2,6,False,Do Not Lose,Win-back: 18% off next 3 bookings + free upgrade + personalised re-engagement,1
618535,5.0,3,12313.0,3,3,3,9,False,Champions,Loyalty rewards + quarterly exclusive offers + referral bonus,2
618642,6.0,2,0.0,2,2,1,5,False,Need Attention,Engagement bonus: 12% off + free baggage + loyalty enrolment incentive,3
618664,0.0,1,604.8,3,1,1,5,False,Promising (Growth),First-booking incentive: 12% off + free cancellation on first 2 bookings,4
618759,5.0,2,2310.4,3,2,3,8,False,Potential Champions,Frequency incentive: 10% off next 5 bookings + bundle deals + exclusive previews,3
618780,9.0,3,1288.0,1,3,2,6,False,Do Not Lose,Win-back: 18% off next 3 bookings + free upgrade + personalised re-engagement,1
618815,0.0,1,832.0,3,1,2,6,False,Promising (Growth),First-booking incentive: 12% off + free cancellation on first 2 bookings,4
618881,9.666666666666666,3,657.0,1,3,1,5,False,Do Not Lose,Win-back: 18% off next 3 bookings + free upgrade + personalised re-engagement,1
619079,9.0,3,1086.0,1,3,2,6,False,Do Not Lose,Win-back: 18% off next 3 bookings + free upgrade + personalised re-engagement,1
619109,7.0,1,420.0,2,1,1,4,False,About to Sleep,Re-engagement: 18% off + free hotel voucher + last-chance exclusive,4
619218,5.0,1,567.0,3,1,1,5,False,Promising (Growth),First-booking incentive: 12% off + free cancellation on first 2 bookings,4
619321,6.166666666666666,7,2819.75,2,3,3,8,False,Loyal Customers,Free checked bag + 10% loyalty discount + priority service,2
619362,5.75,4,1703.0,3,3,2,8,False,Champions,Loyalty rewards + quarterly exclusive offers + referral bonus,2
619432,79.33333333333333,4,3039.9,1,3,3,7,False,Do Not Lose,Win-back: 18% off next 3 bookings + free upgrade + personalised re-engagement,1
619520,6.5,2,236.0,2,2,1,5,False,Need Attention,Engagement bonus: 12% off + free baggage + loyalty enrolment incentive,3
619615,6.5,4,1606.0,2,3,2,7,False,Loyal Customers,Free checked bag + 10% loyalty discount + priority service,2
619918,8.666666666666666,3,108.0,1,3,1,5,False,Do Not Lose,Win-back: 18% off next 3 bookings + free upgrade + personalised re-engagement,1
619938,0.0,0,0.0,1,1,1,3,True,Hibernating,Soft re-engagement: 10% off + new feature notification (minimal investment),5
619971,0.0,1,274.0,3,1,1,5,False,Promising (Growth),First-booking incentive: 12% off + free cancellation on first 2 bookings,4
619983,0.0,1,608.0,3,1,1,5,False,Promising (Growth),First-booking incentive: 12% off + free cancellation on first 2 bookings,4
619988,0.0,0,0.0,1,1,1,3,True,Hibernating,Soft re-engagement: 10% off + new feature notification (minimal investment),5
620033,0.0,0,0.0,1,1,1,3,True,Hibernating,Soft re-engagement: 10% off + new feature notification (minimal investment),5
620274,7.666666666666665,3,968.0,1,3,2,6,False,Do Not Lose,Win-back: 18% off next 3 bookings + free upgrade + personalised re-engagement,1
620300,6.666666666666666,3,236.0,2,3,1,6,False,Loyal Customers,Free checked bag + 10% loyalty discount + priority service,2
620382,6.0,2,1163.15,2,2,2,6,False,Need Attention,Engagement bonus: 12% off + free baggage + loyalty enrolment incentive,3
620394,5.0,2,3288.0,3,2,3,8,False,Potential Champions,Frequency incentive: 10% off next 5 bookings + bundle deals + exclusive previews,3
620453,4.0,1,363.6,3,1,1,5,False,Promising (Growth),First-booking incentive: 12% off + free cancellation on first 2 bookings,4
620690,9.0,2,704.7,1,2,1,4,False,At Risk,Basic re-engagement: 12% off + flash sale notification,5
620719,0.0,1,1224.0,3,1,2,6,False,Promising (Growth),First-booking incentive: 12% off + free cancellation on first 2 bookings,4
620884,8.0,3,820.0,1,3,1,5,False,Do Not Lose,Win-back: 18% off next 3 bookings + free upgrade + personalised re-engagement,1
620972,6.333333333333333,3,1051.0,2,3,2,7,False,Loyal Customers,Free checked bag + 10% loyalty discount + priority service,2
620991,6.0,2,700.0,2,2,1,5,False,Need Attention,Engagement bonus: 12% off + free baggage + loyalty enrolment incentive,3
621072,7.0,1,356.0,2,1,1,4,False,About to Sleep,Re-engagement: 18% off + free hotel voucher + last-chance exclusive,4
621081,6.333333333333333,3,684.0,2,3,1,6,False,Loyal Customers,Free checked bag + 10% loyalty discount + priority service,2
621085,0.0,1,735.0,3,1,1,5,False,Promising (Growth),First-booking incentive: 12% off + free cancellation on first 2 bookings,4
621113,0.0,0,0.0,1,1,1,3,True,Hibernating,Soft re-engagement: 10% off + new feature notification (minimal investment),5
621150,0.0,0,0.0,1,1,1,3,True,Hibernating,Soft re-engagement: 10% off + new feature notification (minimal investment),5
621291,6.0,5,4348.0,2,3,3,8,False,Loyal Customers,Free checked bag + 10% loyalty discount + priority service,2
621552,0.0,0,0.0,1,1,1,3,True,Hibernating,Soft re-engagement: 10% off + new feature notification (minimal investment),5
621607,6.5,2,1075.0,2,2,2,6,False,Need Attention,Engagement bonus: 12% off + free baggage + loyalty enrolment incentive,3
621665,9.25,4,799.0,1,3,1,5,False,Do Not Lose,Win-back: 18% off next 3 bookings + free upgrade + personalised re-engagement,1
621811,7.0,2,489.0,2,2,1,5,False,Need Attention,Engagement bonus: 12% off + free baggage + loyalty enrolment incentive,3
621849,7.333333333333333,3,1576.0,2,3,2,7,False,Loyal Customers,Free checked bag + 10% loyalty discount + priority service,2
621922,8.0,1,294.0,1,1,1,3,False,Hibernating,Soft re-engagement: 10% off + new feature notification (minimal investment),5
622149,4.0,1,154.0,3,1,1,5,False,Promising (Growth),First-booking incentive: 12% off + free cancellation on first 2 bookings,4
622248,5.0,4,1484.0,3,3,2,8,False,Champions,Loyalty rewards + quarterly exclusive offers + referral bonus,2
622293,99.33333333333331,3,1356.0,1,3,2,6,False,Do Not Lose,Win-back: 18% off next 3 bookings + free upgrade + personalised re-engagement,1
622343,5.0,1,492.0,3,1,1,5,False,Promising (Growth),First-booking incentive: 12% off + free cancellation on first 2 bookings,4
622418,8.0,1,61.0,1,1,1,3,False,Hibernating,Soft re-engagement: 10% off + new feature notification (minimal investment),5
622464,7.0,2,0.0,2,2,1,5,False,Need Attention,Engagement bonus: 12% off + free baggage + loyalty enrolment incentive,3
622708,10.0,4,2369.2,1,3,3,7,False,Do Not Lose,Win-back: 18% off next 3 bookings + free upgrade + personalised re-engagement,1
622813,7.0,4,557.0,2,3,1,6,False,Loyal Customers,Free checked bag + 10% loyalty discount + priority service,2
623043,7.0,4,341.0,2,3,1,6,False,Loyal Customers,Free checked bag + 10% loyalty discount + priority service,2
623077,8.0,4,3290.0,1,3,3,7,False,Do Not Lose,Win-back: 18% off next 3 bookings + free upgrade + personalised re-engagement,1
623087,8.0,3,2507.0,1,3,3,7,False,Do Not Lose,Win-back: 18% off next 3 bookings + free upgrade + personalised re-engagement,1
623142,115.5,2,328.0,1,2,1,4,False,At Risk,Basic re-engagement: 12% off + flash sale notification,5
623417,0.0,0,0.0,1,1,1,3,True,Hibernating,Soft re-engagement: 10% off + new feature notification (minimal investment),5
623691,224.0,1,712.8,1,1,1,3,False,Hibernating,Soft re-engagement: 10% off + new feature notification (minimal investment),5
623750,6.5,2,1902.0,2,2,2,6,False,Need Attention,Engagement bonus: 12% off + free baggage + loyalty enrolment incentive,3
623815,6.333333333333333,3,570.0,2,3,1,6,False,Loyal Customers,Free checked bag + 10% loyalty discount + priority service,2
623850,5.0,5,4044.4,3,3,3,9,False,Champions,Loyalty rewards + quarterly exclusive offers + referral bonus,2
623935,224.0,2,2232.0,1,2,3,6,False,At Risk (High Value),Aggressive win-back: 22% off + lounge access + concierge outreach,1
623941,6.333333333333333,4,3688.0,2,3,3,8,False,Loyal Customers,Free checked bag + 10% loyalty discount + priority service,2
623949,8.666666666666666,3,1872.0,1,3,2,6,False,Do Not Lose,Win-back: 18% off next 3 bookings + free upgrade + personalised re-engagement,1
623972,6.0,3,1218.0,2,3,2,7,False,Loyal Customers,Free checked bag + 10% loyalty discount + priority service,2
624198,7.333333333333333,3,674.0,2,3,1,6,False,Loyal Customers,Free checked bag + 10% loyalty discount + priority service,2
624215,7.5,4,845.0,1,3,2,6,False,Do Not Lose,Win-back: 18% off next 3 bookings + free upgrade + personalised re-engagement,1
624258,10.0,1,843.0,1,1,2,4,False,Hibernating,Soft re-engagement: 10% off + new feature notification (minimal investment),5
624497,10.0,1,423.0,1,1,1,3,False,Hibernating,Soft re-engagement: 10% off + new feature notification (minimal investment),5
624593,4.5,2,719.0,3,2,1,6,False,Potential Champions,Frequency incentive: 10% off next 5 bookings + bundle deals + exclusive previews,3
624636,6.333333333333333,3,752.0,2,3,1,6,False,Loyal Customers,Free checked bag + 10% loyalty discount + priority service,2
624762,6.0,2,2830.0,2,2,3,7,False,Need Attention,Engagement bonus: 12% off + free baggage + loyalty enrolment incentive,3
624913,7.333333333333333,3,889.8,2,3,2,7,False,Loyal Customers,Free checked bag + 10% loyalty discount + priority service,2
625030,8.75,5,3954.0,1,3,3,7,False,Do Not Lose,Win-back: 18% off next 3 bookings + free upgrade + personalised re-engagement,1
625089,8.25,4,2765.5,1,3,3,7,False,Do Not Lose,Win-back: 18% off next 3 bookings + free upgrade + personalised re-engagement,1
625398,5.0,2,3525.6,3,2,3,8,False,Potential Champions,Frequency incentive: 10% off next 5 bookings + bundle deals + exclusive previews,3
625400,7.666666666666665,3,7140.0,1,3,3,7,False,Do Not Lose,Win-back: 18% off next 3 bookings + free upgrade + personalised re-engagement,1
625555,0.0,1,889.0,3,1,2,6,False,Promising (Growth),First-booking incentive: 12% off + free cancellation on first 2 bookings,4
625597,4.0,2,963.9,3,2,2,7,False,Potential Champions,Frequency incentive: 10% off next 5 bookings + bundle deals + exclusive previews,3
625700,0.0,0,0.0,1,1,1,3,True,Hibernating,Soft re-engagement: 10% off + new feature notification (minimal investment),5
625703,5.5,2,305.0,3,2,1,6,False,Potential Champions,Frequency incentive: 10% off next 5 bookings + bundle deals + exclusive previews,3
625984,4.666666666666666,3,879.6,3,3,2,8,False,Champions,Loyalty rewards + quarterly exclusive offers + referral bonus,2
626037,0.0,0,0.0,1,1,1,3,True,Hibernating,Soft re-engagement: 10% off + new feature notification (minimal investment),5
626067,0.0,0,0.0,1,1,1,3,True,Hibernating,Soft re-engagement: 10% off + new feature notification (minimal investment),5
626114,0.0,0,0.0,1,1,1,3,True,Hibernating,Soft re-engagement: 10% off + new feature notification (minimal investment),5
626249,0.0,0,0.0,1,1,1,3,True,Hibernating,Soft re-engagement: 10% off + new feature notification (minimal investment),5
626318,4.5,3,965.2,3,3,2,8,False,Champions,Loyalty rewards + quarterly exclusive offers + referral bonus,2
626329,5.0,1,406.0,3,1,1,5,False,Promising (Growth),First-booking incentive: 12% off + free cancellation on first 2 bookings,4
626519,6.333333333333333,3,949.0,2,3,2,7,False,Loyal Customers,Free checked bag + 10% loyalty discount + priority service,2
626520,7.5,2,622.0,1,2,1,4,False,At Risk,Basic re-engagement: 12% off + flash sale notification,5
626558,0.0,0,0.0,1,1,1,3,True,Hibernating,Soft re-engagement: 10% off + new feature notification (minimal investment),5
626587,0.0,1,693.0,3,1,1,5,False,Promising (Growth),First-booking incentive: 12% off + free cancellation on first 2 bookings,4
626645,6.666666666666666,3,6256.0,2,3,3,8,False,Loyal Customers,Free checked bag + 10% loyalty discount + priority service,2
626986,6.333333333333333,6,5135.0,2,3,3,8,False,Loyal Customers,Free checked bag + 10% loyalty discount + priority service,2
627041,7.0,2,126.0,2,2,1,5,False,Need Attention,Engagement bonus: 12% off + free baggage + loyalty enrolment incentive,3
627158,7.0,3,142.0,2,3,1,6,False,Loyal Customers,Free checked bag + 10% loyalty discount + priority service,2
627176,7.5,2,356.0,1,2,1,4,False,At Risk,Basic re-engagement: 12% off + flash sale notification,5
627436,6.0,2,1798.0,2,2,2,6,False,Need Attention,Engagement bonus: 12% off + free baggage + loyalty enrolment incentive,3
627451,6.666666666666666,3,342.0,2,3,1,6,False,Loyal Customers,Free checked bag + 10% loyalty discount + priority service,2
627475,0.0,0,0.0,1,1,1,3,True,Hibernating,Soft re-engagement: 10% off + new feature notification (minimal investment),5
627518,9.0,1,477.0,1,1,1,3,False,Hibernating,Soft re-engagement: 10% off + new feature notification (minimal investment),5
627617,5.0,2,1120.0,3,2,2,7,False,Potential Champions,Frequency incentive: 10% off next 5 bookings + bundle deals + exclusive previews,3
627729,0.0,0,0.0,1,1,1,3,True,Hibernating,Soft re-engagement: 10% off + new feature notification (minimal investment),5
627889,6.0,2,1764.0,2,2,2,6,False,Need Attention,Engagement bonus: 12% off + free baggage + loyalty enrolment incentive,3
627893,8.0,3,2758.0,1,3,3,7,False,Do Not Lose,Win-back: 18% off next 3 bookings + free upgrade + personalised re-engagement,1
627972,7.5,3,2573.7,1,3,3,7,False,Do Not Lose,Win-back: 18% off next 3 bookings + free upgrade + personalised re-engagement,1
628023,8.333333333333332,3,924.0,1,3,2,6,False,Do Not Lose,Win-back: 18% off next 3 bookings + free upgrade + personalised re-engagement,1
628033,9.666666666666666,4,9660.0,1,3,3,7,False,Do Not Lose,Win-back: 18% off next 3 bookings + free upgrade + personalised re-engagement,1
628570,7.6,5,3251.0,1,3,3,7,False,Do Not Lose,Win-back: 18% off next 3 bookings + free upgrade + personalised re-engagement,1
628653,5.333333333333333,3,1619.2,3,3,2,8,False,Champions,Loyalty rewards + quarterly exclusive offers + referral bonus,2
628671,6.5,2,514.0,2,2,1,5,False,Need Attention,Engagement bonus: 12% off + free baggage + loyalty enrolment incentive,3
628694,9.0,2,1005.0,1,2,2,5,False,At Risk,Basic re-engagement: 12% off + flash sale notification,5
628752,10.5,2,276.0,1,2,1,4,False,At Risk,Basic re-engagement: 12% off + flash sale notification,5
628762,0.0,1,424.0,3,1,1,5,False,Promising (Growth),First-booking incentive: 12% off + free cancellation on first 2 bookings,4
629345,0.0,1,6588.0,3,1,3,7,False,Promising (High-Value),Tiered loyalty benefits + early access to sales + free cancellation (2 bookings),1
629647,7.5,2,494.0,1,2,1,4,False,At Risk,Basic re-engagement: 12% off + flash sale notification,5
629701,6.333333333333333,4,2118.0,2,3,3,8,False,Loyal Customers,Free checked bag + 10% loyalty discount + priority service,2
629725,6.333333333333333,3,185.0,2,3,1,6,False,Loyal Customers,Free checked bag + 10% loyalty discount + priority service,2
629747,0.0,0,0.0,1,1,1,3,True,Hibernating,Soft re-engagement: 10% off + new feature notification (minimal investment),5
629803,7.333333333333333,3,1206.9,2,3,2,7,False,Loyal Customers,Free checked bag + 10% loyalty discount + priority service,2
629812,0.0,0,0.0,1,1,1,3,True,Hibernating,Soft re-engagement: 10% off + new feature notification (minimal investment),5
629877,5.0,2,3959.0,3,2,3,8,False,Potential Champions,Frequency incentive: 10% off next 5 bookings + bundle deals + exclusive previews,3
629952,6.0,3,1429.0,2,3,2,7,False,Loyal Customers,Free checked bag + 10% loyalty discount + priority service,2
630039,11.0,1,1002.0,1,1,2,4,False,Hibernating,Soft re-engagement: 10% off + new feature notification (minimal investment),5
630097,7.0,3,2399.0,2,3,3,8,False,Loyal Customers,Free checked bag + 10% loyalty discount + priority service,2
630176,8.0,1,0.0,1,1,1,3,False,Hibernating,Soft re-engagement: 10% off + new feature notification (minimal investment),5
630178,7.0,1,987.0,2,1,2,5,False,About to Sleep,Re-engagement: 18% off + free hotel voucher + last-chance exclusive,4
630267,6.0,2,5251.0,2,2,3,7,False,Need Attention,Engagement bonus: 12% off + free baggage + loyalty enrolment incentive,3
630607,0.0,0,0.0,1,1,1,3,True,Hibernating,Soft re-engagement: 10% off + new feature notification (minimal investment),5
630609,7.0,5,2579.3,2,3,3,8,False,Loyal Customers,Free checked bag + 10% loyalty discount + priority service,2
630694,8.0,2,288.0,1,2,1,4,False,At Risk,Basic re-engagement: 12% off + flash sale notification,5
630738,7.333333333333333,3,723.5,2,3,1,6,False,Loyal Customers,Free checked bag + 10% loyalty discount + priority service,2
630992,0.0,1,546.0,3,1,1,5,False,Promising (Growth),First-booking incentive: 12% off + free cancellation on first 2 bookings,4
631174,11.0,2,663.6,1,2,1,4,False,At Risk,Basic re-engagement: 12% off + flash sale notification,5
631201,6.0,2,5061.8,2,2,3,7,False,Need Attention,Engagement bonus: 12% off + free baggage + loyalty enrolment incentive,3
631319,6.0,2,1826.0,2,2,2,6,False,Need Attention,Engagement bonus: 12% off + free baggage + loyalty enrolment incentive,3
631384,0.0,0,0.0,1,1,1,3,True,Hibernating,Soft re-engagement: 10% off + new feature notification (minimal investment),5
631388,4.0,2,990.0,3,2,2,7,False,Potential Champions,Frequency incentive: 10% off next 5 bookings + bundle deals + exclusive previews,3
631448,0.0,2,1690.0,3,2,2,7,False,Potential Champions,Frequency incentive: 10% off next 5 bookings + bundle deals + exclusive previews,3
631477,4.0,1,132.0,3,1,1,5,False,Promising (Growth),First-booking incentive: 12% off + free cancellation on first 2 bookings,4
631787,6.5,3,690.4,2,3,1,6,False,Loyal Customers,Free checked bag + 10% loyalty discount + priority service,2
631872,0.0,0,0.0,1,1,1,3,True,Hibernating,Soft re-engagement: 10% off + new feature notification (minimal investment),5
631970,7.666666666666665,3,491.0,1,3,1,5,False,Do Not Lose,Win-back: 18% off next 3 bookings + free upgrade + personalised re-engagement,1
631975,3.0,1,0.0,3,1,1,5,False,Promising (Growth),First-booking incentive: 12% off + free cancellation on first 2 bookings,4
631993,6.5,2,486.2,2,2,1,5,False,Need Attention,Engagement bonus: 12% off + free baggage + loyalty enrolment incentive,3
632136,6.666666666666666,3,1729.0,2,3,2,7,False,Loyal Customers,Free checked bag + 10% loyalty discount + priority service,2
632239,8.0,1,141.0,1,1,1,3,False,Hibernating,Soft re-engagement: 10% off + new feature notification (minimal investment),5
632316,5.666666666666666,3,1218.0,3,3,2,8,False,Champions,Loyalty rewards + quarterly exclusive offers + referral bonus,2
632425,6.5,2,96.0,2,2,1,5,False,Need Attention,Engagement bonus: 12% off + free baggage + loyalty enrolment incentive,3
632461,5.0,1,0.0,3,1,1,5,False,Promising (Growth),First-booking incentive: 12% off + free cancellation on first 2 bookings,4
632475,0.0,1,468.0,3,1,1,5,False,Promising (Growth),First-booking incentive: 12% off + free cancellation on first 2 bookings,4
632631,8.5,2,1147.0,1,2,2,5,False,At Risk,Basic re-engagement: 12% off + flash sale notification,5
632665,8.0,1,1007.0,1,1,2,4,False,Hibernating,Soft re-engagement: 10% off + new feature notification (minimal investment),5
632749,4.5,2,803.2,3,2,1,6,False,Potential Champions,Frequency incentive: 10% off next 5 bookings + bundle deals + exclusive previews,3
632866,0.0,0,0.0,1,1,1,3,True,Hibernating,Soft re-engagement: 10% off + new feature notification (minimal investment),5
632965,7.2,6,7457.0,2,3,3,8,False,Loyal Customers,Free checked bag + 10% loyalty discount + priority service,2
632988,8.0,3,1884.0,1,3,2,6,False,Do Not Lose,Win-back: 18% off next 3 bookings + free upgrade + personalised re-engagement,1
633183,5.0,3,1321.5,3,3,2,8,False,Champions,Loyalty rewards + quarterly exclusive offers + referral bonus,2
633195,6.0,2,316.0,2,2,1,5,False,Need Attention,Engagement bonus: 12% off + free baggage + loyalty enrolment incentive,3
633235,0.0,1,392.0,3,1,1,5,False,Promising (Growth),First-booking incentive: 12% off + free cancellation on first 2 bookings,4
633314,6.5,2,997.75,2,2,2,6,False,Need Attention,Engagement bonus: 12% off + free baggage + loyalty enrolment incentive,3
633406,6.0,2,512.0,2,2,1,5,False,Need Attention,Engagement bonus: 12% off + free baggage + loyalty enrolment incentive,3
633725,7.666666666666665,6,1674.6,1,3,2,6,False,Do Not Lose,Win-back: 18% off next 3 bookings + free upgrade + personalised re-engagement,1
633972,0.0,0,0.0,1,1,1,3,True,Hibernating,Soft re-engagement: 10% off + new feature notification (minimal investment),5
634130,3.0,4,5343.0,3,3,3,9,False,Champions,Loyalty rewards + quarterly exclusive offers + referral bonus,2
634601,0.0,0,0.0,1,1,1,3,True,Hibernating,Soft re-engagement: 10% off + new feature notification (minimal investment),5
634739,0.0,0,0.0,1,1,1,3,True,Hibernating,Soft re-engagement: 10% off + new feature notification (minimal investment),5
634795,10.0,2,465.0,1,2,1,4,False,At Risk,Basic re-engagement: 12% off + flash sale notification,5
634824,6.0,2,269.0,2,2,1,5,False,Need Attention,Engagement bonus: 12% off + free baggage + loyalty enrolment incentive,3
635249,7.666666666666665,3,371.0,1,3,1,5,False,Do Not Lose,Win-back: 18% off next 3 bookings + free upgrade + personalised re-engagement,1
635300,5.4,6,3044.1,3,3,3,9,False,Champions,Loyalty rewards + quarterly exclusive offers + referral bonus,2
635303,7.25,4,5484.0,2,3,3,8,False,Loyal Customers,Free checked bag + 10% loyalty discount + priority service,2
635375,0.0,1,1932.0,3,1,2,6,False,Promising (Growth),First-booking incentive: 12% off + free cancellation on first 2 bookings,4
635442,6.5,4,1450.0,2,3,2,7,False,Loyal Customers,Free checked bag + 10% loyalty discount + priority service,2
635576,7.5,4,777.0,1,3,1,5,False,Do Not Lose,Win-back: 18% off next 3 bookings + free upgrade + personalised re-engagement,1
635587,5.5,2,590.0,3,2,1,6,False,Potential Champions,Frequency incentive: 10% off next 5 bookings + bundle deals + exclusive previews,3
635666,0.0,0,0.0,1,1,1,3,True,Hibernating,Soft re-engagement: 10% off + new feature notification (minimal investment),5
635790,7.0,4,522.0,2,3,1,6,False,Loyal Customers,Free checked bag + 10% loyalty discount + priority service,2
635861,4.0,1,358.0,3,1,1,5,False,Promising (Growth),First-booking incentive: 12% off + free cancellation on first 2 bookings,4
635949,6.0,4,1874.0,2,3,2,7,False,Loyal Customers,Free checked bag + 10% loyalty discount + priority service,2
636078,7.0,3,142.0,2,3,1,6,False,Loyal Customers,Free checked bag + 10% loyalty discount + priority service,2
636102,6.8,5,1121.8,2,3,2,7,False,Loyal Customers,Free checked bag + 10% loyalty discount + priority service,2
636251,0.0,1,1890.0,3,1,2,6,False,Promising (Growth),First-booking incentive: 12% off + free cancellation on first 2 bookings,4
636520,7.0,1,4140.0,2,1,3,6,False,About to Sleep,Re-engagement: 18% off + free hotel voucher + last-chance exclusive,4
636524,7.0,4,1838.2,2,3,2,7,False,Loyal Customers,Free checked bag + 10% loyalty discount + priority service,2
636526,5.0,1,273.6,3,1,1,5,False,Promising (Growth),First-booking incentive: 12% off + free cancellation on first 2 bookings,4
636739,4.0,1,419.0,3,1,1,5,False,Promising (Growth),First-booking incentive: 12% off + free cancellation on first 2 bookings,4
636873,7.8,5,2715.4,1,3,3,7,False,Do Not Lose,Win-back: 18% off next 3 bookings + free upgrade + personalised re-engagement,1
636874,7.333333333333333,3,1284.0,2,3,2,7,False,Loyal Customers,Free checked bag + 10% loyalty discount + priority service,2
636966,7.5,3,1282.0,1,3,2,6,False,Do Not Lose,Win-back: 18% off next 3 bookings + free upgrade + personalised re-engagement,1
637075,8.0,1,579.0,1,1,1,3,False,Hibernating,Soft re-engagement: 10% off + new feature notification (minimal investment),5
637086,7.333333333333333,4,1955.0,2,3,2,7,False,Loyal Customers,Free checked bag + 10% loyalty discount + priority service,2
637421,4.0,3,1320.0,3,3,2,8,False,Champions,Loyalty rewards + quarterly exclusive offers + referral bonus,2
637457,5.5,2,595.0,3,2,1,6,False,Potential Champions,Frequency incentive: 10% off next 5 bookings + bundle deals + exclusive previews,3
637555,0.0,0,0.0,1,1,1,3,True,Hibernating,Soft re-engagement: 10% off + new feature notification (minimal investment),5
637633,5.0,3,463.0,3,3,1,7,False,Champions,Loyalty rewards + quarterly exclusive offers + referral bonus,2
637687,6.5,4,1168.0,2,3,2,7,False,Loyal Customers,Free checked bag + 10% loyalty discount + priority service,2
638140,6.5,2,670.0,2,2,1,5,False,Need Attention,Engagement bonus: 12% off + free baggage + loyalty enrolment incentive,3
638162,6.0,6,2875.0,2,3,3,8,False,Loyal Customers,Free checked bag + 10% loyalty discount + priority service,2
638237,0.0,0,0.0,1,1,1,3,True,Hibernating,Soft re-engagement: 10% off + new feature notification (minimal investment),5
638565,6.0,3,471.0,2,3,1,6,False,Loyal Customers,Free checked bag + 10% loyalty discount + priority service,2
638576,7.666666666666665,3,1317.0,1,3,2,6,False,Do Not Lose,Win-back: 18% off next 3 bookings + free upgrade + personalised re-engagement,1
638580,0.0,2,2017.0,3,2,2,7,False,Potential Champions,Frequency incentive: 10% off next 5 bookings + bundle deals + exclusive previews,3
638598,14.0,1,219.0,1,1,1,3,False,Hibernating,Soft re-engagement: 10% off + new feature notification (minimal investment),5
638600,0.0,0,0.0,1,1,1,3,True,Hibernating,Soft re-engagement: 10% off + new feature notification (minimal investment),5
638874,8.0,2,146.0,1,2,1,4,False,At Risk,Basic re-engagement: 12% off + flash sale notification,5
639009,7.333333333333333,3,773.0,2,3,1,6,False,Loyal Customers,Free checked bag + 10% loyalty discount + priority service,2
639168,5.5,2,3567.7,3,2,3,8,False,Potential Champions,Frequency incentive: 10% off next 5 bookings + bundle deals + exclusive previews,3
639458,7.0,3,528.0,2,3,1,6,False,Loyal Customers,Free checked bag + 10% loyalty discount + priority service,2
639510,7.5,2,815.0,1,2,1,4,False,At Risk,Basic re-engagement: 12% off + flash sale notification,5
639554,6.0,2,1340.0,2,2,2,6,False,Need Attention,Engagement bonus: 12% off + free baggage + loyalty enrolment incentive,3
639571,7.5,3,2653.0,1,3,3,7,False,Do Not Lose,Win-back: 18% off next 3 bookings + free upgrade + personalised re-engagement,1
639894,8.0,2,5671.0,1,2,3,6,False,At Risk (High Value),Aggressive win-back: 22% off + lounge access + concierge outreach,1
640451,0.0,0,0.0,1,1,1,3,True,Hibernating,Soft re-engagement: 10% off + new feature notification (minimal investment),5
640580,6.333333333333333,3,2466.4,2,3,3,8,False,Loyal Customers,Free checked bag + 10% loyalty discount + priority service,2
640649,8.0,2,2552.0,1,2,3,6,False,At Risk (High Value),Aggressive win-back: 22% off + lounge access + concierge outreach,1
640689,5.333333333333333,3,1069.0,3,3,2,8,False,Champions,Loyalty rewards + quarterly exclusive offers + referral bonus,2
640715,6.25,4,2128.6,2,3,3,8,False,Loyal Customers,Free checked bag + 10% loyalty discount + priority service,2
640849,8.5,4,797.2,1,3,1,5,False,Do Not Lose,Win-back: 18% off next 3 bookings + free upgrade + personalised re-engagement,1
640867,8.0,2,1037.0,1,2,2,5,False,At Risk,Basic re-engagement: 12% off + flash sale notification,5
640968,5.0,2,981.0,3,2,2,7,False,Potential Champions,Frequency incentive: 10% off next 5 bookings + bundle deals + exclusive previews,3
641012,5.5,3,1724.0,3,3,2,8,False,Champions,Loyalty rewards + quarterly exclusive offers + referral bonus,2
641102,8.5,3,3934.0,1,3,3,7,False,Do Not Lose,Win-back: 18% off next 3 bookings + free upgrade + personalised re-engagement,1
641106,8.0,3,605.2,1,3,1,5,False,Do Not Lose,Win-back: 18% off next 3 bookings + free upgrade + personalised re-engagement,1
641310,3.0,1,1716.0,3,1,2,6,False,Promising (Growth),First-booking incentive: 12% off + free cancellation on first 2 bookings,4
641364,6.6,5,926.1,2,3,2,7,False,Loyal Customers,Free checked bag + 10% loyalty discount + priority service,2
641529,0.0,2,2550.0,3,2,3,8,False,Potential Champions,Frequency incentive: 10% off next 5 bookings + bundle deals + exclusive previews,3
641537,8.0,2,1036.9,1,2,2,5,False,At Risk,Basic re-engagement: 12% off + flash sale notification,5
642215,0.0,0,0.0,1,1,1,3,True,Hibernating,Soft re-engagement: 10% off + new feature notification (minimal investment),5
642344,9.5,4,3134.6,1,3,3,7,False,Do Not Lose,Win-back: 18% off next 3 bookings + free upgrade + personalised re-engagement,1
642364,10.0,1,0.0,1,1,1,3,False,Hibernating,Soft re-engagement: 10% off + new feature notification (minimal investment),5
642553,8.0,1,366.0,1,1,1,3,False,Hibernating,Soft re-engagement: 10% off + new feature notification (minimal investment),5
642578,9.0,3,415.5,1,3,1,5,False,Do Not Lose,Win-back: 18% off next 3 bookings + free upgrade + personalised re-engagement,1
642679,7.2,5,3802.0,2,3,3,8,False,Loyal Customers,Free checked bag + 10% loyalty discount + priority service,2
642786,7.5,3,4396.0,1,3,3,7,False,Do Not Lose,Win-back: 18% off next 3 bookings + free upgrade + personalised re-engagement,1
642820,5.5,2,1172.0,3,2,2,7,False,Potential Champions,Frequency incentive: 10% off next 5 bookings + bundle deals + exclusive previews,3
643324,0.0,0,0.0,1,1,1,3,True,Hibernating,Soft re-engagement: 10% off + new feature notification (minimal investment),5
643344,8.0,2,298.0,1,2,1,4,False,At Risk,Basic re-engagement: 12% off + flash sale notification,5
643359,7.0,1,258.0,2,1,1,4,False,About to Sleep,Re-engagement: 18% off + free hotel voucher + last-chance exclusive,4
643469,11.0,3,4445.0,1,3,3,7,False,Do Not Lose,Win-back: 18% off next 3 bookings + free upgrade + personalised re-engagement,1
643645,6.666666666666666,4,1366.0,2,3,2,7,False,Loyal Customers,Free checked bag + 10% loyalty discount + priority service,2
643714,6.0,1,140.0,2,1,1,4,False,About to Sleep,Re-engagement: 18% off + free hotel voucher + last-chance exclusive,4
643929,6.0,2,2994.0,2,2,3,7,False,Need Attention,Engagement bonus: 12% off + free baggage + loyalty enrolment incentive,3
644438,0.0,0,0.0,1,1,1,3,True,Hibernating,Soft re-engagement: 10% off + new feature notification (minimal investment),5
644467,9.666666666666666,3,849.2,1,3,2,6,False,Do Not Lose,Win-back: 18% off next 3 bookings + free upgrade + personalised re-engagement,1
644639,0.0,0,0.0,1,1,1,3,True,Hibernating,Soft re-engagement: 10% off + new feature notification (minimal investment),5
644784,6.0,1,456.0,2,1,1,4,False,About to Sleep,Re-engagement: 18% off + free hotel voucher + last-chance exclusive,4
644870,7.666666666666665,5,2186.5,1,3,3,7,False,Do Not Lose,Win-back: 18% off next 3 bookings + free upgrade + personalised re-engagement,1
645022,0.0,1,445.0,3,1,1,5,False,Promising (Growth),First-booking incentive: 12% off + free cancellation on first 2 bookings,4
645047,4.0,3,1454.0,3,3,2,8,False,Champions,Loyalty rewards + quarterly exclusive offers + referral bonus,2
645168,108.0,3,477.0,1,3,1,5,False,Do Not Lose,Win-back: 18% off next 3 bookings + free upgrade + personalised re-engagement,1
645415,4.0,2,3795.0,3,2,3,8,False,Potential Champions,Frequency incentive: 10% off next 5 bookings + bundle deals + exclusive previews,3
645488,0.0,0,0.0,1,1,1,3,True,Hibernating,Soft re-engagement: 10% off + new feature notification (minimal investment),5
645664,0.0,1,5280.0,3,1,3,7,False,Promising (High-Value),Tiered loyalty benefits + early access to sales + free cancellation (2 bookings),1
645685,6.25,4,897.25,2,3,2,7,False,Loyal Customers,Free checked bag + 10% loyalty discount + priority service,2
645933,9.5,2,1190.0,1,2,2,5,False,At Risk,Basic re-engagement: 12% off + flash sale notification,5
645939,0.0,0,0.0,1,1,1,3,True,Hibernating,Soft re-engagement: 10% off + new feature notification (minimal investment),5
646127,0.0,0,0.0,1,1,1,3,True,Hibernating,Soft re-engagement: 10% off + new feature notification (minimal investment),5
646197,0.0,0,0.0,1,1,1,3,True,Hibernating,Soft re-engagement: 10% off + new feature notification (minimal investment),5
646257,9.0,1,639.0,1,1,1,3,False,Hibernating,Soft re-engagement: 10% off + new feature notification (minimal investment),5
646259,0.0,2,1999.0,3,2,2,7,False,Potential Champions,Frequency incentive: 10% off next 5 bookings + bundle deals + exclusive previews,3
646405,9.0,2,1391.0,1,2,2,5,False,At Risk,Basic re-engagement: 12% off + flash sale notification,5
646424,8.0,2,4671.6,1,2,3,6,False,At Risk (High Value),Aggressive win-back: 22% off + lounge access + concierge outreach,1
646455,8.75,4,3609.0,1,3,3,7,False,Do Not Lose,Win-back: 18% off next 3 bookings + free upgrade + personalised re-engagement,1
646933,6.5,2,3465.0,2,2,3,7,False,Need Attention,Engagement bonus: 12% off + free baggage + loyalty enrolment incentive,3
646937,5.333333333333333,3,1687.0,3,3,2,8,False,Champions,Loyalty rewards + quarterly exclusive offers + referral bonus,2
647016,0.0,1,2268.0,3,1,3,7,False,Promising (High-Value),Tiered loyalty benefits + early access to sales + free cancellation (2 bookings),1
647555,9.0,1,232.0,1,1,1,3,False,Hibernating,Soft re-engagement: 10% off + new feature notification (minimal investment),5
647597,6.0,1,0.0,2,1,1,4,False,About to Sleep,Re-engagement: 18% off + free hotel voucher + last-chance exclusive,4
647638,0.0,1,315.0,3,1,1,5,False,Promising (Growth),First-booking incentive: 12% off + free cancellation on first 2 bookings,4
647662,8.0,2,722.0,1,2,1,4,False,At Risk,Basic re-engagement: 12% off + flash sale notification,5
647674,7.333333333333333,4,1296.0,2,3,2,7,False,Loyal Customers,Free checked bag + 10% loyalty discount + priority service,2
647804,6.0,2,2624.2,2,2,3,7,False,Need Attention,Engagement bonus: 12% off + free baggage + loyalty enrolment incentive,3
647862,0.0,1,1016.0,3,1,2,6,False,Promising (Growth),First-booking incentive: 12% off + free cancellation on first 2 bookings,4
648201,0.0,0,0.0,1,1,1,3,True,Hibernating,Soft re-engagement: 10% off + new feature notification (minimal investment),5
648379,6.0,1,980.0,2,1,2,5,False,About to Sleep,Re-engagement: 18% off + free hotel voucher + last-chance exclusive,4
648852,4.5,2,276.0,3,2,1,6,False,Potential Champions,Frequency incentive: 10% off next 5 bookings + bundle deals + exclusive previews,3
648983,6.0,4,1816.3,2,3,2,7,False,Loyal Customers,Free checked bag + 10% loyalty discount + priority service,2
648990,7.666666666666665,3,2255.0,1,3,3,7,False,Do Not Lose,Win-back: 18% off next 3 bookings + free upgrade + personalised re-engagement,1
649080,6.0,2,888.0,2,2,2,6,False,Need Attention,Engagement bonus: 12% off + free baggage + loyalty enrolment incentive,3
649081,4.75,4,900.0,3,3,2,8,False,Champions,Loyalty rewards + quarterly exclusive offers + referral bonus,2
649208,11.0,1,1008.0,1,1,2,4,False,Hibernating,Soft re-engagement: 10% off + new feature notification (minimal investment),5
649378,7.8,5,2417.2,1,3,3,7,False,Do Not Lose,Win-back: 18% off next 3 bookings + free upgrade + personalised re-engagement,1
649935,0.0,0,0.0,1,1,1,3,True,Hibernating,Soft re-engagement: 10% off + new feature notification (minimal investment),5
650049,280.0,1,2928.0,1,1,3,5,False,Hibernating,Soft re-engagement: 10% off + new feature notification (minimal investment),5
650055,6.0,2,185.0,2,2,1,5,False,Need Attention,Engagement bonus: 12% off + free baggage + loyalty enrolment incentive,3
650079,6.0,2,1190.0,2,2,2,6,False,Need Attention,Engagement bonus: 12% off + free baggage + loyalty enrolment incentive,3
650606,0.0,0,0.0,1,1,1,3,True,Hibernating,Soft re-engagement: 10% off + new feature notification (minimal investment),5
650901,6.5,4,3079.0,2,3,3,8,False,Loyal Customers,Free checked bag + 10% loyalty discount + priority service,2
651018,6.0,1,0.0,2,1,1,4,False,About to Sleep,Re-engagement: 18% off + free hotel voucher + last-chance exclusive,4
651030,9.5,3,580.0,1,3,1,5,False,Do Not Lose,Win-back: 18% off next 3 bookings + free upgrade + personalised re-engagement,1
651193,90.66666666666666,3,2282.0,1,3,3,7,False,Do Not Lose,Win-back: 18% off next 3 bookings + free upgrade + personalised re-engagement,1
651201,7.5,4,1211.7,1,3,2,6,False,Do Not Lose,Win-back: 18% off next 3 bookings + free upgrade + personalised re-engagement,1
651269,8.25,4,767.7,1,3,1,5,False,Do Not Lose,Win-back: 18% off next 3 bookings + free upgrade + personalised re-engagement,1
651274,0.0,0,0.0,1,1,1,3,True,Hibernating,Soft re-engagement: 10% off + new feature notification (minimal investment),5
651390,6.0,1,0.0,2,1,1,4,False,About to Sleep,Re-engagement: 18% off + free hotel voucher + last-chance exclusive,4
651491,8.0,4,2329.25,1,3,3,7,False,Do Not Lose,Win-back: 18% off next 3 bookings + free upgrade + personalised re-engagement,1
651613,6.5,4,2434.0,2,3,3,8,False,Loyal Customers,Free checked bag + 10% loyalty discount + priority service,2
651675,5.333333333333333,3,442.4,3,3,1,7,False,Champions,Loyalty rewards + quarterly exclusive offers + referral bonus,2
651744,8.0,2,796.5,1,2,1,4,False,At Risk,Basic re-engagement: 12% off + flash sale notification,5
651805,6.5,2,712.0,2,2,1,5,False,Need Attention,Engagement bonus: 12% off + free baggage + loyalty enrolment incentive,3
651818,11.5,2,504.0,1,2,1,4,False,At Risk,Basic re-engagement: 12% off + flash sale notification,5
651828,7.0,2,1258.0,2,2,2,6,False,Need Attention,Engagement bonus: 12% off + free baggage + loyalty enrolment incentive,3
651941,0.0,1,108.0,3,1,1,5,False,Promising (Growth),First-booking incentive: 12% off + free cancellation on first 2 bookings,4
651960,0.0,0,0.0,1,1,1,3,True,Hibernating,Soft re-engagement: 10% off + new feature notification (minimal investment),5
652003,0.0,0,0.0,1,1,1,3,True,Hibernating,Soft re-engagement: 10% off + new feature notification (minimal investment),5
652040,5.333333333333333,3,1147.05,3,3,2,8,False,Champions,Loyalty rewards + quarterly exclusive offers + referral bonus,2
652190,0.0,0,0.0,1,1,1,3,True,Hibernating,Soft re-engagement: 10% off + new feature notification (minimal investment),5
652359,11.333333333333332,3,4732.0,1,3,3,7,False,Do Not Lose,Win-back: 18% off next 3 bookings + free upgrade + personalised re-engagement,1
652416,8.5,2,1042.0,1,2,2,5,False,At Risk,Basic re-engagement: 12% off + flash sale notification,5
652527,4.0,1,193.0,3,1,1,5,False,Promising (Growth),First-booking incentive: 12% off + free cancellation on first 2 bookings,4
652737,7.0,1,2280.0,2,1,3,6,False,About to Sleep,Re-engagement: 18% off + free hotel voucher + last-chance exclusive,4
653197,0.0,0,0.0,1,1,1,3,True,Hibernating,Soft re-engagement: 10% off + new feature notification (minimal investment),5
653228,0.0,0,0.0,1,1,1,3,True,Hibernating,Soft re-engagement: 10% off + new feature notification (minimal investment),5
653281,4.5,4,3900.5,3,3,3,9,False,Champions,Loyalty rewards + quarterly exclusive offers + referral bonus,2
653332,6.0,1,600.0,2,1,1,4,False,About to Sleep,Re-engagement: 18% off + free hotel voucher + last-chance exclusive,4
653640,117.5,2,2426.0,1,2,3,6,False,At Risk (High Value),Aggressive win-back: 22% off + lounge access + concierge outreach,1
653724,7.25,4,2057.0,2,3,3,8,False,Loyal Customers,Free checked bag + 10% loyalty discount + priority service,2
653838,6.0,2,372.0,2,2,1,5,False,Need Attention,Engagement bonus: 12% off + free baggage + loyalty enrolment incentive,3
653852,6.0,1,0.0,2,1,1,4,False,About to Sleep,Re-engagement: 18% off + free hotel voucher + last-chance exclusive,4
654233,6.0,4,1429.2,2,3,2,7,False,Loyal Customers,Free checked bag + 10% loyalty discount + priority service,2
654259,6.4,5,4196.0,2,3,3,8,False,Loyal Customers,Free checked bag + 10% loyalty discount + priority service,2
654395,5.5,2,778.0,3,2,1,6,False,Potential Champions,Frequency incentive: 10% off next 5 bookings + bundle deals + exclusive previews,3
654687,5.0,3,808.0,3,3,1,7,False,Champions,Loyalty rewards + quarterly exclusive offers + referral bonus,2
654913,9.0,2,6632.0,1,2,3,6,False,At Risk (High Value),Aggressive win-back: 22% off + lounge access + concierge outreach,1
655022,0.0,0,0.0,1,1,1,3,True,Hibernating,Soft re-engagement: 10% off + new feature notification (minimal investment),5
655051,12.0,1,280.0,1,1,1,3,False,Hibernating,Soft re-engagement: 10% off + new feature notification (minimal investment),5
655166,0.0,0,0.0,1,1,1,3,True,Hibernating,Soft re-engagement: 10% off + new feature notification (minimal investment),5
655300,8.0,2,1044.5,1,2,2,5,False,At Risk,Basic re-engagement: 12% off + flash sale notification,5
655499,12.0,2,965.6,1,2,2,5,False,At Risk,Basic re-engagement: 12% off + flash sale notification,5
656150,3.0,1,801.0,3,1,1,5,False,Promising (Growth),First-booking incentive: 12% off + free cancellation on first 2 bookings,4
656346,7.0,2,1986.0,2,2,2,6,False,Need Attention,Engagement bonus: 12% off + free baggage + loyalty enrolment incentive,3
656422,6.75,4,1400.0,2,3,2,7,False,Loyal Customers,Free checked bag + 10% loyalty discount + priority service,2
656471,6.0,1,544.0,2,1,1,4,False,About to Sleep,Re-engagement: 18% off + free hotel voucher + last-chance exclusive,4
656560,4.0,1,464.0,3,1,1,5,False,Promising (Growth),First-booking incentive: 12% off + free cancellation on first 2 bookings,4
656626,0.0,0,0.0,1,1,1,3,True,Hibernating,Soft re-engagement: 10% off + new feature notification (minimal investment),5
656708,10.0,2,586.0,1,2,1,4,False,At Risk,Basic re-engagement: 12% off + flash sale notification,5
656850,0.0,0,0.0,1,1,1,3,True,Hibernating,Soft re-engagement: 10% off + new feature notification (minimal investment),5
656873,7.666666666666665,3,609.0,1,3,1,5,False,Do Not Lose,Win-back: 18% off next 3 bookings + free upgrade + personalised re-engagement,1
656920,7.0,3,1464.0,2,3,2,7,False,Loyal Customers,Free checked bag + 10% loyalty discount + priority service,2
657122,6.0,2,915.0,2,2,2,6,False,Need Attention,Engagement bonus: 12% off + free baggage + loyalty enrolment incentive,3
657343,0.0,0,0.0,1,1,1,3,True,Hibernating,Soft re-engagement: 10% off + new feature notification (minimal investment),5
657514,0.0,0,0.0,1,1,1,3,True,Hibernating,Soft re-engagement: 10% off + new feature notification (minimal investment),5
657591,6.333333333333333,4,2163.35,2,3,3,8,False,Loyal Customers,Free checked bag + 10% loyalty discount + priority service,2
657629,9.666666666666666,4,2095.7,1,3,3,7,False,Do Not Lose,Win-back: 18% off next 3 bookings + free upgrade + personalised re-engagement,1
657796,6.0,1,136.0,2,1,1,4,False,About to Sleep,Re-engagement: 18% off + free hotel voucher + last-chance exclusive,4
658234,6.0,1,0.0,2,1,1,4,False,About to Sleep,Re-engagement: 18% off + free hotel voucher + last-chance exclusive,4
658528,8.0,1,359.0,1,1,1,3,False,Hibernating,Soft re-engagement: 10% off + new feature notification (minimal investment),5
658774,11.0,2,8280.0,1,2,3,6,False,At Risk (High Value),Aggressive win-back: 22% off + lounge access + concierge outreach,1
659128,7.8,5,1449.0,1,3,2,6,False,Do Not Lose,Win-back: 18% off next 3 bookings + free upgrade + personalised re-engagement,1
659161,7.4,5,2251.0,2,3,3,8,False,Loyal Customers,Free checked bag + 10% loyalty discount + priority service,2
659162,6.75,4,2865.0,2,3,3,8,False,Loyal Customers,Free checked bag + 10% loyalty discount + priority service,2
659360,0.0,0,0.0,1,1,1,3,True,Hibernating,Soft re-engagement: 10% off + new feature notification (minimal investment),5
659664,6.2,5,578.0,2,3,1,6,False,Loyal Customers,Free checked bag + 10% loyalty discount + priority service,2
659744,4.5,4,4142.0,3,3,3,9,False,Champions,Loyalty rewards + quarterly exclusive offers + referral bonus,2
659832,6.5,4,787.8,2,3,1,6,False,Loyal Customers,Free checked bag + 10% loyalty discount + priority service,2
660110,5.5,2,962.0,3,2,2,7,False,Potential Champions,Frequency incentive: 10% off next 5 bookings + bundle deals + exclusive previews,3
660821,0.0,0,0.0,1,1,1,3,True,Hibernating,Soft re-engagement: 10% off + new feature notification (minimal investment),5
660894,0.0,0,0.0,1,1,1,3,True,Hibernating,Soft re-engagement: 10% off + new feature notification (minimal investment),5
660903,0.0,0,0.0,1,1,1,3,True,Hibernating,Soft re-engagement: 10% off + new feature notification (minimal investment),5
660959,0.0,0,0.0,1,1,1,3,True,Hibernating,Soft re-engagement: 10% off + new feature notification (minimal investment),5
661614,0.0,1,2376.0,3,1,3,7,False,Promising (High-Value),Tiered loyalty benefits + early access to sales + free cancellation (2 bookings),1
661639,8.0,1,424.0,1,1,1,3,False,Hibernating,Soft re-engagement: 10% off + new feature notification (minimal investment),5
661697,5.0,2,1100.0,3,2,2,7,False,Potential Champions,Frequency incentive: 10% off next 5 bookings + bundle deals + exclusive previews,3
661930,0.0,1,2135.0,3,1,3,7,False,Promising (High-Value),Tiered loyalty benefits + early access to sales + free cancellation (2 bookings),1
662010,5.75,4,3679.0,3,3,3,9,False,Champions,Loyalty rewards + quarterly exclusive offers + referral bonus,2
662535,8.0,1,238.0,1,1,1,3,False,Hibernating,Soft re-engagement: 10% off + new feature notification (minimal investment),5
662596,4.0,1,0.0,3,1,1,5,False,Promising (Growth),First-booking incentive: 12% off + free cancellation on first 2 bookings,4
662750,0.0,0,0.0,1,1,1,3,True,Hibernating,Soft re-engagement: 10% off + new feature notification (minimal investment),5
663017,6.5,4,3784.35,2,3,3,8,False,Loyal Customers,Free checked bag + 10% loyalty discount + priority service,2
663376,4.0,1,0.0,3,1,1,5,False,Promising (Growth),First-booking incentive: 12% off + free cancellation on first 2 bookings,4
663565,6.0,4,15620.0,2,3,3,8,False,Loyal Customers,Free checked bag + 10% loyalty discount + priority service,2
664084,10.0,1,218.0,1,1,1,3,False,Hibernating,Soft re-engagement: 10% off + new feature notification (minimal investment),5
664119,0.0,1,1893.6,3,1,2,6,False,Promising (Growth),First-booking incentive: 12% off + free cancellation on first 2 bookings,4
664401,6.5,2,741.0,2,2,1,5,False,Need Attention,Engagement bonus: 12% off + free baggage + loyalty enrolment incentive,3
664405,6.0,1,95.95,2,1,1,4,False,About to Sleep,Re-engagement: 18% off + free hotel voucher + last-chance exclusive,4
664617,5.0,4,4432.0,3,3,3,9,False,Champions,Loyalty rewards + quarterly exclusive offers + referral bonus,2
664663,8.75,5,2777.8,1,3,3,7,False,Do Not Lose,Win-back: 18% off next 3 bookings + free upgrade + personalised re-engagement,1
664998,9.5,2,240.0,1,2,1,4,False,At Risk,Basic re-engagement: 12% off + flash sale notification,5
665329,6.0,3,1003.0,2,3,2,7,False,Loyal Customers,Free checked bag + 10% loyalty discount + priority service,2
665397,7.5,2,942.0,1,2,2,5,False,At Risk,Basic re-engagement: 12% off + flash sale notification,5
665505,6.75,5,2501.0,2,3,3,8,False,Loyal Customers,Free checked bag + 10% loyalty discount + priority service,2
665593,6.666666666666666,3,2312.0,2,3,3,8,False,Loyal Customers,Free checked bag + 10% loyalty discount + priority service,2
665676,8.0,1,402.0,1,1,1,3,False,Hibernating,Soft re-engagement: 10% off + new feature notification (minimal investment),5
665746,252.0,1,0.0,1,1,1,3,False,Hibernating,Soft re-engagement: 10% off + new feature notification (minimal investment),5
665887,5.0,5,1648.0,3,3,2,8,False,Champions,Loyalty rewards + quarterly exclusive offers + referral bonus,2
665892,8.0,5,3130.4,1,3,3,7,False,Do Not Lose,Win-back: 18% off next 3 bookings + free upgrade + personalised re-engagement,1
665980,0.0,0,0.0,1,1,1,3,True,Hibernating,Soft re-engagement: 10% off + new feature notification (minimal investment),5
666049,7.0,2,2442.0,2,2,3,7,False,Need Attention,Engagement bonus: 12% off + free baggage + loyalty enrolment incentive,3
666174,7.0,1,604.0,2,1,1,4,False,About to Sleep,Re-engagement: 18% off + free hotel voucher + last-chance exclusive,4
666292,0.0,0,0.0,1,1,1,3,True,Hibernating,Soft re-engagement: 10% off + new feature notification (minimal investment),5
666718,5.0,2,209.0,3,2,1,6,False,Potential Champions,Frequency incentive: 10% off next 5 bookings + bundle deals + exclusive previews,3
666942,0.0,0,0.0,1,1,1,3,True,Hibernating,Soft re-engagement: 10% off + new feature notification (minimal investment),5
667299,0.0,0,0.0,1,1,1,3,True,Hibernating,Soft re-engagement: 10% off + new feature notification (minimal investment),5
667536,8.0,2,198.0,1,2,1,4,False,At Risk,Basic re-engagement: 12% off + flash sale notification,5
667643,0.0,0,0.0,1,1,1,3,True,Hibernating,Soft re-engagement: 10% off + new feature notification (minimal investment),5
667718,6.0,2,308.0,2,2,1,5,False,Need Attention,Engagement bonus: 12% off + free baggage + loyalty enrolment incentive,3
667916,90.66666666666666,3,657.0,1,3,1,5,False,Do Not Lose,Win-back: 18% off next 3 bookings + free upgrade + personalised re-engagement,1
667929,10.0,1,0.0,1,1,1,3,False,Hibernating,Soft re-engagement: 10% off + new feature notification (minimal investment),5
667981,7.0,3,3270.0,2,3,3,8,False,Loyal Customers,Free checked bag + 10% loyalty discount + priority service,2
668083,252.0,2,220.0,1,2,1,4,False,At Risk,Basic re-engagement: 12% off + flash sale notification,5
668172,6.333333333333333,3,1027.0,2,3,2,7,False,Loyal Customers,Free checked bag + 10% loyalty discount + priority service,2
668677,8.5,2,870.0,1,2,2,5,False,At Risk,Basic re-engagement: 12% off + flash sale notification,5
668776,4.5,3,4535.0,3,3,3,9,False,Champions,Loyalty rewards + quarterly exclusive offers + referral bonus,2
669140,5.0,2,288.0,3,2,1,6,False,Potential Champions,Frequency incentive: 10% off next 5 bookings + bundle deals + exclusive previews,3
669155,0.0,1,1550.4,3,1,2,6,False,Promising (Growth),First-booking incentive: 12% off + free cancellation on first 2 bookings,4
669329,7.0,2,22356.0,2,2,3,7,False,Need Attention,Engagement bonus: 12% off + free baggage + loyalty enrolment incentive,3
669348,5.0,2,532.0,3,2,1,6,False,Potential Champions,Frequency incentive: 10% off next 5 bookings + bundle deals + exclusive previews,3
669356,13.0,1,705.0,1,1,1,3,False,Hibernating,Soft re-engagement: 10% off + new feature notification (minimal investment),5
669449,4.0,1,722.5,3,1,1,5,False,Promising (Growth),First-booking incentive: 12% off + free cancellation on first 2 bookings,4
670471,7.5,2,916.0,1,2,2,5,False,At Risk,Basic re-engagement: 12% off + flash sale notification,5
670626,8.333333333333332,4,2220.0,1,3,3,7,False,Do Not Lose,Win-back: 18% off next 3 bookings + free upgrade + personalised re-engagement,1
670971,9.0,1,0.0,1,1,1,3,False,Hibernating,Soft re-engagement: 10% off + new feature notification (minimal investment),5
671066,4.0,1,552.0,3,1,1,5,False,Promising (Growth),First-booking incentive: 12% off + free cancellation on first 2 bookings,4
671151,4.0,3,1270.0,3,3,2,8,False,Champions,Loyalty rewards + quarterly exclusive offers + referral bonus,2
671367,7.0,7,7798.0,2,3,3,8,False,Loyal Customers,Free checked bag + 10% loyalty discount + priority service,2
671368,10.0,1,804.0,1,1,1,3,False,Hibernating,Soft re-engagement: 10% off + new feature notification (minimal investment),5
671975,7.0,3,685.85,2,3,1,6,False,Loyal Customers,Free checked bag + 10% loyalty discount + priority service,2
671999,0.0,0,0.0,1,1,1,3,True,Hibernating,Soft re-engagement: 10% off + new feature notification (minimal investment),5
672009,7.5,2,828.0,1,2,1,4,False,At Risk,Basic re-engagement: 12% off + flash sale notification,5
672112,13.0,4,1692.0,1,3,2,6,False,Do Not Lose,Win-back: 18% off next 3 bookings + free upgrade + personalised re-engagement,1
672468,8.5,5,3241.2,1,3,3,7,False,Do Not Lose,Win-back: 18% off next 3 bookings + free upgrade + personalised re-engagement,1
673076,5.0,1,346.0,3,1,1,5,False,Promising (Growth),First-booking incentive: 12% off + free cancellation on first 2 bookings,4
673286,0.0,2,2270.0,3,2,3,8,False,Potential Champions,Frequency incentive: 10% off next 5 bookings + bundle deals + exclusive previews,3
673874,6.0,1,1331.0,2,1,2,5,False,About to Sleep,Re-engagement: 18% off + free hotel voucher + last-chance exclusive,4
674375,6.0,2,1090.9,2,2,2,6,False,Need Attention,Engagement bonus: 12% off + free baggage + loyalty enrolment incentive,3
675053,7.666666666666665,3,2787.0,1,3,3,7,False,Do Not Lose,Win-back: 18% off next 3 bookings + free upgrade + personalised re-engagement,1
675201,7.4,6,3100.45,2,3,3,8,False,Loyal Customers,Free checked bag + 10% loyalty discount + priority service,2
675594,7.333333333333333,3,473.4,2,3,1,6,False,Loyal Customers,Free checked bag + 10% loyalty discount + priority service,2
676043,0.0,0,0.0,1,1,1,3,True,Hibernating,Soft re-engagement: 10% off + new feature notification (minimal investment),5
676373,5.0,2,2424.0,3,2,3,8,False,Potential Champions,Frequency incentive: 10% off next 5 bookings + bundle deals + exclusive previews,3
676570,6.0,1,2448.0,2,1,3,6,False,About to Sleep,Re-engagement: 18% off + free hotel voucher + last-chance exclusive,4
676707,4.0,1,0.0,3,1,1,5,False,Promising (Growth),First-booking incentive: 12% off + free cancellation on first 2 bookings,4
676762,6.75,4,2525.2,2,3,3,8,False,Loyal Customers,Free checked bag + 10% loyalty discount + priority service,2
677209,10.0,1,216.0,1,1,1,3,False,Hibernating,Soft re-engagement: 10% off + new feature notification (minimal investment),5
677842,0.0,0,0.0,1,1,1,3,True,Hibernating,Soft re-engagement: 10% off + new feature notification (minimal investment),5
677896,8.0,2,852.0,1,2,2,5,False,At Risk,Basic re-engagement: 12% off + flash sale notification,5
678536,0.0,1,901.0,3,1,2,6,False,Promising (Growth),First-booking incentive: 12% off + free cancellation on first 2 bookings,4
678547,3.0,2,3834.0,3,2,3,8,False,Potential Champions,Frequency incentive: 10% off next 5 bookings + bundle deals + exclusive previews,3
678888,5.0,2,1025.0,3,2,2,7,False,Potential Champions,Frequency incentive: 10% off next 5 bookings + bundle deals + exclusive previews,3
679040,7.0,3,745.95,2,3,1,6,False,Loyal Customers,Free checked bag + 10% loyalty discount + priority service,2
679047,11.0,2,1320.0,1,2,2,5,False,At Risk,Basic re-engagement: 12% off + flash sale notification,5
679066,7.333333333333333,3,2241.0,2,3,3,8,False,Loyal Customers,Free checked bag + 10% loyalty discount + priority service,2
679442,10.0,1,332.0,1,1,1,3,False,Hibernating,Soft re-engagement: 10% off + new feature notification (minimal investment),5
679611,5.25,5,2327.0,3,3,3,9,False,Champions,Loyalty rewards + quarterly exclusive offers + referral bonus,2
679831,0.0,0,0.0,1,1,1,3,True,Hibernating,Soft re-engagement: 10% off + new feature notification (minimal investment),5
680424,5.0,3,1927.0,3,3,2,8,False,Champions,Loyalty rewards + quarterly exclusive offers + referral bonus,2
680735,6.333333333333333,3,1605.0,2,3,2,7,False,Loyal Customers,Free checked bag + 10% loyalty discount + priority service,2
681050,6.0,2,420.0,2,2,1,5,False,Need Attention,Engagement bonus: 12% off + free baggage + loyalty enrolment incentive,3
681581,6.333333333333333,3,4071.0,2,3,3,8,False,Loyal Customers,Free checked bag + 10% loyalty discount + priority service,2
681720,9.5,4,908.0,1,3,2,6,False,Do Not Lose,Win-back: 18% off next 3 bookings + free upgrade + personalised re-engagement,1
682005,0.0,2,1054.0,3,2,2,7,False,Potential Champions,Frequency incentive: 10% off next 5 bookings + bundle deals + exclusive previews,3
682247,6.666666666666666,3,6441.0,2,3,3,8,False,Loyal Customers,Free checked bag + 10% loyalty discount + priority service,2
683014,6.0,3,3686.0,2,3,3,8,False,Loyal Customers,Free checked bag + 10% loyalty discount + priority service,2
683663,0.0,1,564.0,3,1,1,5,False,Promising (Growth),First-booking incentive: 12% off + free cancellation on first 2 bookings,4
683976,0.0,1,280.0,3,1,1,5,False,Promising (Growth),First-booking incentive: 12% off + free cancellation on first 2 bookings,4
683978,8.0,3,1091.0,1,3,2,6,False,Do Not Lose,Win-back: 18% off next 3 bookings + free upgrade + personalised re-engagement,1
684510,6.0,3,7944.0,2,3,3,8,False,Loyal Customers,Free checked bag + 10% loyalty discount + priority service,2
684521,5.0,2,3920.0,3,2,3,8,False,Potential Champions,Frequency incentive: 10% off next 5 bookings + bundle deals + exclusive previews,3
684543,8.0,2,1259.4,1,2,2,5,False,At Risk,Basic re-engagement: 12% off + flash sale notification,5
684764,15.0,1,245.0,1,1,1,3,False,Hibernating,Soft re-engagement: 10% off + new feature notification (minimal investment),5
684806,5.25,4,1319.0,3,3,2,8,False,Champions,Loyalty rewards + quarterly exclusive offers + referral bonus,2
685594,7.0,1,1261.6,2,1,2,5,False,About to Sleep,Re-engagement: 18% off + free hotel voucher + last-chance exclusive,4
685604,8.0,1,2340.0,1,1,3,5,False,Hibernating,Soft re-engagement: 10% off + new feature notification (minimal investment),5
685958,0.0,0,0.0,1,1,1,3,True,Hibernating,Soft re-engagement: 10% off + new feature notification (minimal investment),5
686165,7.4,5,1634.0,2,3,2,7,False,Loyal Customers,Free checked bag + 10% loyalty discount + priority service,2
686408,10.0,4,5559.2,1,3,3,7,False,Do Not Lose,Win-back: 18% off next 3 bookings + free upgrade + personalised re-engagement,1
686445,0.0,1,1020.0,3,1,2,6,False,Promising (Growth),First-booking incentive: 12% off + free cancellation on first 2 bookings,4
686509,7.0,1,112.0,2,1,1,4,False,About to Sleep,Re-engagement: 18% off + free hotel voucher + last-chance exclusive,4
686915,0.0,0,0.0,1,1,1,3,True,Hibernating,Soft re-engagement: 10% off + new feature notification (minimal investment),5
686920,7.5,2,2310.0,1,2,3,6,False,At Risk (High Value),Aggressive win-back: 22% off + lounge access + concierge outreach,1
688312,0.0,0,0.0,1,1,1,3,True,Hibernating,Soft re-engagement: 10% off + new feature notification (minimal investment),5
688600,10.0,2,6225.0,1,2,3,6,False,At Risk (High Value),Aggressive win-back: 22% off + lounge access + concierge outreach,1
689037,8.666666666666666,3,1498.0,1,3,2,6,False,Do Not Lose,Win-back: 18% off next 3 bookings + free upgrade + personalised re-engagement,1
689374,6.0,1,258.0,2,1,1,4,False,About to Sleep,Re-engagement: 18% off + free hotel voucher + last-chance exclusive,4
689456,0.0,1,3144.0,3,1,3,7,False,Promising (High-Value),Tiered loyalty benefits + early access to sales + free cancellation (2 bookings),1
689624,7.0,3,2594.5,2,3,3,8,False,Loyal Customers,Free checked bag + 10% loyalty discount + priority service,2
689984,5.5,3,1286.0,3,3,2,8,False,Champions,Loyalty rewards + quarterly exclusive offers + referral bonus,2
690420,6.0,3,736.2,2,3,1,6,False,Loyal Customers,Free checked bag + 10% loyalty discount + priority service,2
690422,5.0,3,1657.0,3,3,2,8,False,Champions,Loyalty rewards + quarterly exclusive offers + referral bonus,2
691334,6.333333333333333,3,1558.0,2,3,2,7,False,Loyal Customers,Free checked bag + 10% loyalty discount + priority service,2
691541,0.0,0,0.0,1,1,1,3,True,Hibernating,Soft re-engagement: 10% off + new feature notification (minimal investment),5
691546,6.2,5,1260.0,2,3,2,7,False,Loyal Customers,Free checked bag + 10% loyalty discount + priority service,2
692211,0.0,0,0.0,1,1,1,3,True,Hibernating,Soft re-engagement: 10% off + new feature notification (minimal investment),5
692510,7.0,3,895.2,2,3,2,7,False,Loyal Customers,Free checked bag + 10% loyalty discount + priority service,2
693301,9.0,2,464.0,1,2,1,4,False,At Risk,Basic re-engagement: 12% off + flash sale notification,5
693729,8.0,2,525.0,1,2,1,4,False,At Risk,Basic re-engagement: 12% off + flash sale notification,5
693765,8.25,4,1384.0,1,3,2,6,False,Do Not Lose,Win-back: 18% off next 3 bookings + free upgrade + personalised re-engagement,1
694265,0.0,0,0.0,1,1,1,3,True,Hibernating,Soft re-engagement: 10% off + new feature notification (minimal investment),5
695011,5.5,2,150.0,3,2,1,6,False,Potential Champions,Frequency incentive: 10% off next 5 bookings + bundle deals + exclusive previews,3
695094,6.0,1,392.0,2,1,1,4,False,About to Sleep,Re-engagement: 18% off + free hotel voucher + last-chance exclusive,4
695132,8.5,2,388.8,1,2,1,4,False,At Risk,Basic re-engagement: 12% off + flash sale notification,5
695307,8.0,2,204.0,1,2,1,4,False,At Risk,Basic re-engagement: 12% off + flash sale notification,5
695557,6.75,4,2663.6,2,3,3,8,False,Loyal Customers,Free checked bag + 10% loyalty discount + priority service,2
696475,5.0,4,2998.0,3,3,3,9,False,Champions,Loyalty rewards + quarterly exclusive offers + referral bonus,2
697072,5.333333333333333,3,1016.2,3,3,2,8,False,Champions,Loyalty rewards + quarterly exclusive offers + referral bonus,2
698291,5.666666666666666,3,1752.0,3,3,2,8,False,Champions,Loyalty rewards + quarterly exclusive offers + referral bonus,2
698573,5.666666666666666,3,3942.0,3,3,3,9,False,Champions,Loyalty rewards + quarterly exclusive offers + referral bonus,2
699040,9.0,1,0.0,1,1,1,3,False,Hibernating,Soft re-engagement: 10% off + new feature notification (minimal investment),5
699411,6.333333333333333,3,1348.0,2,3,2,7,False,Loyal Customers,Free checked bag + 10% loyalty discount + priority service,2
700028,6.0,2,1563.0,2,2,2,6,False,Need Attention,Engagement bonus: 12% off + free baggage + loyalty enrolment incentive,3
700237,7.5,2,889.0,1,2,2,5,False,At Risk,Basic re-engagement: 12% off + flash sale notification,5
700289,0.0,1,1447.2,3,1,2,6,False,Promising (Growth),First-booking incentive: 12% off + free cancellation on first 2 bookings,4
700666,0.0,1,7700.0,3,1,3,7,False,Promising (High-Value),Tiered loyalty benefits + early access to sales + free cancellation (2 bookings),1
701565,8.666666666666666,3,603.6,1,3,1,5,False,Do Not Lose,Win-back: 18% off next 3 bookings + free upgrade + personalised re-engagement,1
702595,6.0,3,779.0,2,3,1,6,False,Loyal Customers,Free checked bag + 10% loyalty discount + priority service,2
702877,4.0,2,2430.0,3,2,3,8,False,Potential Champions,Frequency incentive: 10% off next 5 bookings + bundle deals + exclusive previews,3
703333,7.0,1,452.0,2,1,1,4,False,About to Sleep,Re-engagement: 18% off + free hotel voucher + last-chance exclusive,4
704652,5.666666666666666,3,766.0,3,3,1,7,False,Champions,Loyalty rewards + quarterly exclusive offers + referral bonus,2
704870,6.666666666666666,3,4768.0,2,3,3,8,False,Loyal Customers,Free checked bag + 10% loyalty discount + priority service,2
705215,5.666666666666666,4,4548.0,3,3,3,9,False,Champions,Loyalty rewards + quarterly exclusive offers + referral bonus,2
705310,6.0,2,290.0,2,2,1,5,False,Need Attention,Engagement bonus: 12% off + free baggage + loyalty enrolment incentive,3
705984,0.0,0,0.0,1,1,1,3,True,Hibernating,Soft re-engagement: 10% off + new feature notification (minimal investment),5
707260,5.666666666666666,3,549.0,3,3,1,7,False,Champions,Loyalty rewards + quarterly exclusive offers + referral bonus,2
707402,0.0,0,0.0,1,1,1,3,True,Hibernating,Soft re-engagement: 10% off + new feature notification (minimal investment),5
707525,117.0,3,4160.0,1,3,3,7,False,Do Not Lose,Win-back: 18% off next 3 bookings + free upgrade + personalised re-engagement,1
708887,0.0,2,7824.0,3,2,3,8,False,Potential Champions,Frequency incentive: 10% off next 5 bookings + bundle deals + exclusive previews,3
709630,0.0,0,0.0,1,1,1,3,True,Hibernating,Soft re-engagement: 10% off + new feature notification (minimal investment),5
710489,7.666666666666665,3,1239.0,1,3,2,6,False,Do Not Lose,Win-back: 18% off next 3 bookings + free upgrade + personalised re-engagement,1
710523,0.0,0,0.0,1,1,1,3,True,Hibernating,Soft re-engagement: 10% off + new feature notification (minimal investment),5
711391,8.5,4,993.0,1,3,2,6,False,Do Not Lose,Win-back: 18% off next 3 bookings + free upgrade + personalised re-engagement,1
713557,5.5,2,1074.0,3,2,2,7,False,Potential Champions,Frequency incentive: 10% off next 5 bookings + bundle deals + exclusive previews,3
714166,4.0,1,592.0,3,1,1,5,False,Promising (Growth),First-booking incentive: 12% off + free cancellation on first 2 bookings,4
714420,10.0,2,1596.7,1,2,2,5,False,At Risk,Basic re-engagement: 12% off + flash sale notification,5
714504,7.0,2,631.2,2,2,1,5,False,Need Attention,Engagement bonus: 12% off + free baggage + loyalty enrolment incentive,3
714565,6.333333333333333,6,2307.0,2,3,3,8,False,Loyal Customers,Free checked bag + 10% loyalty discount + priority service,2
715059,8.0,3,640.6,1,3,1,5,False,Do Not Lose,Win-back: 18% off next 3 bookings + free upgrade + personalised re-engagement,1
716337,3.0,2,1256.0,3,2,2,7,False,Potential Champions,Frequency incentive: 10% off next 5 bookings + bundle deals + exclusive previews,3
716801,0.0,1,138.0,3,1,1,5,False,Promising (Growth),First-booking incentive: 12% off + free cancellation on first 2 bookings,4
717149,3.0,1,0.0,3,1,1,5,False,Promising (Growth),First-booking incentive: 12% off + free cancellation on first 2 bookings,4
717546,10.5,2,558.0,1,2,1,4,False,At Risk,Basic re-engagement: 12% off + flash sale notification,5
720819,4.0,1,220.5,3,1,1,5,False,Promising (Growth),First-booking incentive: 12% off + free cancellation on first 2 bookings,4
720860,6.5,4,2247.0,2,3,3,8,False,Loyal Customers,Free checked bag + 10% loyalty discount + priority service,2
721496,6.0,2,2275.6,2,2,3,7,False,Need Attention,Engagement bonus: 12% off + free baggage + loyalty enrolment incentive,3
721552,7.0,1,438.0,2,1,1,4,False,About to Sleep,Re-engagement: 18% off + free hotel voucher + last-chance exclusive,4
721570,0.0,1,1258.0,3,1,2,6,False,Promising (Growth),First-booking incentive: 12% off + free cancellation on first 2 bookings,4
722828,11.0,2,721.0,1,2,1,4,False,At Risk,Basic re-engagement: 12% off + flash sale notification,5
722939,10.0,1,172.0,1,1,1,3,False,Hibernating,Soft re-engagement: 10% off + new feature notification (minimal investment),5
724581,7.0,5,621.0,2,3,1,6,False,Loyal Customers,Free checked bag + 10% loyalty discount + priority service,2
725357,0.0,0,0.0,1,1,1,3,True,Hibernating,Soft re-engagement: 10% off + new feature notification (minimal investment),5
726953,7.75,4,1712.0,1,3,2,6,False,Do Not Lose,Win-back: 18% off next 3 bookings + free upgrade + personalised re-engagement,1
727886,6.5,2,147.0,2,2,1,5,False,Need Attention,Engagement bonus: 12% off + free baggage + loyalty enrolment incentive,3
728820,0.0,1,450.0,3,1,1,5,False,Promising (Growth),First-booking incentive: 12% off + free cancellation on first 2 bookings,4
730639,0.0,2,19836.0,3,2,3,8,False,Potential Champions,Frequency incentive: 10% off next 5 bookings + bundle deals + exclusive previews,3
732729,6.333333333333333,5,5011.4,2,3,3,8,False,Loyal Customers,Free checked bag + 10% loyalty discount + priority service,2
733654,0.0,0,0.0,1,1,1,3,True,Hibernating,Soft re-engagement: 10% off + new feature notification (minimal investment),5
734565,7.0,2,713.0,2,2,1,5,False,Need Attention,Engagement bonus: 12% off + free baggage + loyalty enrolment incentive,3
735029,4.666666666666666,3,1982.0,3,3,2,8,False,Champions,Loyalty rewards + quarterly exclusive offers + referral bonus,2
736075,7.0,2,294.0,2,2,1,5,False,Need Attention,Engagement bonus: 12% off + free baggage + loyalty enrolment incentive,3
736833,8.0,1,0.0,1,1,1,3,False,Hibernating,Soft re-engagement: 10% off + new feature notification (minimal investment),5
739139,0.0,0,0.0,1,1,1,3,True,Hibernating,Soft re-engagement: 10% off + new feature notification (minimal investment),5
739518,5.666666666666666,3,2459.1,3,3,3,9,False,Champions,Loyalty rewards + quarterly exclusive offers + referral bonus,2
739734,0.0,1,264.0,3,1,1,5,False,Promising (Growth),First-booking incentive: 12% off + free cancellation on first 2 bookings,4
741190,0.0,0,0.0,1,1,1,3,True,Hibernating,Soft re-engagement: 10% off + new feature notification (minimal investment),5
741773,6.0,1,304.0,2,1,1,4,False,About to Sleep,Re-engagement: 18% off + free hotel voucher + last-chance exclusive,4
741902,6.0,1,276.0,2,1,1,4,False,About to Sleep,Re-engagement: 18% off + free hotel voucher + last-chance exclusive,4
742639,8.0,2,245.6,1,2,1,4,False,At Risk,Basic re-engagement: 12% off + flash sale notification,5
743151,0.0,0,0.0,1,1,1,3,True,Hibernating,Soft re-engagement: 10% off + new feature notification (minimal investment),5
745292,8.0,1,440.0,1,1,1,3,False,Hibernating,Soft re-engagement: 10% off + new feature notification (minimal investment),5
746934,0.0,0,0.0,1,1,1,3,True,Hibernating,Soft re-engagement: 10% off + new feature notification (minimal investment),5
748759,0.0,0,0.0,1,1,1,3,True,Hibernating,Soft re-engagement: 10% off + new feature notification (minimal investment),5
750982,6.25,4,266.0,2,3,1,6,False,Loyal Customers,Free checked bag + 10% loyalty discount + priority service,2
751545,7.0,3,4272.2,2,3,3,8,False,Loyal Customers,Free checked bag + 10% loyalty discount + priority service,2
752933,0.0,1,3298.4,3,1,3,7,False,Promising (High-Value),Tiered loyalty benefits + early access to sales + free cancellation (2 bookings),1
756030,5.666666666666666,3,1441.0,3,3,2,8,False,Champions,Loyalty rewards + quarterly exclusive offers + referral bonus,2
756434,4.0,2,1120.0,3,2,2,7,False,Potential Champions,Frequency incentive: 10% off next 5 bookings + bundle deals + exclusive previews,3
757930,8.0,4,2180.0,1,3,3,7,False,Do Not Lose,Win-back: 18% off next 3 bookings + free upgrade + personalised re-engagement,1
760304,8.0,2,924.0,1,2,2,5,False,At Risk,Basic re-engagement: 12% off + flash sale notification,5
760793,5.5,3,2664.0,3,3,3,9,False,Champions,Loyalty rewards + quarterly exclusive offers + referral bonus,2
763129,0.0,1,1641.6,3,1,2,6,False,Promising (Growth),First-booking incentive: 12% off + free cancellation on first 2 bookings,4
763792,0.0,1,420.0,3,1,1,5,False,Promising (Growth),First-booking incentive: 12% off + free cancellation on first 2 bookings,4
765745,7.0,2,399.0,2,2,1,5,False,Need Attention,Engagement bonus: 12% off + free baggage + loyalty enrolment incentive,3
767426,8.5,4,2906.0,1,3,3,7,False,Do Not Lose,Win-back: 18% off next 3 bookings + free upgrade + personalised re-engagement,1
768291,143.5,2,3170.0,1,2,3,6,False,At Risk (High Value),Aggressive win-back: 22% off + lounge access + concierge outreach,1
770252,0.0,0,0.0,1,1,1,3,True,Hibernating,Soft re-engagement: 10% off + new feature notification (minimal investment),5
774666,4.0,2,585.0,3,2,1,6,False,Potential Champions,Frequency incentive: 10% off next 5 bookings + bundle deals + exclusive previews,3
777366,8.0,1,628.0,1,1,1,3,False,Hibernating,Soft re-engagement: 10% off + new feature notification (minimal investment),5
777846,9.0,2,1222.0,1,2,2,5,False,At Risk,Basic re-engagement: 12% off + flash sale notification,5
780167,4.5,2,220.0,3,2,1,6,False,Potential Champions,Frequency incentive: 10% off next 5 bookings + bundle deals + exclusive previews,3
785107,6.666666666666666,4,876.55,2,3,2,7,False,Loyal Customers,Free checked bag + 10% loyalty discount + priority service,2
785186,3.5,2,184.0,3,2,1,6,False,Potential Champions,Frequency incentive: 10% off next 5 bookings + bundle deals + exclusive previews,3
792549,4.75,4,144.0,3,3,1,7,False,Champions,Loyalty rewards + quarterly exclusive offers + referral bonus,2
796032,7.0,2,1261.0,2,2,2,6,False,Need Attention,Engagement bonus: 12% off + free baggage + loyalty enrolment incentive,3
801660,6.0,3,872.0,2,3,2,7,False,Loyal Customers,Free checked bag + 10% loyalty discount + priority service,2
811077,10.0,1,852.0,1,1,2,4,False,Hibernating,Soft re-engagement: 10% off + new feature notification (minimal investment),5
844489,0.0,0,0.0,1,1,1,3,True,Hibernating,Soft re-engagement: 10% off + new feature notification (minimal investment),5
